row_index,pd_at_horizon,survshap_top1,treeshap_top1,top1_same,top4_overlap,survshap_reasons,treeshap_reasons
1651258,0.3008,Number of recent inquiries on credit bureau report,Number of recent inquiries on credit bureau report,True,1.0,Number of recent inquiries on credit bureau report; Amount of credit requested is high in relation to income; Number of accounts currently open; Proportion of available bankcard credit currently in use,Number of recent inquiries on credit bureau report; Amount of credit requested is high in relation to income; Number of accounts currently open; Proportion of available bankcard credit currently in use
1164868,0.5625,Purpose of the credit requested,Purpose of the credit requested,True,1.0,Purpose of the credit requested; Amount of credit requested is high in relation to income; Excessive obligations in relation to income; Number of accounts opened recently,Purpose of the credit requested; Amount of credit requested is high in relation to income; Number of accounts opened recently; Excessive obligations in relation to income
11792,0.5201,Amount of credit requested is high in relation to income,Amount of credit requested is high in relation to income,True,1.0,Amount of credit requested is high in relation to income; Excessive obligations in relation to income; Credit bureau score and the credit history behind it; Type of residence,Amount of credit requested is high in relation to income; Excessive obligations in relation to income; Credit bureau score and the credit history behind it; Type of residence
216530,0.4146,Amount of credit requested is high in relation to income,Credit bureau score and the credit history behind it,False,1.0,Amount of credit requested is high in relation to income; Excessive obligations in relation to income; Credit bureau score and the credit history behind it; Type of residence,Credit bureau score and the credit history behind it; Amount of credit requested is high in relation to income; Excessive obligations in relation to income; Type of residence
2039152,0.3737,Number of accounts opened recently,Number of accounts opened recently,True,0.75,Number of accounts opened recently; Amount of credit requested; Excessive obligations in relation to income; Length of employment,Number of accounts opened recently; Amount of credit requested; Credit bureau score and the credit history behind it; Length of employment
1951320,0.3525,Amount of credit requested is high in relation to income,Amount of credit requested is high in relation to income,True,0.75,Amount of credit requested is high in relation to income; Number of accounts opened recently; Purpose of the credit requested; Amount of revolving credit available,Amount of credit requested is high in relation to income; Number of accounts opened recently; Purpose of the credit requested; Unable to verify income
738945,0.432,Amount of credit requested is high in relation to income,Amount of credit requested is high in relation to income,True,1.0,Amount of credit requested is high in relation to income; Type of residence; Recency of inquiries on credit bureau report; Credit bureau score and the credit history behind it,Amount of credit requested is high in relation to income; Credit bureau score and the credit history behind it; Type of residence; Recency of inquiries on credit bureau report
1656655,0.4353,Number of accounts opened recently,Number of accounts opened recently,True,1.0,Number of accounts opened recently; Credit bureau score and the credit history behind it; Excessive obligations in relation to income; Type of residence,Number of accounts opened recently; Credit bureau score and the credit history behind it; Type of residence; Excessive obligations in relation to income
1931004,0.3024,Amount of credit requested is high in relation to income,Amount of credit requested is high in relation to income,True,1.0,Amount of credit requested is high in relation to income; Number of recent inquiries on credit bureau report; Proportion of available revolving credit currently in use; Type of residence,Amount of credit requested is high in relation to income; Number of recent inquiries on credit bureau report; Proportion of available revolving credit currently in use; Type of residence
80373,0.3871,Number of accounts opened recently,Number of accounts opened recently,True,1.0,Number of accounts opened recently; Excessive obligations in relation to income; Type of residence; Recency of inquiries on credit bureau report,Number of accounts opened recently; Excessive obligations in relation to income; Type of residence; Recency of inquiries on credit bureau report
1184374,0.4018,Number of accounts opened recently,Number of accounts opened recently,True,1.0,Number of accounts opened recently; Amount of credit requested; Recency of inquiries on credit bureau report; Number of recent inquiries on credit bureau report,Number of accounts opened recently; Amount of credit requested; Recency of inquiries on credit bureau report; Number of recent inquiries on credit bureau report
943198,0.3261,Number of accounts opened recently,Number of accounts opened recently,True,0.75,Number of accounts opened recently; Type of residence; Purpose of the credit requested; Number of bankcard accounts near their credit limit,Number of accounts opened recently; Purpose of the credit requested; Credit bureau score and the credit history behind it; Type of residence
2219304,0.4281,Number of accounts opened recently,Number of accounts opened recently,True,0.75,Number of accounts opened recently; Amount of credit requested is high in relation to income; Excessive obligations in relation to income; Type of residence,Number of accounts opened recently; Amount of credit requested is high in relation to income; Excessive obligations in relation to income; Recency of inquiries on credit bureau report
75374,0.3166,Number of accounts opened recently,Number of accounts opened recently,True,1.0,Number of accounts opened recently; Purpose of the credit requested; Credit bureau score and the credit history behind it; Type of residence,Number of accounts opened recently; Purpose of the credit requested; Credit bureau score and the credit history behind it; Type of residence
781536,0.3442,Number of recent inquiries on credit bureau report,Number of recent inquiries on credit bureau report,True,1.0,Number of recent inquiries on credit bureau report; Recency of inquiries on credit bureau report; Credit bureau score and the credit history behind it; Number of bankcard accounts near their credit limit,Number of recent inquiries on credit bureau report; Credit bureau score and the credit history behind it; Recency of inquiries on credit bureau report; Number of bankcard accounts near their credit limit
1798700,0.3427,Excessive obligations in relation to income,Number of accounts opened recently,False,1.0,Excessive obligations in relation to income; Number of accounts opened recently; Credit bureau score and the credit history behind it; Unable to verify income,Number of accounts opened recently; Excessive obligations in relation to income; Credit bureau score and the credit history behind it; Unable to verify income
1032049,0.3109,Number of accounts opened recently,Number of accounts opened recently,True,1.0,Number of accounts opened recently; Number of recent inquiries on credit bureau report; Recency of inquiries on credit bureau report; Type of residence,Number of accounts opened recently; Number of recent inquiries on credit bureau report; Recency of inquiries on credit bureau report; Type of residence
1999379,0.3932,Amount of credit requested is high in relation to income,Credit bureau score and the credit history behind it,False,0.75,Amount of credit requested is high in relation to income; Credit bureau score and the credit history behind it; Amount of credit requested; Proportion of available bankcard credit currently in use,Credit bureau score and the credit history behind it; Amount of credit requested is high in relation to income; Amount of credit requested; Number of accounts opened recently
1741824,0.393,Amount of credit requested is high in relation to income,Amount of credit requested is high in relation to income,True,1.0,Amount of credit requested is high in relation to income; Proportion of available bankcard credit currently in use; Type of residence; Credit bureau score and the credit history behind it,Amount of credit requested is high in relation to income; Credit bureau score and the credit history behind it; Proportion of available bankcard credit currently in use; Type of residence
1155404,0.5894,Amount of credit requested is high in relation to income,Amount of credit requested is high in relation to income,True,1.0,Amount of credit requested is high in relation to income; Credit bureau score and the credit history behind it; Number of accounts opened recently; Recency of inquiries on credit bureau report,Amount of credit requested is high in relation to income; Credit bureau score and the credit history behind it; Number of accounts opened recently; Recency of inquiries on credit bureau report
1775648,0.3115,Number of accounts opened recently,Number of accounts opened recently,True,0.75,Number of accounts opened recently; Length of employment; Amount of credit requested is high in relation to income; Number of recent inquiries on credit bureau report,Number of accounts opened recently; Length of employment; Number of recent inquiries on credit bureau report; Recency of inquiries on credit bureau report
1329329,0.4853,Purpose of the credit requested,Purpose of the credit requested,True,1.0,Purpose of the credit requested; Number of recent inquiries on credit bureau report; Amount of credit requested is high in relation to income; Credit bureau score and the credit history behind it,Purpose of the credit requested; Number of recent inquiries on credit bureau report; Credit bureau score and the credit history behind it; Amount of credit requested is high in relation to income
632710,0.4691,Number of accounts opened recently,Number of accounts opened recently,True,1.0,Number of accounts opened recently; Amount of credit requested is high in relation to income; Credit bureau score and the credit history behind it; Recency of inquiries on credit bureau report,Number of accounts opened recently; Amount of credit requested is high in relation to income; Credit bureau score and the credit history behind it; Recency of inquiries on credit bureau report
370774,0.3615,Number of accounts opened recently,Number of accounts opened recently,True,1.0,Number of accounts opened recently; Credit bureau score and the credit history behind it; Amount of revolving credit available; Recency of inquiries on credit bureau report,Number of accounts opened recently; Credit bureau score and the credit history behind it; Recency of inquiries on credit bureau report; Amount of revolving credit available
117623,0.3283,Purpose of the credit requested,Number of accounts opened recently,False,1.0,Purpose of the credit requested; Number of accounts opened recently; Amount of credit requested is high in relation to income; Amount of revolving credit available,Number of accounts opened recently; Purpose of the credit requested; Amount of credit requested is high in relation to income; Amount of revolving credit available
162501,0.3151,Amount of credit requested is high in relation to income,Amount of credit requested is high in relation to income,True,0.75,Amount of credit requested is high in relation to income; Length of employment; Number of accounts opened recently; Payment history on credit obligations,Amount of credit requested is high in relation to income; Number of accounts opened recently; Length of employment; Unable to verify income
1215496,0.3428,Number of accounts opened recently,Number of accounts opened recently,True,1.0,Number of accounts opened recently; Credit bureau score and the credit history behind it; Type of residence; Number of bankcard accounts near their credit limit,Number of accounts opened recently; Credit bureau score and the credit history behind it; Type of residence; Number of bankcard accounts near their credit limit
1485447,0.5892,Amount of credit requested,Amount of credit requested,True,0.75,Amount of credit requested; Amount of credit requested is high in relation to income; Credit bureau score and the credit history behind it; Recency of inquiries on credit bureau report,Amount of credit requested; Amount of credit requested is high in relation to income; Credit bureau score and the credit history behind it; Number of accounts opened recently
1843684,0.3106,Amount of credit requested is high in relation to income,Credit bureau score and the credit history behind it,False,0.75,Amount of credit requested is high in relation to income; Credit bureau score and the credit history behind it; Type of residence; Number of bankcard accounts near their credit limit,Credit bureau score and the credit history behind it; Amount of credit requested is high in relation to income; Type of residence; Number of accounts opened recently
2045803,0.3321,Number of accounts opened recently,Number of accounts opened recently,True,1.0,Number of accounts opened recently; Excessive obligations in relation to income; Length of employment; Proportion of available bankcard credit currently in use,Number of accounts opened recently; Length of employment; Excessive obligations in relation to income; Proportion of available bankcard credit currently in use
1124985,0.3525,Number of accounts opened recently,Number of accounts opened recently,True,0.75,Number of accounts opened recently; Amount of credit requested is high in relation to income; Type of residence; Payment history on credit obligations,Number of accounts opened recently; Amount of credit requested is high in relation to income; Type of residence; Unable to verify income
1935123,0.4503,Amount of credit requested is high in relation to income,Amount of credit requested is high in relation to income,True,1.0,Amount of credit requested is high in relation to income; Amount of credit requested; Credit bureau score and the credit history behind it; Number of recent inquiries on credit bureau report,Amount of credit requested is high in relation to income; Amount of credit requested; Credit bureau score and the credit history behind it; Number of recent inquiries on credit bureau report
1118938,0.3902,Amount of credit requested,Amount of credit requested,True,0.75,Amount of credit requested; Number of accounts opened recently; Proportion of available bankcard credit currently in use; Delinquent past or present credit obligations with others,Amount of credit requested; Number of accounts opened recently; Proportion of available bankcard credit currently in use; Recency of a serious derogatory credit item
2248486,0.3298,Purpose of the credit requested,Purpose of the credit requested,True,0.75,Purpose of the credit requested; Length of employment; Amount of credit requested is high in relation to income; Type of residence,Purpose of the credit requested; Length of employment; Amount of credit requested is high in relation to income; Unable to verify income
1988789,0.4426,Number of accounts opened recently,Number of accounts opened recently,True,0.75,Number of accounts opened recently; Credit bureau score and the credit history behind it; Amount of credit requested is high in relation to income; Number of bankcard accounts near their credit limit,Number of accounts opened recently; Credit bureau score and the credit history behind it; Amount of credit requested is high in relation to income; Number of recent inquiries on credit bureau report
2120913,0.3667,Proportion of available revolving credit currently in use,Credit bureau score and the credit history behind it,False,0.75,Proportion of available revolving credit currently in use; Number of accounts opened recently; Credit bureau score and the credit history behind it; Amount of revolving credit available,Credit bureau score and the credit history behind it; Number of accounts opened recently; Proportion of available revolving credit currently in use; Recency of inquiries on credit bureau report
1696009,0.3255,Amount of credit requested is high in relation to income,Length of employment,False,0.75,Amount of credit requested is high in relation to income; Length of employment; Recency of inquiries on credit bureau report; Number of recent inquiries on credit bureau report,Length of employment; Amount of credit requested is high in relation to income; Recency of inquiries on credit bureau report; Credit bureau score and the credit history behind it
92894,0.4288,Number of accounts opened recently,Number of accounts opened recently,True,1.0,Number of accounts opened recently; Amount of credit requested is high in relation to income; Excessive obligations in relation to income; Type of residence,Number of accounts opened recently; Amount of credit requested is high in relation to income; Excessive obligations in relation to income; Type of residence
61713,0.3215,Amount of credit requested is high in relation to income,Amount of credit requested is high in relation to income,True,1.0,Amount of credit requested is high in relation to income; Number of accounts opened recently; Type of residence; Number of recent inquiries on credit bureau report,Amount of credit requested is high in relation to income; Number of accounts opened recently; Type of residence; Number of recent inquiries on credit bureau report
1340132,0.3323,Length of employment,Length of employment,True,0.75,Length of employment; Delinquent past or present credit obligations with others; Excessive obligations in relation to income; Credit bureau score and the credit history behind it,Length of employment; Credit bureau score and the credit history behind it; Number of accounts opened recently; Delinquent past or present credit obligations with others
1957179,0.3525,Number of accounts opened recently,Number of accounts opened recently,True,1.0,Number of accounts opened recently; Credit bureau score and the credit history behind it; Amount of credit requested is high in relation to income; Type of residence,Number of accounts opened recently; Credit bureau score and the credit history behind it; Amount of credit requested is high in relation to income; Type of residence
2232510,0.3032,Number of accounts opened recently,Number of accounts opened recently,True,0.75,Number of accounts opened recently; Number of bankcard accounts near their credit limit; Credit bureau score and the credit history behind it; Excessive obligations in relation to income,Number of accounts opened recently; Credit bureau score and the credit history behind it; Number of bankcard accounts near their credit limit; Type of residence
524387,0.3023,Number of accounts opened recently,Number of accounts opened recently,True,0.75,Number of accounts opened recently; Recency of inquiries on credit bureau report; Proportion of available bankcard credit currently in use; Recency of delinquency on credit obligations,Number of accounts opened recently; Recency of inquiries on credit bureau report; Credit bureau score and the credit history behind it; Proportion of available bankcard credit currently in use
1633617,0.3972,Purpose of the credit requested,Purpose of the credit requested,True,0.75,Purpose of the credit requested; Credit bureau score and the credit history behind it; Amount of credit requested is high in relation to income; Amount of credit requested,Purpose of the credit requested; Credit bureau score and the credit history behind it; Proportion of available bankcard credit currently in use; Amount of credit requested is high in relation to income
240562,0.4048,Number of accounts opened recently,Number of accounts opened recently,True,1.0,Number of accounts opened recently; Amount of credit requested is high in relation to income; Credit bureau score and the credit history behind it; Amount of credit requested,Number of accounts opened recently; Credit bureau score and the credit history behind it; Amount of credit requested is high in relation to income; Amount of credit requested
672969,0.3724,Recency of inquiries on credit bureau report,Recency of inquiries on credit bureau report,True,1.0,Recency of inquiries on credit bureau report; Amount of credit requested; Number of recent inquiries on credit bureau report; Proportion of available bankcard credit currently in use,Recency of inquiries on credit bureau report; Amount of credit requested; Number of recent inquiries on credit bureau report; Proportion of available bankcard credit currently in use
1881006,0.3409,Credit bureau score and the credit history behind it,Credit bureau score and the credit history behind it,True,0.75,Credit bureau score and the credit history behind it; Number of accounts opened recently; Amount of credit requested is high in relation to income; Number of bankcard accounts near their credit limit,Credit bureau score and the credit history behind it; Number of accounts opened recently; Amount of credit requested is high in relation to income; Unable to verify income
414495,0.3001,Amount of credit requested is high in relation to income,Amount of credit requested is high in relation to income,True,0.75,Amount of credit requested is high in relation to income; Length of employment; Number of accounts opened recently; Income insufficient for amount of credit requested,Amount of credit requested is high in relation to income; Length of employment; Number of accounts opened recently; Payment history on credit obligations
1093392,0.4004,Amount of credit requested is high in relation to income,Credit bureau score and the credit history behind it,False,1.0,Amount of credit requested is high in relation to income; Type of residence; Proportion of available bankcard credit currently in use; Credit bureau score and the credit history behind it,Credit bureau score and the credit history behind it; Amount of credit requested is high in relation to income; Type of residence; Proportion of available bankcard credit currently in use
2167536,0.3531,Number of accounts opened recently,Number of accounts opened recently,True,1.0,Number of accounts opened recently; Amount of credit requested is high in relation to income; Excessive obligations in relation to income; Credit bureau score and the credit history behind it,Number of accounts opened recently; Amount of credit requested is high in relation to income; Excessive obligations in relation to income; Credit bureau score and the credit history behind it
426547,0.3577,Number of accounts opened recently,Number of accounts opened recently,True,1.0,Number of accounts opened recently; Excessive obligations in relation to income; Credit bureau score and the credit history behind it; Amount of credit requested is high in relation to income,Number of accounts opened recently; Excessive obligations in relation to income; Credit bureau score and the credit history behind it; Amount of credit requested is high in relation to income
1878477,0.3804,Credit bureau score and the credit history behind it,Credit bureau score and the credit history behind it,True,1.0,Credit bureau score and the credit history behind it; Excessive obligations in relation to income; Proportion of available revolving credit currently in use; Type of residence,Credit bureau score and the credit history behind it; Proportion of available revolving credit currently in use; Excessive obligations in relation to income; Type of residence
1115946,0.421,Number of accounts opened recently,Number of accounts opened recently,True,0.75,Number of accounts opened recently; Amount of credit requested is high in relation to income; Credit bureau score and the credit history behind it; Number of bankcard accounts near their credit limit,Number of accounts opened recently; Credit bureau score and the credit history behind it; Amount of credit requested is high in relation to income; Type of residence
189614,0.3485,Amount of credit requested,Credit bureau score and the credit history behind it,False,1.0,Amount of credit requested; Credit bureau score and the credit history behind it; Amount of credit requested is high in relation to income; Number of accounts opened recently,Credit bureau score and the credit history behind it; Amount of credit requested; Number of accounts opened recently; Amount of credit requested is high in relation to income
904729,0.5145,Number of accounts opened recently,Number of accounts opened recently,True,1.0,Number of accounts opened recently; Amount of credit requested; Amount of credit requested is high in relation to income; Proportion of available bankcard credit currently in use,Number of accounts opened recently; Amount of credit requested; Amount of credit requested is high in relation to income; Proportion of available bankcard credit currently in use
154696,0.5734,Number of accounts opened recently,Number of accounts opened recently,True,0.75,Number of accounts opened recently; Excessive obligations in relation to income; Amount of credit requested is high in relation to income; Amount of credit requested,Number of accounts opened recently; Excessive obligations in relation to income; Amount of credit requested is high in relation to income; Unable to verify income
2013745,0.3817,Number of accounts opened recently,Number of accounts opened recently,True,1.0,Number of accounts opened recently; Credit bureau score and the credit history behind it; Type of residence; Amount of credit requested is high in relation to income,Number of accounts opened recently; Credit bureau score and the credit history behind it; Type of residence; Amount of credit requested is high in relation to income
816232,0.3758,Number of accounts opened recently,Number of accounts opened recently,True,0.75,Number of accounts opened recently; Recency of inquiries on credit bureau report; Proportion of available bankcard credit currently in use; Amount of credit requested,Number of accounts opened recently; Recency of inquiries on credit bureau report; Number of recent inquiries on credit bureau report; Proportion of available bankcard credit currently in use
893164,0.4504,Amount of credit requested is high in relation to income,Amount of credit requested is high in relation to income,True,0.75,Amount of credit requested is high in relation to income; Number of accounts opened recently; Length of employment; Proportion of available bankcard credit currently in use,Amount of credit requested is high in relation to income; Number of accounts opened recently; Length of employment; Purpose of the credit requested
1678565,0.7806,Number of accounts opened recently,Number of accounts opened recently,True,0.75,Number of accounts opened recently; Recency of delinquency on credit obligations; Recency of inquiries on credit bureau report; Amount of revolving credit available,Number of accounts opened recently; Payment history on credit obligations; Recency of inquiries on credit bureau report; Recency of delinquency on credit obligations
1138311,0.3051,Amount of credit requested is high in relation to income,Amount of credit requested is high in relation to income,True,1.0,Amount of credit requested is high in relation to income; Length of employment; Recency of inquiries on credit bureau report; Credit bureau score and the credit history behind it,Amount of credit requested is high in relation to income; Length of employment; Credit bureau score and the credit history behind it; Recency of inquiries on credit bureau report
1893353,0.3211,Excessive obligations in relation to income,Excessive obligations in relation to income,True,1.0,Excessive obligations in relation to income; Purpose of the credit requested; Recency of inquiries on credit bureau report; Credit bureau score and the credit history behind it,Excessive obligations in relation to income; Purpose of the credit requested; Credit bureau score and the credit history behind it; Recency of inquiries on credit bureau report
1902946,0.315,Amount of credit requested is high in relation to income,Amount of credit requested is high in relation to income,True,0.75,Amount of credit requested is high in relation to income; Proportion of available bankcard credit currently in use; Number of bankcard accounts near their credit limit; Excessive obligations in relation to income,Amount of credit requested is high in relation to income; Proportion of available bankcard credit currently in use; Excessive obligations in relation to income; Proportion of available revolving credit currently in use
528426,0.3383,Number of accounts opened recently,Number of accounts opened recently,True,0.75,Number of accounts opened recently; Recency of inquiries on credit bureau report; Proportion of available bankcard credit currently in use; Type of residence,Number of accounts opened recently; Recency of inquiries on credit bureau report; Credit bureau score and the credit history behind it; Proportion of available bankcard credit currently in use
1687463,0.4271,Amount of credit requested,Number of accounts opened recently,False,1.0,Amount of credit requested; Number of accounts opened recently; Amount of credit requested is high in relation to income; Credit bureau score and the credit history behind it,Number of accounts opened recently; Amount of credit requested; Credit bureau score and the credit history behind it; Amount of credit requested is high in relation to income
1157065,0.4339,Excessive obligations in relation to income,Number of accounts opened recently,False,1.0,Excessive obligations in relation to income; Number of accounts opened recently; Credit bureau score and the credit history behind it; Type of residence,Number of accounts opened recently; Credit bureau score and the credit history behind it; Excessive obligations in relation to income; Type of residence
735716,0.5374,Excessive obligations in relation to income,Excessive obligations in relation to income,True,1.0,Excessive obligations in relation to income; Number of accounts opened recently; Credit bureau score and the credit history behind it; Recency of inquiries on credit bureau report,Excessive obligations in relation to income; Number of accounts opened recently; Credit bureau score and the credit history behind it; Recency of inquiries on credit bureau report
2245127,0.3015,Excessive obligations in relation to income,Credit bureau score and the credit history behind it,False,0.75,Excessive obligations in relation to income; Credit bureau score and the credit history behind it; Type of residence; Number of accounts opened recently,Credit bureau score and the credit history behind it; Number of accounts opened recently; Excessive obligations in relation to income; Purpose of the credit requested
738860,0.4113,Excessive obligations in relation to income,Number of accounts opened recently,False,0.75,Excessive obligations in relation to income; Number of accounts opened recently; Credit bureau score and the credit history behind it; Amount of credit requested is high in relation to income,Number of accounts opened recently; Excessive obligations in relation to income; Credit bureau score and the credit history behind it; Unable to verify income
2256312,0.3199,Number of accounts opened recently,Number of accounts opened recently,True,1.0,Number of accounts opened recently; Credit bureau score and the credit history behind it; Type of residence; Payment history on credit obligations,Number of accounts opened recently; Credit bureau score and the credit history behind it; Type of residence; Payment history on credit obligations
370045,0.447,Number of accounts opened recently,Number of accounts opened recently,True,1.0,Number of accounts opened recently; Credit bureau score and the credit history behind it; Number of bankcard accounts near their credit limit; Recency of inquiries on credit bureau report,Number of accounts opened recently; Credit bureau score and the credit history behind it; Recency of inquiries on credit bureau report; Number of bankcard accounts near their credit limit
235982,0.4143,Excessive obligations in relation to income,Excessive obligations in relation to income,True,1.0,Excessive obligations in relation to income; Number of accounts opened recently; Length of employment; Credit bureau score and the credit history behind it,Excessive obligations in relation to income; Number of accounts opened recently; Credit bureau score and the credit history behind it; Length of employment
154538,0.3499,Number of accounts opened recently,Number of accounts opened recently,True,1.0,Number of accounts opened recently; Credit bureau score and the credit history behind it; Excessive obligations in relation to income; Proportion of available bankcard credit currently in use,Number of accounts opened recently; Credit bureau score and the credit history behind it; Proportion of available bankcard credit currently in use; Excessive obligations in relation to income
1345554,0.31,Credit bureau score and the credit history behind it,Credit bureau score and the credit history behind it,True,0.75,Credit bureau score and the credit history behind it; Number of bankcard accounts near their credit limit; Type of residence; Amount of credit requested is high in relation to income,Credit bureau score and the credit history behind it; Type of residence; Number of bankcard accounts near their credit limit; Length of employment
261734,0.4841,Amount of credit requested,Amount of credit requested,True,1.0,Amount of credit requested; Number of accounts opened recently; Excessive obligations in relation to income; Credit bureau score and the credit history behind it,Amount of credit requested; Number of accounts opened recently; Credit bureau score and the credit history behind it; Excessive obligations in relation to income
130058,0.3149,Number of accounts opened recently,Number of accounts opened recently,True,0.75,Number of accounts opened recently; Credit bureau score and the credit history behind it; Excessive obligations in relation to income; Number of bankcard accounts near their credit limit,Number of accounts opened recently; Credit bureau score and the credit history behind it; Excessive obligations in relation to income; Recency of inquiries on credit bureau report
1073541,0.3931,Amount of credit requested is high in relation to income,Amount of credit requested is high in relation to income,True,1.0,Amount of credit requested is high in relation to income; Amount of credit requested; Excessive obligations in relation to income; Recency of inquiries on credit bureau report,Amount of credit requested is high in relation to income; Amount of credit requested; Excessive obligations in relation to income; Recency of inquiries on credit bureau report
913924,0.4591,Number of accounts opened recently,Number of accounts opened recently,True,1.0,Number of accounts opened recently; Recency of inquiries on credit bureau report; Type of residence; Credit bureau score and the credit history behind it,Number of accounts opened recently; Credit bureau score and the credit history behind it; Recency of inquiries on credit bureau report; Type of residence
1955795,0.3351,Excessive obligations in relation to income,Excessive obligations in relation to income,True,0.75,Excessive obligations in relation to income; Number of bankcard accounts near their credit limit; Payment history on credit obligations; Number of recent inquiries on credit bureau report,Excessive obligations in relation to income; Number of bankcard accounts near their credit limit; Unable to verify income; Payment history on credit obligations
1877876,0.455,Number of accounts opened recently,Number of accounts opened recently,True,0.75,Number of accounts opened recently; Amount of credit requested is high in relation to income; Amount of credit requested; Excessive obligations in relation to income,Number of accounts opened recently; Amount of credit requested is high in relation to income; Amount of credit requested; Credit bureau score and the credit history behind it
2049446,0.4258,Number of accounts opened recently,Number of accounts opened recently,True,1.0,Number of accounts opened recently; Amount of credit requested is high in relation to income; Excessive obligations in relation to income; Proportion of available bankcard credit currently in use,Number of accounts opened recently; Amount of credit requested is high in relation to income; Excessive obligations in relation to income; Proportion of available bankcard credit currently in use
1206596,0.3467,Number of accounts opened recently,Number of accounts opened recently,True,1.0,Number of accounts opened recently; Proportion of available bankcard credit currently in use; Type of residence; Credit bureau score and the credit history behind it,Number of accounts opened recently; Proportion of available bankcard credit currently in use; Credit bureau score and the credit history behind it; Type of residence
777780,0.3659,Proportion of available bankcard credit currently in use,Number of accounts opened recently,False,1.0,Proportion of available bankcard credit currently in use; Number of accounts opened recently; Type of residence; Amount of revolving credit available,Number of accounts opened recently; Proportion of available bankcard credit currently in use; Type of residence; Amount of revolving credit available
328783,0.3506,Amount of credit requested is high in relation to income,Amount of credit requested is high in relation to income,True,0.75,Amount of credit requested is high in relation to income; Proportion of available revolving credit currently in use; Type of residence; Amount of credit requested,Amount of credit requested is high in relation to income; Credit bureau score and the credit history behind it; Proportion of available revolving credit currently in use; Type of residence
1254539,0.3102,Excessive obligations in relation to income,Excessive obligations in relation to income,True,1.0,Excessive obligations in relation to income; Number of accounts opened recently; Type of residence; Credit bureau score and the credit history behind it,Excessive obligations in relation to income; Number of accounts opened recently; Credit bureau score and the credit history behind it; Type of residence
1964146,0.3346,Amount of credit requested,Amount of credit requested,True,1.0,Amount of credit requested; Amount of credit requested is high in relation to income; Credit bureau score and the credit history behind it; Recency of inquiries on credit bureau report,Amount of credit requested; Credit bureau score and the credit history behind it; Recency of inquiries on credit bureau report; Amount of credit requested is high in relation to income
1012981,0.3644,Amount of credit requested is high in relation to income,Credit bureau score and the credit history behind it,False,1.0,Amount of credit requested is high in relation to income; Credit bureau score and the credit history behind it; Number of recent inquiries on credit bureau report; Recency of inquiries on credit bureau report,Credit bureau score and the credit history behind it; Number of recent inquiries on credit bureau report; Amount of credit requested is high in relation to income; Recency of inquiries on credit bureau report
898142,0.4322,Purpose of the credit requested,Purpose of the credit requested,True,1.0,Purpose of the credit requested; Number of recent inquiries on credit bureau report; Recency of inquiries on credit bureau report; Type of residence,Purpose of the credit requested; Number of recent inquiries on credit bureau report; Recency of inquiries on credit bureau report; Type of residence
2027021,0.4687,Number of accounts opened recently,Number of accounts opened recently,True,0.75,Number of accounts opened recently; Amount of credit requested is high in relation to income; Excessive obligations in relation to income; Amount of credit requested,Number of accounts opened recently; Amount of credit requested is high in relation to income; Excessive obligations in relation to income; Unable to verify income
1328097,0.4892,Amount of credit requested is high in relation to income,Amount of credit requested is high in relation to income,True,1.0,Amount of credit requested is high in relation to income; Number of accounts opened recently; Excessive obligations in relation to income; Type of residence,Amount of credit requested is high in relation to income; Number of accounts opened recently; Excessive obligations in relation to income; Type of residence
289854,0.4083,Number of recent inquiries on credit bureau report,Number of recent inquiries on credit bureau report,True,0.75,Number of recent inquiries on credit bureau report; Recency of inquiries on credit bureau report; Number of accounts opened recently; Type of residence,Number of recent inquiries on credit bureau report; Number of accounts opened recently; Recency of inquiries on credit bureau report; Credit bureau score and the credit history behind it
1306257,0.3003,Excessive obligations in relation to income,Excessive obligations in relation to income,True,0.75,Excessive obligations in relation to income; Type of residence; Number of accounts opened recently; Number of bankcard accounts near their credit limit,Excessive obligations in relation to income; Number of accounts opened recently; Type of residence; Credit bureau score and the credit history behind it
1848379,0.3544,Excessive obligations in relation to income,Recency of inquiries on credit bureau report,False,1.0,Excessive obligations in relation to income; Recency of inquiries on credit bureau report; Length of employment; Number of accounts opened recently,Recency of inquiries on credit bureau report; Length of employment; Number of accounts opened recently; Excessive obligations in relation to income
637216,0.3553,Number of accounts opened recently,Number of accounts opened recently,True,1.0,Number of accounts opened recently; Credit bureau score and the credit history behind it; Recency of inquiries on credit bureau report; Unable to verify income,Number of accounts opened recently; Credit bureau score and the credit history behind it; Recency of inquiries on credit bureau report; Unable to verify income
1365147,0.3437,Amount of credit requested is high in relation to income,Amount of credit requested is high in relation to income,True,0.75,Amount of credit requested is high in relation to income; Type of residence; Number of accounts opened recently; Excessive obligations in relation to income,Amount of credit requested is high in relation to income; Number of accounts opened recently; Type of residence; Credit bureau score and the credit history behind it
421785,0.4384,Number of accounts opened recently,Number of accounts opened recently,True,1.0,Number of accounts opened recently; Excessive obligations in relation to income; Number of recent inquiries on credit bureau report; Credit bureau score and the credit history behind it,Number of accounts opened recently; Number of recent inquiries on credit bureau report; Credit bureau score and the credit history behind it; Excessive obligations in relation to income
2211890,0.4338,Number of accounts opened recently,Number of accounts opened recently,True,0.75,Number of accounts opened recently; Credit bureau score and the credit history behind it; Excessive obligations in relation to income; Amount of revolving credit available,Number of accounts opened recently; Credit bureau score and the credit history behind it; Purpose of the credit requested; Excessive obligations in relation to income
282067,0.3579,Number of accounts opened recently,Number of accounts opened recently,True,1.0,Number of accounts opened recently; Recency of inquiries on credit bureau report; Proportion of available bankcard credit currently in use; Credit bureau score and the credit history behind it,Number of accounts opened recently; Recency of inquiries on credit bureau report; Credit bureau score and the credit history behind it; Proportion of available bankcard credit currently in use
1254272,0.7334,Number of accounts opened recently,Number of accounts opened recently,True,0.75,Number of accounts opened recently; Amount of credit requested is high in relation to income; Type of residence; Amount of revolving credit available,Number of accounts opened recently; Amount of credit requested is high in relation to income; Credit bureau score and the credit history behind it; Amount of revolving credit available
1329337,0.315,Credit bureau score and the credit history behind it,Credit bureau score and the credit history behind it,True,1.0,Credit bureau score and the credit history behind it; Recency of delinquency on credit obligations; Number of accounts opened recently; Number of recent inquiries on credit bureau report,Credit bureau score and the credit history behind it; Number of accounts opened recently; Recency of delinquency on credit obligations; Number of recent inquiries on credit bureau report
1189805,0.3545,Excessive obligations in relation to income,Credit bureau score and the credit history behind it,False,1.0,Excessive obligations in relation to income; Number of accounts opened recently; Recency of inquiries on credit bureau report; Credit bureau score and the credit history behind it,Credit bureau score and the credit history behind it; Number of accounts opened recently; Recency of inquiries on credit bureau report; Excessive obligations in relation to income
334424,0.3594,Number of accounts opened recently,Number of accounts opened recently,True,1.0,Number of accounts opened recently; Excessive obligations in relation to income; Credit bureau score and the credit history behind it; Proportion of available revolving credit currently in use,Number of accounts opened recently; Credit bureau score and the credit history behind it; Excessive obligations in relation to income; Proportion of available revolving credit currently in use
1433614,0.4266,Number of accounts opened recently,Number of accounts opened recently,True,1.0,Number of accounts opened recently; Excessive obligations in relation to income; Credit bureau score and the credit history behind it; Type of residence,Number of accounts opened recently; Credit bureau score and the credit history behind it; Excessive obligations in relation to income; Type of residence
328067,0.3101,Number of accounts opened recently,Number of accounts opened recently,True,1.0,Number of accounts opened recently; Recency of inquiries on credit bureau report; Credit bureau score and the credit history behind it; Type of residence,Number of accounts opened recently; Recency of inquiries on credit bureau report; Credit bureau score and the credit history behind it; Type of residence
1203361,0.5791,Number of accounts opened recently,Number of accounts opened recently,True,1.0,Number of accounts opened recently; Credit bureau score and the credit history behind it; Amount of credit requested is high in relation to income; Type of residence,Number of accounts opened recently; Credit bureau score and the credit history behind it; Amount of credit requested is high in relation to income; Type of residence
1751427,0.3692,Amount of credit requested is high in relation to income,Amount of credit requested is high in relation to income,True,0.5,Amount of credit requested is high in relation to income; Type of residence; Amount of revolving credit available; Payment history on credit obligations,Amount of credit requested is high in relation to income; Type of residence; Purpose of the credit requested; Unable to verify income
554408,0.3723,Excessive obligations in relation to income,Excessive obligations in relation to income,True,1.0,Excessive obligations in relation to income; Number of accounts opened recently; Number of bankcard accounts near their credit limit; Credit bureau score and the credit history behind it,Excessive obligations in relation to income; Number of accounts opened recently; Credit bureau score and the credit history behind it; Number of bankcard accounts near their credit limit
438557,0.3027,Amount of credit requested is high in relation to income,Amount of credit requested is high in relation to income,True,1.0,Amount of credit requested is high in relation to income; Excessive obligations in relation to income; Type of residence; Credit bureau score and the credit history behind it,Amount of credit requested is high in relation to income; Credit bureau score and the credit history behind it; Excessive obligations in relation to income; Type of residence
1996331,0.4044,Amount of credit requested is high in relation to income,Length of employment,False,1.0,Amount of credit requested is high in relation to income; Length of employment; Credit bureau score and the credit history behind it; Payment history on credit obligations,Length of employment; Credit bureau score and the credit history behind it; Amount of credit requested is high in relation to income; Payment history on credit obligations
1756056,0.311,Number of accounts opened recently,Number of accounts opened recently,True,1.0,Number of accounts opened recently; Number of bankcard accounts near their credit limit; Proportion of available revolving credit currently in use; Unable to verify income,Number of accounts opened recently; Number of bankcard accounts near their credit limit; Unable to verify income; Proportion of available revolving credit currently in use
999237,0.3013,Amount of credit requested is high in relation to income,Amount of credit requested is high in relation to income,True,1.0,Amount of credit requested is high in relation to income; Proportion of available bankcard credit currently in use; Credit bureau score and the credit history behind it; Income insufficient for amount of credit requested,Amount of credit requested is high in relation to income; Proportion of available bankcard credit currently in use; Credit bureau score and the credit history behind it; Income insufficient for amount of credit requested
1876117,0.3407,Amount of credit requested is high in relation to income,Amount of credit requested is high in relation to income,True,0.75,Amount of credit requested is high in relation to income; Excessive obligations in relation to income; Number of recent inquiries on credit bureau report; Amount of credit requested,Amount of credit requested is high in relation to income; Excessive obligations in relation to income; Number of recent inquiries on credit bureau report; Number of accounts opened recently
944806,0.3269,Number of accounts opened recently,Number of accounts opened recently,True,1.0,Number of accounts opened recently; Purpose of the credit requested; Type of residence; Credit bureau score and the credit history behind it,Number of accounts opened recently; Purpose of the credit requested; Credit bureau score and the credit history behind it; Type of residence
2181200,0.3231,Excessive obligations in relation to income,Excessive obligations in relation to income,True,0.75,Excessive obligations in relation to income; Number of accounts opened recently; Credit bureau score and the credit history behind it; Number of bankcard accounts near their credit limit,Excessive obligations in relation to income; Number of accounts opened recently; Credit bureau score and the credit history behind it; Type of residence
2086834,0.3107,Amount of credit requested is high in relation to income,Amount of credit requested is high in relation to income,True,0.75,Amount of credit requested is high in relation to income; Number of recent inquiries on credit bureau report; Purpose of the credit requested; Amount of credit requested,Amount of credit requested is high in relation to income; Number of recent inquiries on credit bureau report; Purpose of the credit requested; Unable to verify income
1044048,0.325,Excessive obligations in relation to income,Excessive obligations in relation to income,True,0.75,Excessive obligations in relation to income; Length of employment; Recency of inquiries on credit bureau report; Type of residence,Excessive obligations in relation to income; Length of employment; Recency of inquiries on credit bureau report; Credit bureau score and the credit history behind it
74583,0.478,Number of recent inquiries on credit bureau report,Number of recent inquiries on credit bureau report,True,1.0,Number of recent inquiries on credit bureau report; Amount of credit requested is high in relation to income; Number of accounts opened recently; Recency of inquiries on credit bureau report,Number of recent inquiries on credit bureau report; Number of accounts opened recently; Amount of credit requested is high in relation to income; Recency of inquiries on credit bureau report
1917001,0.3757,Amount of credit requested is high in relation to income,Amount of credit requested is high in relation to income,True,1.0,Amount of credit requested is high in relation to income; Excessive obligations in relation to income; Amount of credit requested; Recency of inquiries on credit bureau report,Amount of credit requested is high in relation to income; Excessive obligations in relation to income; Amount of credit requested; Recency of inquiries on credit bureau report
386288,0.3592,Number of accounts opened recently,Number of accounts opened recently,True,0.5,Number of accounts opened recently; Number of recent inquiries on credit bureau report; Amount of credit requested; Proportion of available bankcard credit currently in use,Number of accounts opened recently; Number of recent inquiries on credit bureau report; Credit bureau score and the credit history behind it; Unable to verify income
2207999,0.311,Amount of credit requested is high in relation to income,Credit bureau score and the credit history behind it,False,1.0,Amount of credit requested is high in relation to income; Recency of inquiries on credit bureau report; Amount of revolving credit available; Credit bureau score and the credit history behind it,Credit bureau score and the credit history behind it; Recency of inquiries on credit bureau report; Amount of credit requested is high in relation to income; Amount of revolving credit available
1322077,0.4573,Number of accounts opened recently,Number of accounts opened recently,True,1.0,Number of accounts opened recently; Purpose of the credit requested; Number of recent inquiries on credit bureau report; Credit bureau score and the credit history behind it,Number of accounts opened recently; Purpose of the credit requested; Credit bureau score and the credit history behind it; Number of recent inquiries on credit bureau report
239604,0.3336,Excessive obligations in relation to income,Excessive obligations in relation to income,True,0.75,Excessive obligations in relation to income; Recency of inquiries on credit bureau report; Amount of revolving credit available; Credit bureau score and the credit history behind it,Excessive obligations in relation to income; Recency of inquiries on credit bureau report; Credit bureau score and the credit history behind it; Number of accounts opened recently
658902,0.3068,Purpose of the credit requested,Purpose of the credit requested,True,1.0,Purpose of the credit requested; Amount of credit requested; Amount of credit requested is high in relation to income; Number of accounts opened recently,Purpose of the credit requested; Amount of credit requested is high in relation to income; Number of accounts opened recently; Amount of credit requested
177950,0.337,Amount of credit requested is high in relation to income,Credit bureau score and the credit history behind it,False,1.0,Amount of credit requested is high in relation to income; Excessive obligations in relation to income; Credit bureau score and the credit history behind it; Type of residence,Credit bureau score and the credit history behind it; Amount of credit requested is high in relation to income; Excessive obligations in relation to income; Type of residence
788123,0.3026,Credit bureau score and the credit history behind it,Credit bureau score and the credit history behind it,True,1.0,Credit bureau score and the credit history behind it; Amount of credit requested; Excessive obligations in relation to income; Number of accounts opened recently,Credit bureau score and the credit history behind it; Number of accounts opened recently; Amount of credit requested; Excessive obligations in relation to income
1926493,0.4286,Recency of inquiries on credit bureau report,Recency of inquiries on credit bureau report,True,1.0,Recency of inquiries on credit bureau report; Number of accounts opened recently; Number of recent inquiries on credit bureau report; Purpose of the credit requested,Recency of inquiries on credit bureau report; Purpose of the credit requested; Number of accounts opened recently; Number of recent inquiries on credit bureau report
619546,0.3454,Type of residence,Amount of credit requested is high in relation to income,False,0.75,Type of residence; Amount of credit requested is high in relation to income; Unable to verify income; Recency of inquiries on credit bureau report,Amount of credit requested is high in relation to income; Type of residence; Unable to verify income; Payment history on credit obligations
668406,0.4846,Number of recent inquiries on credit bureau report,Number of recent inquiries on credit bureau report,True,0.75,Number of recent inquiries on credit bureau report; Amount of credit requested; Number of accounts opened recently; Recency of inquiries on credit bureau report,Number of recent inquiries on credit bureau report; Amount of credit requested; Number of accounts opened recently; Credit bureau score and the credit history behind it
1319858,0.3557,Proportion of available bankcard credit currently in use,Credit bureau score and the credit history behind it,False,0.75,Proportion of available bankcard credit currently in use; Credit bureau score and the credit history behind it; Number of bankcard accounts near their credit limit; Amount of credit requested is high in relation to income,Credit bureau score and the credit history behind it; Proportion of available bankcard credit currently in use; Number of accounts opened recently; Number of bankcard accounts near their credit limit
1726695,0.32,Recency of inquiries on credit bureau report,Recency of inquiries on credit bureau report,True,0.75,Recency of inquiries on credit bureau report; Type of residence; Amount of revolving credit available; Purpose of the credit requested,Recency of inquiries on credit bureau report; Purpose of the credit requested; Type of residence; Credit bureau score and the credit history behind it
192776,0.4774,Amount of credit requested is high in relation to income,Amount of credit requested is high in relation to income,True,0.75,Amount of credit requested is high in relation to income; Excessive obligations in relation to income; Number of accounts opened recently; Type of residence,Amount of credit requested is high in relation to income; Number of accounts opened recently; Excessive obligations in relation to income; Amount of credit requested
287897,0.3175,Excessive obligations in relation to income,Excessive obligations in relation to income,True,1.0,Excessive obligations in relation to income; Proportion of available bankcard credit currently in use; Amount of credit requested is high in relation to income; Type of residence,Excessive obligations in relation to income; Amount of credit requested is high in relation to income; Proportion of available bankcard credit currently in use; Type of residence
2243268,0.3265,Amount of credit requested is high in relation to income,Amount of credit requested is high in relation to income,True,1.0,Amount of credit requested is high in relation to income; Number of accounts opened recently; Credit bureau score and the credit history behind it; Unable to verify income,Amount of credit requested is high in relation to income; Number of accounts opened recently; Credit bureau score and the credit history behind it; Unable to verify income
1907794,0.4794,Number of recent inquiries on credit bureau report,Credit bureau score and the credit history behind it,False,1.0,Number of recent inquiries on credit bureau report; Credit bureau score and the credit history behind it; Number of accounts opened recently; Amount of credit requested is high in relation to income,Credit bureau score and the credit history behind it; Number of recent inquiries on credit bureau report; Number of accounts opened recently; Amount of credit requested is high in relation to income
258508,0.3103,Amount of credit requested is high in relation to income,Amount of credit requested is high in relation to income,True,1.0,Amount of credit requested is high in relation to income; Recency of inquiries on credit bureau report; Number of accounts opened recently; Number of recent inquiries on credit bureau report,Amount of credit requested is high in relation to income; Recency of inquiries on credit bureau report; Number of accounts opened recently; Number of recent inquiries on credit bureau report
561545,0.425,Number of accounts opened recently,Number of accounts opened recently,True,1.0,Number of accounts opened recently; Number of recent inquiries on credit bureau report; Credit bureau score and the credit history behind it; Length of employment,Number of accounts opened recently; Number of recent inquiries on credit bureau report; Credit bureau score and the credit history behind it; Length of employment
2246813,0.4142,Excessive obligations in relation to income,Excessive obligations in relation to income,True,1.0,Excessive obligations in relation to income; Amount of credit requested is high in relation to income; Number of accounts opened recently; Credit bureau score and the credit history behind it,Excessive obligations in relation to income; Credit bureau score and the credit history behind it; Number of accounts opened recently; Amount of credit requested is high in relation to income
1266514,0.3576,Amount of credit requested is high in relation to income,Number of recent inquiries on credit bureau report,False,0.75,Amount of credit requested is high in relation to income; Number of recent inquiries on credit bureau report; Number of bankcard accounts near their credit limit; Credit bureau score and the credit history behind it,Number of recent inquiries on credit bureau report; Amount of credit requested is high in relation to income; Credit bureau score and the credit history behind it; Number of accounts opened recently
1593174,0.5268,Type of residence,Number of accounts opened recently,False,0.75,Type of residence; Delinquent past or present credit obligations with others; Proportion of available bankcard credit currently in use; Number of accounts opened recently,Number of accounts opened recently; Credit bureau score and the credit history behind it; Proportion of available bankcard credit currently in use; Delinquent past or present credit obligations with others
572213,0.5608,Amount of credit requested is high in relation to income,Amount of credit requested is high in relation to income,True,0.75,Amount of credit requested is high in relation to income; Number of accounts opened recently; Credit bureau score and the credit history behind it; Amount of credit requested,Amount of credit requested is high in relation to income; Number of accounts opened recently; Credit bureau score and the credit history behind it; Unable to verify income
1795854,0.3454,Amount of credit requested is high in relation to income,Credit bureau score and the credit history behind it,False,0.75,Amount of credit requested is high in relation to income; Credit bureau score and the credit history behind it; Excessive obligations in relation to income; Type of residence,Credit bureau score and the credit history behind it; Amount of credit requested is high in relation to income; Excessive obligations in relation to income; Proportion of available bankcard credit currently in use
30473,0.4523,Number of accounts opened recently,Number of accounts opened recently,True,0.75,Number of accounts opened recently; Credit bureau score and the credit history behind it; Number of bankcard accounts near their credit limit; Type of residence,Number of accounts opened recently; Credit bureau score and the credit history behind it; Number of bankcard accounts near their credit limit; Recency of inquiries on credit bureau report
1347596,0.3435,Number of accounts opened recently,Number of accounts opened recently,True,1.0,Number of accounts opened recently; Excessive obligations in relation to income; Number of recent inquiries on credit bureau report; Payment history on credit obligations,Number of accounts opened recently; Excessive obligations in relation to income; Number of recent inquiries on credit bureau report; Payment history on credit obligations
1621594,0.447,Purpose of the credit requested,Purpose of the credit requested,True,0.75,Purpose of the credit requested; Amount of credit requested is high in relation to income; Credit bureau score and the credit history behind it; Proportion of available revolving credit currently in use,Purpose of the credit requested; Credit bureau score and the credit history behind it; Amount of credit requested is high in relation to income; Proportion of available bankcard credit currently in use
1435825,0.3184,Amount of credit requested is high in relation to income,Credit bureau score and the credit history behind it,False,1.0,Amount of credit requested is high in relation to income; Credit bureau score and the credit history behind it; Type of residence; Number of bankcard accounts near their credit limit,Credit bureau score and the credit history behind it; Amount of credit requested is high in relation to income; Type of residence; Number of bankcard accounts near their credit limit
1846529,0.3507,Amount of revolving credit available,Recency of inquiries on credit bureau report,False,1.0,Amount of revolving credit available; Recency of inquiries on credit bureau report; Type of residence; Credit bureau score and the credit history behind it,Recency of inquiries on credit bureau report; Amount of revolving credit available; Credit bureau score and the credit history behind it; Type of residence
831614,0.4688,Amount of credit requested is high in relation to income,Number of accounts opened recently,False,0.75,Amount of credit requested is high in relation to income; Number of accounts opened recently; Amount of credit requested; Excessive obligations in relation to income,Number of accounts opened recently; Amount of credit requested is high in relation to income; Credit bureau score and the credit history behind it; Amount of credit requested
645735,0.3872,Excessive obligations in relation to income,Excessive obligations in relation to income,True,0.75,Excessive obligations in relation to income; Type of residence; Recency of inquiries on credit bureau report; Amount of credit requested is high in relation to income,Excessive obligations in relation to income; Recency of inquiries on credit bureau report; Type of residence; Number of accounts opened recently
161500,0.3841,Amount of credit requested is high in relation to income,Amount of credit requested is high in relation to income,True,0.75,Amount of credit requested is high in relation to income; Length of employment; Number of bankcard accounts near their credit limit; Payment history on credit obligations,Amount of credit requested is high in relation to income; Length of employment; Number of accounts opened recently; Payment history on credit obligations
1044999,0.4073,Number of accounts opened recently,Number of accounts opened recently,True,0.75,Number of accounts opened recently; Recency of inquiries on credit bureau report; Credit bureau score and the credit history behind it; Proportion of available bankcard credit currently in use,Number of accounts opened recently; Credit bureau score and the credit history behind it; Recency of inquiries on credit bureau report; Unable to verify income
1210723,0.3791,Number of recent inquiries on credit bureau report,Number of recent inquiries on credit bureau report,True,1.0,Number of recent inquiries on credit bureau report; Amount of credit requested is high in relation to income; Recency of inquiries on credit bureau report; Credit bureau score and the credit history behind it,Number of recent inquiries on credit bureau report; Credit bureau score and the credit history behind it; Recency of inquiries on credit bureau report; Amount of credit requested is high in relation to income
1496618,0.3706,Amount of credit requested is high in relation to income,Amount of credit requested is high in relation to income,True,0.5,Amount of credit requested is high in relation to income; Type of residence; Payment history on credit obligations; Amount of revolving credit available,Amount of credit requested is high in relation to income; Number of accounts opened recently; Type of residence; Unable to verify income
70659,0.3848,Number of accounts opened recently,Number of accounts opened recently,True,1.0,Number of accounts opened recently; Number of recent inquiries on credit bureau report; Recency of inquiries on credit bureau report; Excessive obligations in relation to income,Number of accounts opened recently; Number of recent inquiries on credit bureau report; Recency of inquiries on credit bureau report; Excessive obligations in relation to income
1802427,0.3833,Excessive obligations in relation to income,Credit bureau score and the credit history behind it,False,1.0,Excessive obligations in relation to income; Recency of inquiries on credit bureau report; Credit bureau score and the credit history behind it; Purpose of the credit requested,Credit bureau score and the credit history behind it; Excessive obligations in relation to income; Recency of inquiries on credit bureau report; Purpose of the credit requested
1897961,0.3248,Excessive obligations in relation to income,Purpose of the credit requested,False,1.0,Excessive obligations in relation to income; Purpose of the credit requested; Number of accounts opened recently; Number of recent inquiries on credit bureau report,Purpose of the credit requested; Number of accounts opened recently; Excessive obligations in relation to income; Number of recent inquiries on credit bureau report
1339384,0.4596,Purpose of the credit requested,Purpose of the credit requested,True,0.75,Purpose of the credit requested; Excessive obligations in relation to income; Type of residence; Number of accounts opened recently,Purpose of the credit requested; Number of accounts opened recently; Excessive obligations in relation to income; Credit bureau score and the credit history behind it
234683,0.3433,Number of accounts opened recently,Number of accounts opened recently,True,1.0,Number of accounts opened recently; Credit bureau score and the credit history behind it; Recency of inquiries on credit bureau report; Amount of credit requested is high in relation to income,Number of accounts opened recently; Credit bureau score and the credit history behind it; Recency of inquiries on credit bureau report; Amount of credit requested is high in relation to income
778522,0.5493,Number of accounts opened recently,Number of accounts opened recently,True,1.0,Number of accounts opened recently; Amount of credit requested; Credit bureau score and the credit history behind it; Recency of inquiries on credit bureau report,Number of accounts opened recently; Credit bureau score and the credit history behind it; Amount of credit requested; Recency of inquiries on credit bureau report
532230,0.3344,Amount of credit requested is high in relation to income,Amount of credit requested is high in relation to income,True,1.0,Amount of credit requested is high in relation to income; Recency of inquiries on credit bureau report; Payment history on credit obligations; Purpose of the credit requested,Amount of credit requested is high in relation to income; Recency of inquiries on credit bureau report; Purpose of the credit requested; Payment history on credit obligations
982081,0.3643,Excessive obligations in relation to income,Excessive obligations in relation to income,True,1.0,Excessive obligations in relation to income; Number of accounts opened recently; Amount of credit requested is high in relation to income; Unable to verify income,Excessive obligations in relation to income; Number of accounts opened recently; Amount of credit requested is high in relation to income; Unable to verify income
32529,0.3605,Credit bureau score and the credit history behind it,Credit bureau score and the credit history behind it,True,1.0,Credit bureau score and the credit history behind it; Proportion of available bankcard credit currently in use; Type of residence; Number of bankcard accounts near their credit limit,Credit bureau score and the credit history behind it; Proportion of available bankcard credit currently in use; Number of bankcard accounts near their credit limit; Type of residence
721600,0.3124,Number of accounts opened recently,Number of accounts opened recently,True,1.0,Number of accounts opened recently; Excessive obligations in relation to income; Amount of credit requested is high in relation to income; Type of residence,Number of accounts opened recently; Excessive obligations in relation to income; Type of residence; Amount of credit requested is high in relation to income
377847,0.4001,Number of accounts opened recently,Number of accounts opened recently,True,1.0,Number of accounts opened recently; Excessive obligations in relation to income; Type of residence; Proportion of available bankcard credit currently in use,Number of accounts opened recently; Excessive obligations in relation to income; Type of residence; Proportion of available bankcard credit currently in use
901183,0.32,Credit bureau score and the credit history behind it,Credit bureau score and the credit history behind it,True,1.0,Credit bureau score and the credit history behind it; Type of residence; Proportion of available revolving credit currently in use; Number of bankcard accounts near their credit limit,Credit bureau score and the credit history behind it; Type of residence; Proportion of available revolving credit currently in use; Number of bankcard accounts near their credit limit
15731,0.3461,Number of accounts opened recently,Number of accounts opened recently,True,0.75,Number of accounts opened recently; Amount of credit requested; Type of residence; Payment history on credit obligations,Number of accounts opened recently; Amount of credit requested; Type of residence; Unable to verify income
1184633,0.3761,Credit bureau score and the credit history behind it,Credit bureau score and the credit history behind it,True,0.75,Credit bureau score and the credit history behind it; Excessive obligations in relation to income; Number of accounts opened recently; Number of bankcard accounts near their credit limit,Credit bureau score and the credit history behind it; Number of accounts opened recently; Excessive obligations in relation to income; Type of residence
1556508,0.4254,Number of accounts opened recently,Number of accounts opened recently,True,1.0,Number of accounts opened recently; Recency of inquiries on credit bureau report; Type of residence; Excessive obligations in relation to income,Number of accounts opened recently; Recency of inquiries on credit bureau report; Excessive obligations in relation to income; Type of residence
1954217,0.3431,Number of accounts opened recently,Number of accounts opened recently,True,0.75,Number of accounts opened recently; Amount of credit requested is high in relation to income; Amount of credit requested; Excessive obligations in relation to income,Number of accounts opened recently; Amount of credit requested is high in relation to income; Amount of credit requested; Type of residence
1217012,0.5086,Number of accounts opened recently,Number of accounts opened recently,True,1.0,Number of accounts opened recently; Excessive obligations in relation to income; Type of residence; Amount of credit requested is high in relation to income,Number of accounts opened recently; Type of residence; Excessive obligations in relation to income; Amount of credit requested is high in relation to income
2051700,0.3359,Amount of credit requested,Number of accounts opened recently,False,1.0,Amount of credit requested; Number of accounts opened recently; Amount of credit requested is high in relation to income; Credit bureau score and the credit history behind it,Number of accounts opened recently; Credit bureau score and the credit history behind it; Amount of credit requested; Amount of credit requested is high in relation to income
906695,0.339,Excessive obligations in relation to income,Excessive obligations in relation to income,True,0.75,Excessive obligations in relation to income; Amount of credit requested is high in relation to income; Type of residence; Number of accounts opened recently,Excessive obligations in relation to income; Amount of credit requested is high in relation to income; Number of accounts opened recently; Credit bureau score and the credit history behind it
1682520,0.5152,Amount of credit requested is high in relation to income,Amount of credit requested is high in relation to income,True,1.0,Amount of credit requested is high in relation to income; Amount of credit requested; Number of accounts opened recently; Credit bureau score and the credit history behind it,Amount of credit requested is high in relation to income; Number of accounts opened recently; Amount of credit requested; Credit bureau score and the credit history behind it
1693303,0.5044,Amount of credit requested,Number of recent inquiries on credit bureau report,False,1.0,Amount of credit requested; Number of recent inquiries on credit bureau report; Number of accounts opened recently; Recency of inquiries on credit bureau report,Number of recent inquiries on credit bureau report; Amount of credit requested; Number of accounts opened recently; Recency of inquiries on credit bureau report
606509,0.3638,Proportion of available bankcard credit currently in use,Proportion of available bankcard credit currently in use,True,0.5,Proportion of available bankcard credit currently in use; Amount of credit requested; Amount of credit requested is high in relation to income; Excessive obligations in relation to income,Proportion of available bankcard credit currently in use; Credit bureau score and the credit history behind it; Recency of inquiries on credit bureau report; Amount of credit requested is high in relation to income
1916357,0.3607,Recency of inquiries on credit bureau report,Recency of inquiries on credit bureau report,True,1.0,Recency of inquiries on credit bureau report; Purpose of the credit requested; Number of accounts opened recently; Number of recent inquiries on credit bureau report,Recency of inquiries on credit bureau report; Purpose of the credit requested; Number of accounts opened recently; Number of recent inquiries on credit bureau report
329806,0.3056,Number of accounts opened recently,Credit bureau score and the credit history behind it,False,1.0,Number of accounts opened recently; Excessive obligations in relation to income; Credit bureau score and the credit history behind it; Number of bankcard accounts near their credit limit,Credit bureau score and the credit history behind it; Number of accounts opened recently; Excessive obligations in relation to income; Number of bankcard accounts near their credit limit
1222034,0.3597,Amount of credit requested is high in relation to income,Credit bureau score and the credit history behind it,False,1.0,Amount of credit requested is high in relation to income; Credit bureau score and the credit history behind it; Delinquent past or present credit obligations with others; Number of accounts opened recently,Credit bureau score and the credit history behind it; Amount of credit requested is high in relation to income; Number of accounts opened recently; Delinquent past or present credit obligations with others
186826,0.3077,Excessive obligations in relation to income,Excessive obligations in relation to income,True,1.0,Excessive obligations in relation to income; Purpose of the credit requested; Type of residence; Recency of inquiries on credit bureau report,Excessive obligations in relation to income; Purpose of the credit requested; Recency of inquiries on credit bureau report; Type of residence
79108,0.7174,Number of accounts opened recently,Number of accounts opened recently,True,1.0,Number of accounts opened recently; Purpose of the credit requested; Excessive obligations in relation to income; Proportion of available bankcard credit currently in use,Number of accounts opened recently; Purpose of the credit requested; Proportion of available bankcard credit currently in use; Excessive obligations in relation to income
536127,0.4025,Number of accounts opened recently,Number of accounts opened recently,True,0.75,Number of accounts opened recently; Recency of inquiries on credit bureau report; Proportion of available bankcard credit currently in use; Excessive obligations in relation to income,Number of accounts opened recently; Recency of inquiries on credit bureau report; Proportion of available bankcard credit currently in use; Unable to verify income
577756,0.4248,Number of accounts opened recently,Number of accounts opened recently,True,1.0,Number of accounts opened recently; Proportion of available bankcard credit currently in use; Recency of inquiries on credit bureau report; Credit bureau score and the credit history behind it,Number of accounts opened recently; Proportion of available bankcard credit currently in use; Credit bureau score and the credit history behind it; Recency of inquiries on credit bureau report
252354,0.4676,Amount of credit requested is high in relation to income,Amount of credit requested is high in relation to income,True,1.0,Amount of credit requested is high in relation to income; Excessive obligations in relation to income; Type of residence; Proportion of available revolving credit currently in use,Amount of credit requested is high in relation to income; Excessive obligations in relation to income; Type of residence; Proportion of available revolving credit currently in use
448712,0.3622,Number of accounts opened recently,Number of accounts opened recently,True,1.0,Number of accounts opened recently; Amount of revolving credit available; Proportion of available bankcard credit currently in use; Credit bureau score and the credit history behind it,Number of accounts opened recently; Amount of revolving credit available; Credit bureau score and the credit history behind it; Proportion of available bankcard credit currently in use
1005197,0.3314,Number of recent inquiries on credit bureau report,Number of recent inquiries on credit bureau report,True,0.5,Number of recent inquiries on credit bureau report; Type of residence; Amount of revolving credit available; Recency of inquiries on credit bureau report,Number of recent inquiries on credit bureau report; Credit bureau score and the credit history behind it; Type of residence; Number of accounts opened recently
532397,0.4004,Number of recent inquiries on credit bureau report,Number of recent inquiries on credit bureau report,True,0.75,Number of recent inquiries on credit bureau report; Recency of inquiries on credit bureau report; Amount of credit requested is high in relation to income; Proportion of available bankcard credit currently in use,Number of recent inquiries on credit bureau report; Recency of inquiries on credit bureau report; Amount of credit requested is high in relation to income; Amount of credit requested
1900622,0.335,Amount of credit requested is high in relation to income,Amount of credit requested is high in relation to income,True,1.0,Amount of credit requested is high in relation to income; Recency of inquiries on credit bureau report; Number of recent inquiries on credit bureau report; Credit bureau score and the credit history behind it,Amount of credit requested is high in relation to income; Recency of inquiries on credit bureau report; Credit bureau score and the credit history behind it; Number of recent inquiries on credit bureau report
1958122,0.4182,Number of accounts opened recently,Number of accounts opened recently,True,1.0,Number of accounts opened recently; Credit bureau score and the credit history behind it; Amount of credit requested is high in relation to income; Length of employment,Number of accounts opened recently; Credit bureau score and the credit history behind it; Amount of credit requested is high in relation to income; Length of employment
1759386,0.3182,Length of employment,Length of employment,True,0.5,Length of employment; Proportion of available revolving credit currently in use; Number of bankcard accounts near their credit limit; Payment history on credit obligations,Length of employment; Proportion of available revolving credit currently in use; Credit bureau score and the credit history behind it; Income insufficient for amount of credit requested
1153221,0.3141,Number of accounts opened recently,Number of accounts opened recently,True,1.0,Number of accounts opened recently; Amount of credit requested; Recency of inquiries on credit bureau report; Amount of credit requested is high in relation to income,Number of accounts opened recently; Recency of inquiries on credit bureau report; Amount of credit requested; Amount of credit requested is high in relation to income
351427,0.3055,Excessive obligations in relation to income,Excessive obligations in relation to income,True,0.75,Excessive obligations in relation to income; Type of residence; Number of bankcard accounts near their credit limit; Payment history on credit obligations,Excessive obligations in relation to income; Credit bureau score and the credit history behind it; Type of residence; Number of bankcard accounts near their credit limit
598255,0.5112,Credit bureau score and the credit history behind it,Credit bureau score and the credit history behind it,True,1.0,Credit bureau score and the credit history behind it; Number of recent inquiries on credit bureau report; Delinquent past or present credit obligations with others; Recency of inquiries on credit bureau report,Credit bureau score and the credit history behind it; Number of recent inquiries on credit bureau report; Delinquent past or present credit obligations with others; Recency of inquiries on credit bureau report
1944690,0.4711,Excessive obligations in relation to income,Recency of inquiries on credit bureau report,False,0.75,Excessive obligations in relation to income; Amount of credit requested is high in relation to income; Length of employment; Recency of inquiries on credit bureau report,Recency of inquiries on credit bureau report; Length of employment; Credit bureau score and the credit history behind it; Amount of credit requested is high in relation to income
2148613,0.301,Amount of credit requested is high in relation to income,Amount of credit requested is high in relation to income,True,0.75,Amount of credit requested is high in relation to income; Recency of inquiries on credit bureau report; Payment history on credit obligations; Number of recent inquiries on credit bureau report,Amount of credit requested is high in relation to income; Recency of inquiries on credit bureau report; Unable to verify income; Payment history on credit obligations
273670,0.3129,Number of accounts opened recently,Number of accounts opened recently,True,1.0,Number of accounts opened recently; Credit bureau score and the credit history behind it; Recency of inquiries on credit bureau report; Number of bankcard accounts near their credit limit,Number of accounts opened recently; Credit bureau score and the credit history behind it; Recency of inquiries on credit bureau report; Number of bankcard accounts near their credit limit
1168820,0.5395,Number of accounts opened recently,Number of accounts opened recently,True,1.0,Number of accounts opened recently; Amount of credit requested is high in relation to income; Amount of credit requested; Recency of inquiries on credit bureau report,Number of accounts opened recently; Amount of credit requested is high in relation to income; Amount of credit requested; Recency of inquiries on credit bureau report
417254,0.443,Recency of inquiries on credit bureau report,Recency of inquiries on credit bureau report,True,0.75,Recency of inquiries on credit bureau report; Amount of revolving credit available; Payment history on credit obligations; Number of recent inquiries on credit bureau report,Recency of inquiries on credit bureau report; Amount of revolving credit available; Unable to verify income; Payment history on credit obligations
2239436,0.3948,Number of accounts opened recently,Number of accounts opened recently,True,0.75,Number of accounts opened recently; Excessive obligations in relation to income; Type of residence; Credit bureau score and the credit history behind it,Number of accounts opened recently; Credit bureau score and the credit history behind it; Excessive obligations in relation to income; Recency of inquiries on credit bureau report
1197170,0.4119,Number of accounts opened recently,Number of accounts opened recently,True,0.75,Number of accounts opened recently; Type of residence; Number of bankcard accounts near their credit limit; Credit bureau score and the credit history behind it,Number of accounts opened recently; Credit bureau score and the credit history behind it; Purpose of the credit requested; Type of residence
1182975,0.5201,Number of accounts opened recently,Number of accounts opened recently,True,0.75,Number of accounts opened recently; Amount of credit requested is high in relation to income; Excessive obligations in relation to income; Amount of credit requested,Number of accounts opened recently; Amount of credit requested is high in relation to income; Excessive obligations in relation to income; Credit bureau score and the credit history behind it
838095,0.4049,Amount of credit requested is high in relation to income,Number of accounts opened recently,False,1.0,Amount of credit requested is high in relation to income; Number of accounts opened recently; Recency of inquiries on credit bureau report; Type of residence,Number of accounts opened recently; Recency of inquiries on credit bureau report; Amount of credit requested is high in relation to income; Type of residence
144686,0.5128,Number of accounts opened recently,Number of accounts opened recently,True,1.0,Number of accounts opened recently; Excessive obligations in relation to income; Credit bureau score and the credit history behind it; Type of residence,Number of accounts opened recently; Credit bureau score and the credit history behind it; Excessive obligations in relation to income; Type of residence
504491,0.3525,Amount of credit requested,Number of recent inquiries on credit bureau report,False,1.0,Amount of credit requested; Number of recent inquiries on credit bureau report; Credit bureau score and the credit history behind it; Recency of inquiries on credit bureau report,Number of recent inquiries on credit bureau report; Credit bureau score and the credit history behind it; Amount of credit requested; Recency of inquiries on credit bureau report
328651,0.3323,Amount of credit requested is high in relation to income,Amount of credit requested is high in relation to income,True,1.0,Amount of credit requested is high in relation to income; Number of recent inquiries on credit bureau report; Credit bureau score and the credit history behind it; Proportion of available revolving credit currently in use,Amount of credit requested is high in relation to income; Credit bureau score and the credit history behind it; Number of recent inquiries on credit bureau report; Proportion of available revolving credit currently in use
1176261,0.3839,Excessive obligations in relation to income,Number of accounts opened recently,False,1.0,Excessive obligations in relation to income; Number of accounts opened recently; Recency of inquiries on credit bureau report; Credit bureau score and the credit history behind it,Number of accounts opened recently; Excessive obligations in relation to income; Credit bureau score and the credit history behind it; Recency of inquiries on credit bureau report
645086,0.3816,Number of accounts opened recently,Number of accounts opened recently,True,1.0,Number of accounts opened recently; Excessive obligations in relation to income; Type of residence; Credit bureau score and the credit history behind it,Number of accounts opened recently; Excessive obligations in relation to income; Credit bureau score and the credit history behind it; Type of residence
1245113,0.3662,Number of recent inquiries on credit bureau report,Number of recent inquiries on credit bureau report,True,1.0,Number of recent inquiries on credit bureau report; Length of employment; Amount of credit requested is high in relation to income; Number of accounts opened recently,Number of recent inquiries on credit bureau report; Length of employment; Amount of credit requested is high in relation to income; Number of accounts opened recently
328595,0.3134,Amount of credit requested is high in relation to income,Number of accounts opened recently,False,1.0,Amount of credit requested is high in relation to income; Number of accounts opened recently; Amount of credit requested; Excessive obligations in relation to income,Number of accounts opened recently; Amount of credit requested is high in relation to income; Amount of credit requested; Excessive obligations in relation to income
428447,0.4494,Excessive obligations in relation to income,Number of accounts opened recently,False,0.75,Excessive obligations in relation to income; Number of accounts opened recently; Type of residence; Payment history on credit obligations,Number of accounts opened recently; Excessive obligations in relation to income; Credit bureau score and the credit history behind it; Type of residence
1307487,0.4342,Purpose of the credit requested,Purpose of the credit requested,True,0.75,Purpose of the credit requested; Credit bureau score and the credit history behind it; Proportion of available revolving credit currently in use; Type of residence,Purpose of the credit requested; Credit bureau score and the credit history behind it; Proportion of available revolving credit currently in use; Unable to verify income
1890372,0.361,Excessive obligations in relation to income,Excessive obligations in relation to income,True,1.0,Excessive obligations in relation to income; Proportion of available revolving credit currently in use; Credit bureau score and the credit history behind it; Type of residence,Excessive obligations in relation to income; Credit bureau score and the credit history behind it; Proportion of available revolving credit currently in use; Type of residence
2253144,0.4129,Purpose of the credit requested,Purpose of the credit requested,True,0.75,Purpose of the credit requested; Recency of inquiries on credit bureau report; Type of residence; Amount of revolving credit available,Purpose of the credit requested; Recency of inquiries on credit bureau report; Amount of revolving credit available; Number of recent inquiries on credit bureau report
1893141,0.3037,Number of recent inquiries on credit bureau report,Number of recent inquiries on credit bureau report,True,1.0,Number of recent inquiries on credit bureau report; Type of residence; Number of accounts opened recently; Credit bureau score and the credit history behind it,Number of recent inquiries on credit bureau report; Credit bureau score and the credit history behind it; Number of accounts opened recently; Type of residence
1523900,0.322,Number of accounts opened recently,Number of accounts opened recently,True,0.75,Number of accounts opened recently; Amount of credit requested is high in relation to income; Recency of inquiries on credit bureau report; Type of residence,Number of accounts opened recently; Amount of credit requested is high in relation to income; Recency of inquiries on credit bureau report; Unable to verify income
796929,0.3141,Amount of credit requested is high in relation to income,Amount of credit requested is high in relation to income,True,1.0,Amount of credit requested is high in relation to income; Credit bureau score and the credit history behind it; Type of residence; Excessive obligations in relation to income,Amount of credit requested is high in relation to income; Credit bureau score and the credit history behind it; Type of residence; Excessive obligations in relation to income
681572,0.3016,Excessive obligations in relation to income,Excessive obligations in relation to income,True,0.75,Excessive obligations in relation to income; Amount of credit requested is high in relation to income; Number of accounts opened recently; Number of bankcard accounts near their credit limit,Excessive obligations in relation to income; Credit bureau score and the credit history behind it; Number of accounts opened recently; Amount of credit requested is high in relation to income
1898889,0.4786,Excessive obligations in relation to income,Number of accounts opened recently,False,1.0,Excessive obligations in relation to income; Number of accounts opened recently; Credit bureau score and the credit history behind it; Type of residence,Number of accounts opened recently; Credit bureau score and the credit history behind it; Excessive obligations in relation to income; Type of residence
886542,0.3839,Number of accounts opened recently,Number of accounts opened recently,True,1.0,Number of accounts opened recently; Credit bureau score and the credit history behind it; Excessive obligations in relation to income; Recency of inquiries on credit bureau report,Number of accounts opened recently; Credit bureau score and the credit history behind it; Recency of inquiries on credit bureau report; Excessive obligations in relation to income
123412,0.3355,Amount of credit requested is high in relation to income,Credit bureau score and the credit history behind it,False,1.0,Amount of credit requested is high in relation to income; Credit bureau score and the credit history behind it; Bankruptcy; Number of bankcard accounts near their credit limit,Credit bureau score and the credit history behind it; Amount of credit requested is high in relation to income; Bankruptcy; Number of bankcard accounts near their credit limit
314608,0.4396,Amount of credit requested is high in relation to income,Amount of credit requested is high in relation to income,True,1.0,Amount of credit requested is high in relation to income; Amount of credit requested; Number of accounts opened recently; Excessive obligations in relation to income,Amount of credit requested is high in relation to income; Amount of credit requested; Number of accounts opened recently; Excessive obligations in relation to income
1995519,0.3082,Amount of credit requested is high in relation to income,Amount of credit requested is high in relation to income,True,1.0,Amount of credit requested is high in relation to income; Credit bureau score and the credit history behind it; Number of recent inquiries on credit bureau report; Delinquent past or present credit obligations with others,Amount of credit requested is high in relation to income; Credit bureau score and the credit history behind it; Number of recent inquiries on credit bureau report; Delinquent past or present credit obligations with others
1198635,0.3635,Amount of credit requested is high in relation to income,Number of accounts opened recently,False,0.5,Amount of credit requested is high in relation to income; Number of accounts opened recently; Number of bankcard accounts near their credit limit; Amount of credit requested,Number of accounts opened recently; Amount of credit requested is high in relation to income; Purpose of the credit requested; Type of residence
946069,0.3851,Number of accounts opened recently,Number of accounts opened recently,True,1.0,Number of accounts opened recently; Credit bureau score and the credit history behind it; Type of residence; Unable to verify income,Number of accounts opened recently; Credit bureau score and the credit history behind it; Type of residence; Unable to verify income
256426,0.5396,Excessive obligations in relation to income,Number of accounts opened recently,False,1.0,Excessive obligations in relation to income; Number of accounts opened recently; Credit bureau score and the credit history behind it; Type of residence,Number of accounts opened recently; Excessive obligations in relation to income; Credit bureau score and the credit history behind it; Type of residence
1742821,0.3068,Amount of credit requested is high in relation to income,Amount of credit requested is high in relation to income,True,0.75,Amount of credit requested is high in relation to income; Length of employment; Credit bureau score and the credit history behind it; Proportion of available bankcard credit currently in use,Amount of credit requested is high in relation to income; Credit bureau score and the credit history behind it; Length of employment; Number of accounts opened recently
386599,0.4047,Number of accounts opened recently,Credit bureau score and the credit history behind it,False,0.75,Number of accounts opened recently; Credit bureau score and the credit history behind it; Recency of inquiries on credit bureau report; Type of residence,Credit bureau score and the credit history behind it; Number of accounts opened recently; Recency of inquiries on credit bureau report; Length of employment
1641083,0.3293,Amount of credit requested is high in relation to income,Amount of credit requested is high in relation to income,True,1.0,Amount of credit requested is high in relation to income; Proportion of available bankcard credit currently in use; Number of recent inquiries on credit bureau report; Proportion of available revolving credit currently in use,Amount of credit requested is high in relation to income; Proportion of available bankcard credit currently in use; Number of recent inquiries on credit bureau report; Proportion of available revolving credit currently in use
1742022,0.3997,Number of accounts opened recently,Number of accounts opened recently,True,0.75,Number of accounts opened recently; Amount of credit requested; Amount of credit requested is high in relation to income; Number of recent inquiries on credit bureau report,Number of accounts opened recently; Amount of credit requested; Credit bureau score and the credit history behind it; Amount of credit requested is high in relation to income
1023284,0.3639,Amount of credit requested is high in relation to income,Credit bureau score and the credit history behind it,False,0.75,Amount of credit requested is high in relation to income; Number of bankcard accounts near their credit limit; Credit bureau score and the credit history behind it; Type of residence,Credit bureau score and the credit history behind it; Amount of credit requested is high in relation to income; Type of residence; Number of accounts opened recently
1016938,0.7216,Amount of credit requested is high in relation to income,Number of accounts opened recently,False,1.0,Amount of credit requested is high in relation to income; Number of accounts opened recently; Proportion of available bankcard credit currently in use; Recency of inquiries on credit bureau report,Number of accounts opened recently; Amount of credit requested is high in relation to income; Proportion of available bankcard credit currently in use; Recency of inquiries on credit bureau report
2221414,0.3233,Number of accounts opened recently,Number of accounts opened recently,True,0.75,Number of accounts opened recently; Recency of delinquency on credit obligations; Proportion of available bankcard credit currently in use; Amount of revolving credit available,Number of accounts opened recently; Recency of delinquency on credit obligations; Credit bureau score and the credit history behind it; Proportion of available bankcard credit currently in use
410470,0.325,Number of accounts opened recently,Number of accounts opened recently,True,0.75,Number of accounts opened recently; Length of employment; Credit bureau score and the credit history behind it; Recency of delinquency on credit obligations,Number of accounts opened recently; Length of employment; Credit bureau score and the credit history behind it; Unable to verify income
587173,0.3106,Number of accounts opened recently,Number of accounts opened recently,True,1.0,Number of accounts opened recently; Credit bureau score and the credit history behind it; Amount of credit requested is high in relation to income; Length of employment,Number of accounts opened recently; Credit bureau score and the credit history behind it; Length of employment; Amount of credit requested is high in relation to income
2158857,0.3106,Amount of credit requested is high in relation to income,Amount of credit requested is high in relation to income,True,0.75,Amount of credit requested is high in relation to income; Excessive obligations in relation to income; Credit bureau score and the credit history behind it; Bankruptcy,Amount of credit requested is high in relation to income; Credit bureau score and the credit history behind it; Excessive obligations in relation to income; Recency of delinquency on credit obligations
2232121,0.6572,Number of accounts opened recently,Number of accounts opened recently,True,1.0,Number of accounts opened recently; Amount of credit requested is high in relation to income; Excessive obligations in relation to income; Amount of credit requested,Number of accounts opened recently; Amount of credit requested is high in relation to income; Excessive obligations in relation to income; Amount of credit requested
2198354,0.4117,Number of accounts opened recently,Number of accounts opened recently,True,0.75,Number of accounts opened recently; Excessive obligations in relation to income; Number of recent inquiries on credit bureau report; Amount of credit requested is high in relation to income,Number of accounts opened recently; Excessive obligations in relation to income; Number of recent inquiries on credit bureau report; Credit bureau score and the credit history behind it
1450599,0.3341,Amount of credit requested is high in relation to income,Amount of credit requested is high in relation to income,True,0.75,Amount of credit requested is high in relation to income; Type of residence; Excessive obligations in relation to income; Payment history on credit obligations,Amount of credit requested is high in relation to income; Type of residence; Excessive obligations in relation to income; Number of accounts opened recently
143001,0.5306,Number of accounts opened recently,Number of accounts opened recently,True,1.0,Number of accounts opened recently; Amount of credit requested is high in relation to income; Credit bureau score and the credit history behind it; Length of employment,Number of accounts opened recently; Amount of credit requested is high in relation to income; Credit bureau score and the credit history behind it; Length of employment
1352048,0.3083,Excessive obligations in relation to income,Length of employment,False,1.0,Excessive obligations in relation to income; Length of employment; Credit bureau score and the credit history behind it; Income insufficient for amount of credit requested,Length of employment; Excessive obligations in relation to income; Credit bureau score and the credit history behind it; Income insufficient for amount of credit requested
75812,0.3524,Excessive obligations in relation to income,Number of accounts opened recently,False,1.0,Excessive obligations in relation to income; Number of accounts opened recently; Amount of credit requested is high in relation to income; Recency of inquiries on credit bureau report,Number of accounts opened recently; Excessive obligations in relation to income; Amount of credit requested is high in relation to income; Recency of inquiries on credit bureau report
350252,0.4041,Amount of credit requested is high in relation to income,Amount of credit requested is high in relation to income,True,1.0,Amount of credit requested is high in relation to income; Credit bureau score and the credit history behind it; Number of accounts opened recently; Type of residence,Amount of credit requested is high in relation to income; Credit bureau score and the credit history behind it; Number of accounts opened recently; Type of residence
725962,0.4304,Amount of credit requested is high in relation to income,Amount of credit requested is high in relation to income,True,0.75,Amount of credit requested is high in relation to income; Amount of credit requested; Credit bureau score and the credit history behind it; Type of residence,Amount of credit requested is high in relation to income; Credit bureau score and the credit history behind it; Amount of credit requested; Length of employment
1361673,0.3006,Number of accounts opened recently,Number of accounts opened recently,True,0.75,Number of accounts opened recently; Length of employment; Credit bureau score and the credit history behind it; Income insufficient for amount of credit requested,Number of accounts opened recently; Length of employment; Credit bureau score and the credit history behind it; Unable to verify income
2256962,0.3765,Amount of credit requested is high in relation to income,Credit bureau score and the credit history behind it,False,0.75,Amount of credit requested is high in relation to income; Type of residence; Credit bureau score and the credit history behind it; Excessive obligations in relation to income,Credit bureau score and the credit history behind it; Amount of credit requested is high in relation to income; Type of residence; Proportion of available bankcard credit currently in use
404985,0.3029,Amount of credit requested is high in relation to income,Number of accounts opened recently,False,0.75,Amount of credit requested is high in relation to income; Number of accounts opened recently; Recency of inquiries on credit bureau report; Excessive obligations in relation to income,Number of accounts opened recently; Amount of credit requested is high in relation to income; Recency of inquiries on credit bureau report; Length of employment
510484,0.3409,Delinquent past or present credit obligations with others,Delinquent past or present credit obligations with others,True,1.0,Delinquent past or present credit obligations with others; Number of accounts opened recently; Credit bureau score and the credit history behind it; Recency of delinquency on credit obligations,Delinquent past or present credit obligations with others; Number of accounts opened recently; Credit bureau score and the credit history behind it; Recency of delinquency on credit obligations
2200618,0.3118,Number of accounts opened recently,Number of accounts opened recently,True,1.0,Number of accounts opened recently; Recency of inquiries on credit bureau report; Credit bureau score and the credit history behind it; Type of residence,Number of accounts opened recently; Credit bureau score and the credit history behind it; Recency of inquiries on credit bureau report; Type of residence
1483460,0.4693,Type of residence,Number of accounts opened recently,False,1.0,Type of residence; Number of accounts opened recently; Amount of credit requested; Credit bureau score and the credit history behind it,Number of accounts opened recently; Credit bureau score and the credit history behind it; Type of residence; Amount of credit requested
377455,0.3774,Number of accounts opened recently,Number of accounts opened recently,True,0.75,Number of accounts opened recently; Recency of inquiries on credit bureau report; Excessive obligations in relation to income; Type of residence,Number of accounts opened recently; Recency of inquiries on credit bureau report; Number of recent inquiries on credit bureau report; Type of residence
1981214,0.3547,Proportion of available bankcard credit currently in use,Proportion of available bankcard credit currently in use,True,0.75,Proportion of available bankcard credit currently in use; Proportion of available revolving credit currently in use; Number of bankcard accounts near their credit limit; Credit bureau score and the credit history behind it,Proportion of available bankcard credit currently in use; Proportion of available revolving credit currently in use; Credit bureau score and the credit history behind it; Amount of revolving credit available
908510,0.3514,Number of accounts opened recently,Number of accounts opened recently,True,0.75,Number of accounts opened recently; Excessive obligations in relation to income; Recency of inquiries on credit bureau report; Unable to verify income,Number of accounts opened recently; Recency of inquiries on credit bureau report; Excessive obligations in relation to income; Credit bureau score and the credit history behind it
813479,0.3657,Number of accounts opened recently,Number of accounts opened recently,True,1.0,Number of accounts opened recently; Credit bureau score and the credit history behind it; Recency of inquiries on credit bureau report; Recency of delinquency on credit obligations,Number of accounts opened recently; Credit bureau score and the credit history behind it; Recency of inquiries on credit bureau report; Recency of delinquency on credit obligations
1694736,0.3149,Number of recent inquiries on credit bureau report,Number of recent inquiries on credit bureau report,True,0.75,Number of recent inquiries on credit bureau report; Recency of inquiries on credit bureau report; Type of residence; Amount of credit requested,Number of recent inquiries on credit bureau report; Recency of inquiries on credit bureau report; Type of residence; Credit bureau score and the credit history behind it
606929,0.32,Number of accounts opened recently,Number of accounts opened recently,True,1.0,Number of accounts opened recently; Recency of inquiries on credit bureau report; Number of recent inquiries on credit bureau report; Type of residence,Number of accounts opened recently; Recency of inquiries on credit bureau report; Number of recent inquiries on credit bureau report; Type of residence
1041083,0.6592,Amount of credit requested is high in relation to income,Purpose of the credit requested,False,0.75,Amount of credit requested is high in relation to income; Purpose of the credit requested; Type of residence; Amount of credit requested,Purpose of the credit requested; Amount of credit requested is high in relation to income; Amount of credit requested; Recency of inquiries on credit bureau report
1873124,0.4662,Proportion of available revolving credit currently in use,Credit bureau score and the credit history behind it,False,1.0,Proportion of available revolving credit currently in use; Credit bureau score and the credit history behind it; Proportion of available bankcard credit currently in use; Amount of credit requested is high in relation to income,Credit bureau score and the credit history behind it; Proportion of available revolving credit currently in use; Proportion of available bankcard credit currently in use; Amount of credit requested is high in relation to income
1854598,0.3196,Amount of credit requested,Amount of credit requested,True,1.0,Amount of credit requested; Amount of credit requested is high in relation to income; Recency of delinquency on credit obligations; Number of accounts opened recently,Amount of credit requested; Recency of delinquency on credit obligations; Amount of credit requested is high in relation to income; Number of accounts opened recently
1561685,0.3238,Amount of credit requested,Credit bureau score and the credit history behind it,False,1.0,Amount of credit requested; Number of accounts opened recently; Credit bureau score and the credit history behind it; Recency of inquiries on credit bureau report,Credit bureau score and the credit history behind it; Number of accounts opened recently; Amount of credit requested; Recency of inquiries on credit bureau report
2018726,0.3139,Amount of credit requested is high in relation to income,Number of accounts opened recently,False,1.0,Amount of credit requested is high in relation to income; Number of accounts opened recently; Type of residence; Unable to verify income,Number of accounts opened recently; Amount of credit requested is high in relation to income; Type of residence; Unable to verify income
1460051,0.3239,Amount of credit requested is high in relation to income,Amount of credit requested is high in relation to income,True,0.75,Amount of credit requested is high in relation to income; Recency of inquiries on credit bureau report; Excessive obligations in relation to income; Amount of credit requested,Amount of credit requested is high in relation to income; Recency of inquiries on credit bureau report; Credit bureau score and the credit history behind it; Amount of credit requested
2204600,0.3251,Amount of credit requested is high in relation to income,Credit bureau score and the credit history behind it,False,0.75,Amount of credit requested is high in relation to income; Credit bureau score and the credit history behind it; Number of bankcard accounts near their credit limit; Length of employment,Credit bureau score and the credit history behind it; Amount of credit requested is high in relation to income; Number of accounts opened recently; Length of employment
2254853,0.3367,Number of accounts opened recently,Number of accounts opened recently,True,0.75,Number of accounts opened recently; Type of residence; Amount of revolving credit available; Number of bankcard accounts near their credit limit,Number of accounts opened recently; Type of residence; Amount of revolving credit available; Credit bureau score and the credit history behind it
1780278,0.3301,Credit bureau score and the credit history behind it,Credit bureau score and the credit history behind it,True,1.0,Credit bureau score and the credit history behind it; Length of employment; Amount of revolving credit available; Payment history on credit obligations,Credit bureau score and the credit history behind it; Length of employment; Payment history on credit obligations; Amount of revolving credit available
222870,0.6964,Number of accounts opened recently,Number of accounts opened recently,True,0.75,Number of accounts opened recently; Number of recent inquiries on credit bureau report; Purpose of the credit requested; Excessive obligations in relation to income,Number of accounts opened recently; Number of recent inquiries on credit bureau report; Purpose of the credit requested; Credit bureau score and the credit history behind it
2239248,0.4434,Number of accounts opened recently,Number of accounts opened recently,True,1.0,Number of accounts opened recently; Type of residence; Credit bureau score and the credit history behind it; Income insufficient for amount of credit requested,Number of accounts opened recently; Credit bureau score and the credit history behind it; Type of residence; Income insufficient for amount of credit requested
1537661,0.3576,Amount of credit requested is high in relation to income,Length of employment,False,1.0,Amount of credit requested is high in relation to income; Length of employment; Type of residence; Credit bureau score and the credit history behind it,Length of employment; Amount of credit requested is high in relation to income; Credit bureau score and the credit history behind it; Type of residence
2032691,0.4955,Number of accounts opened recently,Number of accounts opened recently,True,0.75,Number of accounts opened recently; Excessive obligations in relation to income; Amount of credit requested is high in relation to income; Type of residence,Number of accounts opened recently; Credit bureau score and the credit history behind it; Excessive obligations in relation to income; Amount of credit requested is high in relation to income
464572,0.3086,Number of accounts opened recently,Number of accounts opened recently,True,1.0,Number of accounts opened recently; Purpose of the credit requested; Excessive obligations in relation to income; Number of bankcard accounts near their credit limit,Number of accounts opened recently; Purpose of the credit requested; Excessive obligations in relation to income; Number of bankcard accounts near their credit limit
1579677,0.3857,Number of accounts opened recently,Number of accounts opened recently,True,1.0,Number of accounts opened recently; Number of recent inquiries on credit bureau report; Recency of inquiries on credit bureau report; Credit bureau score and the credit history behind it,Number of accounts opened recently; Number of recent inquiries on credit bureau report; Credit bureau score and the credit history behind it; Recency of inquiries on credit bureau report
614035,0.384,Number of recent inquiries on credit bureau report,Credit bureau score and the credit history behind it,False,1.0,Number of recent inquiries on credit bureau report; Proportion of available bankcard credit currently in use; Credit bureau score and the credit history behind it; Recency of delinquency on credit obligations,Credit bureau score and the credit history behind it; Number of recent inquiries on credit bureau report; Proportion of available bankcard credit currently in use; Recency of delinquency on credit obligations
1868824,0.3626,Credit bureau score and the credit history behind it,Credit bureau score and the credit history behind it,True,0.75,Credit bureau score and the credit history behind it; Type of residence; Delinquent past or present credit obligations with others; Amount of credit requested,Credit bureau score and the credit history behind it; Type of residence; Delinquent past or present credit obligations with others; Number of accounts opened recently
1547208,0.4249,Number of accounts opened recently,Number of accounts opened recently,True,0.75,Number of accounts opened recently; Excessive obligations in relation to income; Recency of inquiries on credit bureau report; Type of residence,Number of accounts opened recently; Credit bureau score and the credit history behind it; Recency of inquiries on credit bureau report; Excessive obligations in relation to income
1809573,0.3473,Amount of credit requested is high in relation to income,Recency of inquiries on credit bureau report,False,0.75,Amount of credit requested is high in relation to income; Recency of inquiries on credit bureau report; Type of residence; Amount of credit requested,Recency of inquiries on credit bureau report; Amount of credit requested is high in relation to income; Type of residence; Credit bureau score and the credit history behind it
1180028,0.3598,Number of recent inquiries on credit bureau report,Number of recent inquiries on credit bureau report,True,1.0,Number of recent inquiries on credit bureau report; Credit bureau score and the credit history behind it; Proportion of available revolving credit currently in use; Amount of revolving credit available,Number of recent inquiries on credit bureau report; Credit bureau score and the credit history behind it; Proportion of available revolving credit currently in use; Amount of revolving credit available
1228837,0.3815,Amount of credit requested is high in relation to income,Credit bureau score and the credit history behind it,False,1.0,Amount of credit requested is high in relation to income; Length of employment; Excessive obligations in relation to income; Credit bureau score and the credit history behind it,Credit bureau score and the credit history behind it; Amount of credit requested is high in relation to income; Length of employment; Excessive obligations in relation to income
170940,0.3567,Number of accounts opened recently,Number of accounts opened recently,True,0.75,Number of accounts opened recently; Credit bureau score and the credit history behind it; Excessive obligations in relation to income; Amount of credit requested is high in relation to income,Number of accounts opened recently; Credit bureau score and the credit history behind it; Unable to verify income; Excessive obligations in relation to income
909900,0.3397,Credit bureau score and the credit history behind it,Credit bureau score and the credit history behind it,True,0.75,Credit bureau score and the credit history behind it; Amount of credit requested is high in relation to income; Excessive obligations in relation to income; Number of accounts opened recently,Credit bureau score and the credit history behind it; Number of accounts opened recently; Amount of credit requested is high in relation to income; Recency of inquiries on credit bureau report
1028359,0.3311,Number of accounts opened recently,Number of accounts opened recently,True,0.75,Number of accounts opened recently; Excessive obligations in relation to income; Amount of credit requested is high in relation to income; Unable to verify income,Number of accounts opened recently; Excessive obligations in relation to income; Amount of credit requested is high in relation to income; Credit bureau score and the credit history behind it
1516235,0.6254,Recency of inquiries on credit bureau report,Recency of inquiries on credit bureau report,True,0.75,Recency of inquiries on credit bureau report; Proportion of available bankcard credit currently in use; Number of recent inquiries on credit bureau report; Type of residence,Recency of inquiries on credit bureau report; Proportion of available bankcard credit currently in use; Number of recent inquiries on credit bureau report; Number of accounts opened recently
42737,0.3002,Amount of credit requested is high in relation to income,Amount of credit requested is high in relation to income,True,1.0,Amount of credit requested is high in relation to income; Length of employment; Recency of delinquency on credit obligations; Proportion of available bankcard credit currently in use,Amount of credit requested is high in relation to income; Length of employment; Recency of delinquency on credit obligations; Proportion of available bankcard credit currently in use
1393336,0.3137,Purpose of the credit requested,Purpose of the credit requested,True,0.75,Purpose of the credit requested; Amount of credit requested is high in relation to income; Amount of credit requested; Recency of inquiries on credit bureau report,Purpose of the credit requested; Amount of credit requested is high in relation to income; Recency of inquiries on credit bureau report; Unable to verify income
1400324,0.3508,Number of accounts opened recently,Number of accounts opened recently,True,0.75,Number of accounts opened recently; Credit bureau score and the credit history behind it; Amount of credit requested is high in relation to income; Number of bankcard accounts near their credit limit,Number of accounts opened recently; Credit bureau score and the credit history behind it; Amount of credit requested is high in relation to income; Recency of inquiries on credit bureau report
706809,0.3089,Proportion of available bankcard credit currently in use,Proportion of available bankcard credit currently in use,True,1.0,Proportion of available bankcard credit currently in use; Amount of revolving credit available; Type of residence; Credit bureau score and the credit history behind it,Proportion of available bankcard credit currently in use; Credit bureau score and the credit history behind it; Amount of revolving credit available; Type of residence
1999342,0.3439,Number of accounts opened recently,Number of accounts opened recently,True,1.0,Number of accounts opened recently; Recency of inquiries on credit bureau report; Length of employment; Credit bureau score and the credit history behind it,Number of accounts opened recently; Recency of inquiries on credit bureau report; Length of employment; Credit bureau score and the credit history behind it
577687,0.4297,Number of accounts opened recently,Number of accounts opened recently,True,1.0,Number of accounts opened recently; Excessive obligations in relation to income; Credit bureau score and the credit history behind it; Unable to verify income,Number of accounts opened recently; Credit bureau score and the credit history behind it; Excessive obligations in relation to income; Unable to verify income
471243,0.6106,Purpose of the credit requested,Purpose of the credit requested,True,0.75,Purpose of the credit requested; Recency of inquiries on credit bureau report; Amount of revolving credit available; Type of residence,Purpose of the credit requested; Recency of inquiries on credit bureau report; Amount of revolving credit available; Unable to verify income
2254132,0.3899,Number of accounts opened recently,Number of accounts opened recently,True,0.75,Number of accounts opened recently; Credit bureau score and the credit history behind it; Recency of inquiries on credit bureau report; Amount of credit requested is high in relation to income,Number of accounts opened recently; Credit bureau score and the credit history behind it; Recency of inquiries on credit bureau report; Number of recent inquiries on credit bureau report
42174,0.3377,Number of accounts opened recently,Number of accounts opened recently,True,1.0,Number of accounts opened recently; Recency of delinquency on credit obligations; Credit bureau score and the credit history behind it; Type of residence,Number of accounts opened recently; Credit bureau score and the credit history behind it; Recency of delinquency on credit obligations; Type of residence
622264,0.3064,Credit bureau score and the credit history behind it,Credit bureau score and the credit history behind it,True,0.5,Credit bureau score and the credit history behind it; Type of residence; Amount of credit requested is high in relation to income; Excessive obligations in relation to income,Credit bureau score and the credit history behind it; Number of accounts opened recently; Type of residence; Number of bankcard accounts near their credit limit
194797,0.316,Excessive obligations in relation to income,Number of accounts opened recently,False,0.75,Excessive obligations in relation to income; Number of accounts opened recently; Credit bureau score and the credit history behind it; Number of bankcard accounts near their credit limit,Number of accounts opened recently; Credit bureau score and the credit history behind it; Excessive obligations in relation to income; Unable to verify income
28178,0.5823,Amount of credit requested is high in relation to income,Amount of credit requested is high in relation to income,True,1.0,Amount of credit requested is high in relation to income; Type of residence; Credit bureau score and the credit history behind it; Amount of revolving credit available,Amount of credit requested is high in relation to income; Credit bureau score and the credit history behind it; Amount of revolving credit available; Type of residence
375309,0.344,Credit bureau score and the credit history behind it,Credit bureau score and the credit history behind it,True,1.0,Credit bureau score and the credit history behind it; Amount of credit requested is high in relation to income; Type of residence; Amount of revolving credit available,Credit bureau score and the credit history behind it; Amount of credit requested is high in relation to income; Type of residence; Amount of revolving credit available
2222551,0.3783,Excessive obligations in relation to income,Number of accounts opened recently,False,1.0,Excessive obligations in relation to income; Number of accounts opened recently; Type of residence; Recency of inquiries on credit bureau report,Number of accounts opened recently; Excessive obligations in relation to income; Recency of inquiries on credit bureau report; Type of residence
2090376,0.5126,Amount of credit requested is high in relation to income,Amount of credit requested is high in relation to income,True,1.0,Amount of credit requested is high in relation to income; Recency of inquiries on credit bureau report; Type of residence; Number of accounts opened recently,Amount of credit requested is high in relation to income; Recency of inquiries on credit bureau report; Type of residence; Number of accounts opened recently
2020630,0.3626,Amount of credit requested is high in relation to income,Amount of credit requested is high in relation to income,True,0.75,Amount of credit requested is high in relation to income; Excessive obligations in relation to income; Recency of inquiries on credit bureau report; Number of accounts opened recently,Amount of credit requested is high in relation to income; Credit bureau score and the credit history behind it; Excessive obligations in relation to income; Number of accounts opened recently
299794,0.3787,Type of residence,Number of accounts opened recently,False,0.75,Type of residence; Number of accounts opened recently; Excessive obligations in relation to income; Number of bankcard accounts near their credit limit,Number of accounts opened recently; Type of residence; Credit bureau score and the credit history behind it; Number of bankcard accounts near their credit limit
1786745,0.3971,Number of accounts opened recently,Number of accounts opened recently,True,1.0,Number of accounts opened recently; Proportion of available bankcard credit currently in use; Number of recent inquiries on credit bureau report; Recency of inquiries on credit bureau report,Number of accounts opened recently; Number of recent inquiries on credit bureau report; Proportion of available bankcard credit currently in use; Recency of inquiries on credit bureau report
11409,0.3532,Number of accounts opened recently,Number of accounts opened recently,True,1.0,Number of accounts opened recently; Amount of credit requested is high in relation to income; Credit bureau score and the credit history behind it; Number of bankcard accounts near their credit limit,Number of accounts opened recently; Credit bureau score and the credit history behind it; Amount of credit requested is high in relation to income; Number of bankcard accounts near their credit limit
1916891,0.3735,Number of accounts opened recently,Number of accounts opened recently,True,0.75,Number of accounts opened recently; Excessive obligations in relation to income; Credit bureau score and the credit history behind it; Number of bankcard accounts near their credit limit,Number of accounts opened recently; Credit bureau score and the credit history behind it; Excessive obligations in relation to income; Number of recent inquiries on credit bureau report
328726,0.3193,Credit bureau score and the credit history behind it,Credit bureau score and the credit history behind it,True,0.75,Credit bureau score and the credit history behind it; Number of accounts opened recently; Type of residence; Amount of revolving credit available,Credit bureau score and the credit history behind it; Number of accounts opened recently; Type of residence; Amount of credit requested is high in relation to income
1280379,0.3189,Amount of credit requested is high in relation to income,Credit bureau score and the credit history behind it,False,1.0,Amount of credit requested is high in relation to income; Credit bureau score and the credit history behind it; Number of bankcard accounts near their credit limit; Payment history on credit obligations,Credit bureau score and the credit history behind it; Amount of credit requested is high in relation to income; Payment history on credit obligations; Number of bankcard accounts near their credit limit
1075252,0.5567,Number of accounts opened recently,Number of accounts opened recently,True,1.0,Number of accounts opened recently; Amount of credit requested is high in relation to income; Amount of revolving credit available; Credit bureau score and the credit history behind it,Number of accounts opened recently; Amount of credit requested is high in relation to income; Credit bureau score and the credit history behind it; Amount of revolving credit available
1995053,0.4568,Amount of credit requested is high in relation to income,Amount of credit requested is high in relation to income,True,1.0,Amount of credit requested is high in relation to income; Credit bureau score and the credit history behind it; Number of accounts opened recently; Type of residence,Amount of credit requested is high in relation to income; Credit bureau score and the credit history behind it; Number of accounts opened recently; Type of residence
1958009,0.5028,Number of accounts opened recently,Number of accounts opened recently,True,1.0,Number of accounts opened recently; Number of recent inquiries on credit bureau report; Recency of inquiries on credit bureau report; Excessive obligations in relation to income,Number of accounts opened recently; Number of recent inquiries on credit bureau report; Recency of inquiries on credit bureau report; Excessive obligations in relation to income
1040762,0.4146,Number of recent inquiries on credit bureau report,Number of recent inquiries on credit bureau report,True,0.75,Number of recent inquiries on credit bureau report; Number of accounts opened recently; Type of residence; Amount of credit requested,Number of recent inquiries on credit bureau report; Number of accounts opened recently; Type of residence; Unable to verify income
900373,0.4655,Amount of credit requested is high in relation to income,Amount of credit requested is high in relation to income,True,1.0,Amount of credit requested is high in relation to income; Number of recent inquiries on credit bureau report; Number of accounts opened recently; Amount of credit requested,Amount of credit requested is high in relation to income; Number of recent inquiries on credit bureau report; Number of accounts opened recently; Amount of credit requested
1363180,0.3249,Excessive obligations in relation to income,Excessive obligations in relation to income,True,0.75,Excessive obligations in relation to income; Amount of credit requested is high in relation to income; Type of residence; Recency of inquiries on credit bureau report,Excessive obligations in relation to income; Amount of credit requested is high in relation to income; Recency of inquiries on credit bureau report; Number of accounts opened recently
1900288,0.3251,Amount of credit requested is high in relation to income,Amount of credit requested is high in relation to income,True,0.75,Amount of credit requested is high in relation to income; Recency of inquiries on credit bureau report; Proportion of available bankcard credit currently in use; Proportion of available revolving credit currently in use,Amount of credit requested is high in relation to income; Recency of inquiries on credit bureau report; Proportion of available bankcard credit currently in use; Credit bureau score and the credit history behind it
796111,0.3316,Number of accounts opened recently,Number of accounts opened recently,True,1.0,Number of accounts opened recently; Credit bureau score and the credit history behind it; Type of residence; Recency of inquiries on credit bureau report,Number of accounts opened recently; Credit bureau score and the credit history behind it; Type of residence; Recency of inquiries on credit bureau report
293727,0.3216,Number of accounts opened recently,Number of accounts opened recently,True,0.75,Number of accounts opened recently; Amount of credit requested is high in relation to income; Credit bureau score and the credit history behind it; Amount of credit requested,Number of accounts opened recently; Credit bureau score and the credit history behind it; Amount of credit requested is high in relation to income; Number of bankcard accounts near their credit limit
1786382,0.4996,Amount of credit requested is high in relation to income,Amount of credit requested is high in relation to income,True,1.0,Amount of credit requested is high in relation to income; Number of accounts opened recently; Credit bureau score and the credit history behind it; Number of bankcard accounts near their credit limit,Amount of credit requested is high in relation to income; Number of accounts opened recently; Credit bureau score and the credit history behind it; Number of bankcard accounts near their credit limit
2136138,0.4051,Amount of credit requested is high in relation to income,Amount of credit requested is high in relation to income,True,0.75,Amount of credit requested is high in relation to income; Length of employment; Number of accounts opened recently; Proportion of available bankcard credit currently in use,Amount of credit requested is high in relation to income; Number of accounts opened recently; Credit bureau score and the credit history behind it; Length of employment
994604,0.5079,Amount of credit requested is high in relation to income,Credit bureau score and the credit history behind it,False,0.75,Amount of credit requested is high in relation to income; Credit bureau score and the credit history behind it; Excessive obligations in relation to income; Type of residence,Credit bureau score and the credit history behind it; Amount of credit requested is high in relation to income; Length of employment; Type of residence
28195,0.3061,Amount of credit requested is high in relation to income,Credit bureau score and the credit history behind it,False,0.75,Amount of credit requested is high in relation to income; Credit bureau score and the credit history behind it; Number of accounts opened recently; Number of bankcard accounts near their credit limit,Credit bureau score and the credit history behind it; Amount of credit requested is high in relation to income; Number of accounts opened recently; Amount of revolving credit available
2081333,0.3318,Purpose of the credit requested,Purpose of the credit requested,True,0.75,Purpose of the credit requested; Proportion of available revolving credit currently in use; Recency of inquiries on credit bureau report; Payment history on credit obligations,Purpose of the credit requested; Proportion of available revolving credit currently in use; Unable to verify income; Recency of inquiries on credit bureau report
346665,0.3993,Excessive obligations in relation to income,Credit bureau score and the credit history behind it,False,0.75,Excessive obligations in relation to income; Credit bureau score and the credit history behind it; Type of residence; Number of bankcard accounts near their credit limit,Credit bureau score and the credit history behind it; Excessive obligations in relation to income; Number of accounts opened recently; Type of residence
1884827,0.3084,Length of employment,Length of employment,True,1.0,Length of employment; Type of residence; Proportion of available revolving credit currently in use; Payment history on credit obligations,Length of employment; Type of residence; Proportion of available revolving credit currently in use; Payment history on credit obligations
1082964,0.365,Purpose of the credit requested,Purpose of the credit requested,True,1.0,Purpose of the credit requested; Amount of credit requested is high in relation to income; Credit bureau score and the credit history behind it; Number of bankcard accounts near their credit limit,Purpose of the credit requested; Amount of credit requested is high in relation to income; Credit bureau score and the credit history behind it; Number of bankcard accounts near their credit limit
1350464,0.4785,Amount of credit requested is high in relation to income,Amount of credit requested is high in relation to income,True,0.75,Amount of credit requested is high in relation to income; Number of accounts opened recently; Amount of credit requested; Recency of delinquency on credit obligations,Amount of credit requested is high in relation to income; Number of accounts opened recently; Amount of credit requested; Credit bureau score and the credit history behind it
290668,0.5211,Excessive obligations in relation to income,Excessive obligations in relation to income,True,0.75,Excessive obligations in relation to income; Number of accounts opened recently; Number of bankcard accounts near their credit limit; Type of residence,Excessive obligations in relation to income; Number of accounts opened recently; Number of recent inquiries on credit bureau report; Number of bankcard accounts near their credit limit
1964671,0.3775,Number of accounts opened recently,Number of accounts opened recently,True,1.0,Number of accounts opened recently; Amount of credit requested is high in relation to income; Recency of inquiries on credit bureau report; Credit bureau score and the credit history behind it,Number of accounts opened recently; Recency of inquiries on credit bureau report; Credit bureau score and the credit history behind it; Amount of credit requested is high in relation to income
352472,0.5063,Excessive obligations in relation to income,Amount of credit requested is high in relation to income,False,1.0,Excessive obligations in relation to income; Amount of credit requested is high in relation to income; Type of residence; Credit bureau score and the credit history behind it,Amount of credit requested is high in relation to income; Credit bureau score and the credit history behind it; Excessive obligations in relation to income; Type of residence
2033862,0.4131,Credit bureau score and the credit history behind it,Credit bureau score and the credit history behind it,True,1.0,Credit bureau score and the credit history behind it; Amount of revolving credit available; Recency of delinquency on credit obligations; Number of accounts opened recently,Credit bureau score and the credit history behind it; Number of accounts opened recently; Amount of revolving credit available; Recency of delinquency on credit obligations
1772008,0.3156,Amount of credit requested is high in relation to income,Amount of credit requested is high in relation to income,True,0.75,Amount of credit requested is high in relation to income; Excessive obligations in relation to income; Number of recent inquiries on credit bureau report; Recency of delinquency on credit obligations,Amount of credit requested is high in relation to income; Number of recent inquiries on credit bureau report; Excessive obligations in relation to income; Credit bureau score and the credit history behind it
1560935,0.4185,Amount of credit requested is high in relation to income,Length of employment,False,1.0,Amount of credit requested is high in relation to income; Length of employment; Excessive obligations in relation to income; Credit bureau score and the credit history behind it,Length of employment; Credit bureau score and the credit history behind it; Amount of credit requested is high in relation to income; Excessive obligations in relation to income
381873,0.3633,Amount of credit requested is high in relation to income,Number of recent inquiries on credit bureau report,False,0.75,Amount of credit requested is high in relation to income; Number of recent inquiries on credit bureau report; Excessive obligations in relation to income; Type of residence,Number of recent inquiries on credit bureau report; Amount of credit requested is high in relation to income; Excessive obligations in relation to income; Recency of inquiries on credit bureau report
1297564,0.4858,Number of recent inquiries on credit bureau report,Number of recent inquiries on credit bureau report,True,0.75,Number of recent inquiries on credit bureau report; Amount of credit requested is high in relation to income; Type of residence; Credit bureau score and the credit history behind it,Number of recent inquiries on credit bureau report; Credit bureau score and the credit history behind it; Number of accounts opened recently; Amount of credit requested is high in relation to income
1182436,0.5581,Recency of delinquency on credit obligations,Payment history on credit obligations,False,1.0,Recency of delinquency on credit obligations; Recency of inquiries on credit bureau report; Payment history on credit obligations; Amount of credit requested is high in relation to income,Payment history on credit obligations; Recency of delinquency on credit obligations; Recency of inquiries on credit bureau report; Amount of credit requested is high in relation to income
1753458,0.3706,Amount of credit requested is high in relation to income,Amount of credit requested is high in relation to income,True,1.0,Amount of credit requested is high in relation to income; Credit bureau score and the credit history behind it; Number of bankcard accounts near their credit limit; Proportion of available revolving credit currently in use,Amount of credit requested is high in relation to income; Credit bureau score and the credit history behind it; Proportion of available revolving credit currently in use; Number of bankcard accounts near their credit limit
348880,0.4593,Amount of credit requested is high in relation to income,Amount of credit requested is high in relation to income,True,0.75,Amount of credit requested is high in relation to income; Type of residence; Amount of revolving credit available; Number of bankcard accounts near their credit limit,Amount of credit requested is high in relation to income; Credit bureau score and the credit history behind it; Type of residence; Amount of revolving credit available
282134,0.4186,Number of accounts opened recently,Number of accounts opened recently,True,1.0,Number of accounts opened recently; Credit bureau score and the credit history behind it; Amount of credit requested is high in relation to income; Number of bankcard accounts near their credit limit,Number of accounts opened recently; Credit bureau score and the credit history behind it; Amount of credit requested is high in relation to income; Number of bankcard accounts near their credit limit
205032,0.3213,Recency of inquiries on credit bureau report,Number of accounts opened recently,False,0.75,Recency of inquiries on credit bureau report; Number of accounts opened recently; Proportion of available bankcard credit currently in use; Number of recent inquiries on credit bureau report,Number of accounts opened recently; Recency of inquiries on credit bureau report; Purpose of the credit requested; Proportion of available bankcard credit currently in use
2139974,0.3984,Number of accounts opened recently,Number of accounts opened recently,True,1.0,Number of accounts opened recently; Proportion of available bankcard credit currently in use; Amount of credit requested is high in relation to income; Credit bureau score and the credit history behind it,Number of accounts opened recently; Credit bureau score and the credit history behind it; Amount of credit requested is high in relation to income; Proportion of available bankcard credit currently in use
1835374,0.4332,Number of recent inquiries on credit bureau report,Number of recent inquiries on credit bureau report,True,1.0,Number of recent inquiries on credit bureau report; Recency of inquiries on credit bureau report; Number of accounts opened recently; Type of residence,Number of recent inquiries on credit bureau report; Recency of inquiries on credit bureau report; Number of accounts opened recently; Type of residence
1780182,0.4451,Amount of credit requested is high in relation to income,Amount of credit requested is high in relation to income,True,1.0,Amount of credit requested is high in relation to income; Credit bureau score and the credit history behind it; Payment history on credit obligations; Number of bankcard accounts near their credit limit,Amount of credit requested is high in relation to income; Credit bureau score and the credit history behind it; Payment history on credit obligations; Number of bankcard accounts near their credit limit
1119457,0.4284,Number of accounts opened recently,Number of accounts opened recently,True,1.0,Number of accounts opened recently; Recency of inquiries on credit bureau report; Recency of delinquency on credit obligations; Payment history on credit obligations,Number of accounts opened recently; Recency of inquiries on credit bureau report; Recency of delinquency on credit obligations; Payment history on credit obligations
2096507,0.357,Amount of credit requested is high in relation to income,Amount of credit requested is high in relation to income,True,0.75,Amount of credit requested is high in relation to income; Type of residence; Number of bankcard accounts near their credit limit; Amount of credit requested,Amount of credit requested is high in relation to income; Credit bureau score and the credit history behind it; Type of residence; Amount of credit requested
1977208,0.3182,Number of accounts opened recently,Number of accounts opened recently,True,1.0,Number of accounts opened recently; Amount of credit requested is high in relation to income; Type of residence; Credit bureau score and the credit history behind it,Number of accounts opened recently; Amount of credit requested is high in relation to income; Credit bureau score and the credit history behind it; Type of residence
277906,0.341,Credit bureau score and the credit history behind it,Credit bureau score and the credit history behind it,True,1.0,Credit bureau score and the credit history behind it; Amount of revolving credit available; Recency of inquiries on credit bureau report; Payment history on credit obligations,Credit bureau score and the credit history behind it; Amount of revolving credit available; Recency of inquiries on credit bureau report; Payment history on credit obligations
420369,0.3014,Number of accounts opened recently,Number of accounts opened recently,True,1.0,Number of accounts opened recently; Credit bureau score and the credit history behind it; Excessive obligations in relation to income; Number of bankcard accounts near their credit limit,Number of accounts opened recently; Credit bureau score and the credit history behind it; Excessive obligations in relation to income; Number of bankcard accounts near their credit limit
73051,0.4056,Amount of credit requested is high in relation to income,Amount of credit requested is high in relation to income,True,0.75,Amount of credit requested is high in relation to income; Purpose of the credit requested; Credit bureau score and the credit history behind it; Amount of credit requested,Amount of credit requested is high in relation to income; Purpose of the credit requested; Credit bureau score and the credit history behind it; Number of accounts opened recently
1037022,0.3512,Purpose of the credit requested,Purpose of the credit requested,True,1.0,Purpose of the credit requested; Type of residence; Recency of inquiries on credit bureau report; Number of recent inquiries on credit bureau report,Purpose of the credit requested; Recency of inquiries on credit bureau report; Number of recent inquiries on credit bureau report; Type of residence
1110968,0.362,Amount of credit requested is high in relation to income,Amount of credit requested is high in relation to income,True,1.0,Amount of credit requested is high in relation to income; Number of accounts opened recently; Length of employment; Type of residence,Amount of credit requested is high in relation to income; Number of accounts opened recently; Length of employment; Type of residence
1435707,0.335,Number of accounts opened recently,Number of accounts opened recently,True,0.75,Number of accounts opened recently; Excessive obligations in relation to income; Credit bureau score and the credit history behind it; Amount of credit requested is high in relation to income,Number of accounts opened recently; Credit bureau score and the credit history behind it; Recency of inquiries on credit bureau report; Excessive obligations in relation to income
1286023,0.5023,Number of accounts opened recently,Number of accounts opened recently,True,1.0,Number of accounts opened recently; Number of recent inquiries on credit bureau report; Amount of credit requested is high in relation to income; Credit bureau score and the credit history behind it,Number of accounts opened recently; Number of recent inquiries on credit bureau report; Credit bureau score and the credit history behind it; Amount of credit requested is high in relation to income
1451385,0.5159,Credit bureau score and the credit history behind it,Credit bureau score and the credit history behind it,True,1.0,Credit bureau score and the credit history behind it; Excessive obligations in relation to income; Amount of credit requested is high in relation to income; Number of accounts opened recently,Credit bureau score and the credit history behind it; Number of accounts opened recently; Amount of credit requested is high in relation to income; Excessive obligations in relation to income
1728386,0.3605,Number of accounts opened recently,Number of accounts opened recently,True,0.75,Number of accounts opened recently; Length of employment; Excessive obligations in relation to income; Recency of inquiries on credit bureau report,Number of accounts opened recently; Length of employment; Excessive obligations in relation to income; Credit bureau score and the credit history behind it
432895,0.4064,Length of employment,Length of employment,True,1.0,Length of employment; Type of residence; Amount of revolving credit available; Number of recent inquiries on credit bureau report,Length of employment; Type of residence; Number of recent inquiries on credit bureau report; Amount of revolving credit available
2025092,0.3993,Amount of revolving credit available,Number of accounts opened recently,False,0.75,Amount of revolving credit available; Number of accounts opened recently; Recency of inquiries on credit bureau report; Number of recent inquiries on credit bureau report,Number of accounts opened recently; Amount of revolving credit available; Credit bureau score and the credit history behind it; Recency of inquiries on credit bureau report
1486128,0.3121,Amount of credit requested is high in relation to income,Amount of credit requested is high in relation to income,True,0.75,Amount of credit requested is high in relation to income; Recency of inquiries on credit bureau report; Credit bureau score and the credit history behind it; Proportion of available bankcard credit currently in use,Amount of credit requested is high in relation to income; Recency of inquiries on credit bureau report; Credit bureau score and the credit history behind it; Amount of credit requested
130590,0.4718,Number of accounts opened recently,Number of accounts opened recently,True,0.75,Number of accounts opened recently; Number of recent inquiries on credit bureau report; Recency of inquiries on credit bureau report; Payment history on credit obligations,Number of accounts opened recently; Number of recent inquiries on credit bureau report; Recency of inquiries on credit bureau report; Credit bureau score and the credit history behind it
607040,0.3677,Length of employment,Length of employment,True,0.75,Length of employment; Recency of inquiries on credit bureau report; Excessive obligations in relation to income; Type of residence,Length of employment; Recency of inquiries on credit bureau report; Number of recent inquiries on credit bureau report; Excessive obligations in relation to income
1126867,0.3825,Amount of credit requested is high in relation to income,Number of accounts opened recently,False,0.75,Amount of credit requested is high in relation to income; Credit bureau score and the credit history behind it; Number of accounts opened recently; Amount of revolving credit available,Number of accounts opened recently; Credit bureau score and the credit history behind it; Amount of credit requested is high in relation to income; Unable to verify income
1253877,0.5309,Type of residence,Number of accounts opened recently,False,0.75,Type of residence; Number of accounts opened recently; Amount of credit requested is high in relation to income; Number of bankcard accounts near their credit limit,Number of accounts opened recently; Type of residence; Credit bureau score and the credit history behind it; Amount of credit requested is high in relation to income
1539767,0.321,Number of accounts opened recently,Number of accounts opened recently,True,0.75,Number of accounts opened recently; Amount of credit requested is high in relation to income; Credit bureau score and the credit history behind it; Recency of inquiries on credit bureau report,Number of accounts opened recently; Credit bureau score and the credit history behind it; Amount of credit requested is high in relation to income; Unable to verify income
1279211,0.3438,Amount of credit requested is high in relation to income,Amount of credit requested is high in relation to income,True,0.75,Amount of credit requested is high in relation to income; Number of bankcard accounts near their credit limit; Amount of credit requested; Amount of revolving credit available,Amount of credit requested is high in relation to income; Unable to verify income; Number of bankcard accounts near their credit limit; Amount of revolving credit available
1553608,0.4333,Number of accounts opened recently,Number of accounts opened recently,True,1.0,Number of accounts opened recently; Excessive obligations in relation to income; Length of employment; Amount of credit requested is high in relation to income,Number of accounts opened recently; Excessive obligations in relation to income; Length of employment; Amount of credit requested is high in relation to income
677276,0.3621,Type of residence,Credit bureau score and the credit history behind it,False,0.75,Type of residence; Credit bureau score and the credit history behind it; Number of bankcard accounts near their credit limit; Amount of revolving credit available,Credit bureau score and the credit history behind it; Type of residence; Number of accounts opened recently; Number of bankcard accounts near their credit limit
2156704,0.3203,Recency of inquiries on credit bureau report,Recency of inquiries on credit bureau report,True,1.0,Recency of inquiries on credit bureau report; Number of accounts opened recently; Type of residence; Credit bureau score and the credit history behind it,Recency of inquiries on credit bureau report; Number of accounts opened recently; Credit bureau score and the credit history behind it; Type of residence
1001600,0.4247,Number of recent inquiries on credit bureau report,Number of recent inquiries on credit bureau report,True,1.0,Number of recent inquiries on credit bureau report; Amount of credit requested is high in relation to income; Recency of inquiries on credit bureau report; Type of residence,Number of recent inquiries on credit bureau report; Amount of credit requested is high in relation to income; Recency of inquiries on credit bureau report; Type of residence
50511,0.4094,Number of accounts opened recently,Number of accounts opened recently,True,1.0,Number of accounts opened recently; Credit bureau score and the credit history behind it; Type of residence; Number of bankcard accounts near their credit limit,Number of accounts opened recently; Credit bureau score and the credit history behind it; Type of residence; Number of bankcard accounts near their credit limit
1310918,0.3573,Number of accounts opened recently,Number of accounts opened recently,True,1.0,Number of accounts opened recently; Recency of inquiries on credit bureau report; Amount of revolving credit available; Credit bureau score and the credit history behind it,Number of accounts opened recently; Recency of inquiries on credit bureau report; Amount of revolving credit available; Credit bureau score and the credit history behind it
766037,0.3822,Number of accounts opened recently,Number of accounts opened recently,True,0.75,Number of accounts opened recently; Amount of revolving credit available; Type of residence; Recency of inquiries on credit bureau report,Number of accounts opened recently; Amount of revolving credit available; Type of residence; Credit bureau score and the credit history behind it
920275,0.3101,Number of accounts opened recently,Number of accounts opened recently,True,1.0,Number of accounts opened recently; Excessive obligations in relation to income; Amount of revolving credit available; Type of residence,Number of accounts opened recently; Excessive obligations in relation to income; Amount of revolving credit available; Type of residence
1346171,0.3119,Amount of credit requested is high in relation to income,Amount of credit requested is high in relation to income,True,0.75,Amount of credit requested is high in relation to income; Number of accounts opened recently; Amount of credit requested; Type of residence,Amount of credit requested is high in relation to income; Number of accounts opened recently; Credit bureau score and the credit history behind it; Amount of credit requested
1191374,0.3178,Excessive obligations in relation to income,Purpose of the credit requested,False,1.0,Excessive obligations in relation to income; Purpose of the credit requested; Proportion of available bankcard credit currently in use; Credit bureau score and the credit history behind it,Purpose of the credit requested; Excessive obligations in relation to income; Credit bureau score and the credit history behind it; Proportion of available bankcard credit currently in use
686958,0.3253,Number of accounts opened recently,Number of accounts opened recently,True,0.75,Number of accounts opened recently; Excessive obligations in relation to income; Recency of inquiries on credit bureau report; Type of residence,Number of accounts opened recently; Excessive obligations in relation to income; Credit bureau score and the credit history behind it; Recency of inquiries on credit bureau report
366037,0.3046,Number of accounts opened recently,Number of accounts opened recently,True,0.75,Number of accounts opened recently; Excessive obligations in relation to income; Credit bureau score and the credit history behind it; Amount of credit requested,Number of accounts opened recently; Credit bureau score and the credit history behind it; Excessive obligations in relation to income; Recency of inquiries on credit bureau report
970639,0.5756,Number of accounts opened recently,Number of accounts opened recently,True,1.0,Number of accounts opened recently; Credit bureau score and the credit history behind it; Type of residence; Number of recent inquiries on credit bureau report,Number of accounts opened recently; Credit bureau score and the credit history behind it; Type of residence; Number of recent inquiries on credit bureau report
715654,0.3367,Number of accounts opened recently,Number of accounts opened recently,True,1.0,Number of accounts opened recently; Credit bureau score and the credit history behind it; Excessive obligations in relation to income; Recency of inquiries on credit bureau report,Number of accounts opened recently; Credit bureau score and the credit history behind it; Recency of inquiries on credit bureau report; Excessive obligations in relation to income
1160963,0.3828,Excessive obligations in relation to income,Excessive obligations in relation to income,True,1.0,Excessive obligations in relation to income; Amount of credit requested is high in relation to income; Credit bureau score and the credit history behind it; Number of accounts opened recently,Excessive obligations in relation to income; Credit bureau score and the credit history behind it; Amount of credit requested is high in relation to income; Number of accounts opened recently
252426,0.4187,Number of accounts opened recently,Number of accounts opened recently,True,1.0,Number of accounts opened recently; Number of recent inquiries on credit bureau report; Type of residence; Recency of inquiries on credit bureau report,Number of accounts opened recently; Number of recent inquiries on credit bureau report; Recency of inquiries on credit bureau report; Type of residence
2144056,0.3507,Number of accounts opened recently,Number of accounts opened recently,True,0.75,Number of accounts opened recently; Purpose of the credit requested; Type of residence; Payment history on credit obligations,Number of accounts opened recently; Purpose of the credit requested; Credit bureau score and the credit history behind it; Type of residence
1940262,0.3063,Amount of credit requested is high in relation to income,Number of accounts opened recently,False,0.75,Amount of credit requested is high in relation to income; Number of accounts opened recently; Excessive obligations in relation to income; Number of bankcard accounts near their credit limit,Number of accounts opened recently; Amount of credit requested is high in relation to income; Excessive obligations in relation to income; Credit bureau score and the credit history behind it
54383,0.5814,Number of accounts opened recently,Number of accounts opened recently,True,1.0,Number of accounts opened recently; Excessive obligations in relation to income; Credit bureau score and the credit history behind it; Number of bankcard accounts near their credit limit,Number of accounts opened recently; Credit bureau score and the credit history behind it; Excessive obligations in relation to income; Number of bankcard accounts near their credit limit
1487688,0.3852,Amount of revolving credit available,Number of accounts opened recently,False,0.75,Amount of revolving credit available; Number of accounts opened recently; Proportion of available bankcard credit currently in use; Type of residence,Number of accounts opened recently; Amount of revolving credit available; Credit bureau score and the credit history behind it; Proportion of available bankcard credit currently in use
253383,0.5312,Number of accounts opened recently,Number of accounts opened recently,True,1.0,Number of accounts opened recently; Amount of credit requested is high in relation to income; Credit bureau score and the credit history behind it; Purpose of the credit requested,Number of accounts opened recently; Credit bureau score and the credit history behind it; Amount of credit requested is high in relation to income; Purpose of the credit requested
1970035,0.4231,Number of accounts opened recently,Number of accounts opened recently,True,1.0,Number of accounts opened recently; Number of recent inquiries on credit bureau report; Recency of inquiries on credit bureau report; Purpose of the credit requested,Number of accounts opened recently; Number of recent inquiries on credit bureau report; Recency of inquiries on credit bureau report; Purpose of the credit requested
365135,0.3783,Number of accounts opened recently,Number of accounts opened recently,True,0.75,Number of accounts opened recently; Excessive obligations in relation to income; Type of residence; Amount of credit requested is high in relation to income,Number of accounts opened recently; Credit bureau score and the credit history behind it; Excessive obligations in relation to income; Type of residence
968941,0.3426,Number of accounts opened recently,Number of accounts opened recently,True,0.75,Number of accounts opened recently; Amount of credit requested is high in relation to income; Length of employment; Number of bankcard accounts near their credit limit,Number of accounts opened recently; Length of employment; Amount of credit requested is high in relation to income; Credit bureau score and the credit history behind it
2188832,0.4015,Number of accounts opened recently,Number of accounts opened recently,True,0.75,Number of accounts opened recently; Recency of inquiries on credit bureau report; Excessive obligations in relation to income; Type of residence,Number of accounts opened recently; Recency of inquiries on credit bureau report; Number of recent inquiries on credit bureau report; Excessive obligations in relation to income
1757391,0.4008,Excessive obligations in relation to income,Credit bureau score and the credit history behind it,False,1.0,Excessive obligations in relation to income; Length of employment; Credit bureau score and the credit history behind it; Number of accounts opened recently,Credit bureau score and the credit history behind it; Excessive obligations in relation to income; Length of employment; Number of accounts opened recently
344218,0.4263,Proportion of available bankcard credit currently in use,Proportion of available bankcard credit currently in use,True,0.75,Proportion of available bankcard credit currently in use; Number of bankcard accounts near their credit limit; Credit bureau score and the credit history behind it; Proportion of available revolving credit currently in use,Proportion of available bankcard credit currently in use; Credit bureau score and the credit history behind it; Number of accounts opened recently; Proportion of available revolving credit currently in use
2128559,0.5257,Purpose of the credit requested,Purpose of the credit requested,True,1.0,Purpose of the credit requested; Credit bureau score and the credit history behind it; Number of accounts opened recently; Amount of credit requested is high in relation to income,Purpose of the credit requested; Credit bureau score and the credit history behind it; Number of accounts opened recently; Amount of credit requested is high in relation to income
1143125,0.3082,Credit bureau score and the credit history behind it,Credit bureau score and the credit history behind it,True,1.0,Credit bureau score and the credit history behind it; Delinquent past or present credit obligations with others; Number of accounts opened recently; Type of residence,Credit bureau score and the credit history behind it; Number of accounts opened recently; Delinquent past or present credit obligations with others; Type of residence
260432,0.4185,Excessive obligations in relation to income,Excessive obligations in relation to income,True,1.0,Excessive obligations in relation to income; Type of residence; Credit bureau score and the credit history behind it; Recency of inquiries on credit bureau report,Excessive obligations in relation to income; Credit bureau score and the credit history behind it; Recency of inquiries on credit bureau report; Type of residence
47261,0.5998,Amount of credit requested,Recency of inquiries on credit bureau report,False,1.0,Amount of credit requested; Recency of inquiries on credit bureau report; Amount of credit requested is high in relation to income; Type of residence,Recency of inquiries on credit bureau report; Amount of credit requested; Amount of credit requested is high in relation to income; Type of residence
994447,0.4805,Number of accounts opened recently,Number of accounts opened recently,True,0.75,Number of accounts opened recently; Credit bureau score and the credit history behind it; Recency of inquiries on credit bureau report; Amount of credit requested is high in relation to income,Number of accounts opened recently; Credit bureau score and the credit history behind it; Recency of inquiries on credit bureau report; Type of residence
1977486,0.3003,Credit bureau score and the credit history behind it,Credit bureau score and the credit history behind it,True,0.75,Credit bureau score and the credit history behind it; Amount of credit requested is high in relation to income; Type of residence; Number of bankcard accounts near their credit limit,Credit bureau score and the credit history behind it; Number of accounts opened recently; Type of residence; Number of bankcard accounts near their credit limit
207951,0.4366,Credit bureau score and the credit history behind it,Credit bureau score and the credit history behind it,True,0.75,Credit bureau score and the credit history behind it; Number of accounts opened recently; Proportion of available bankcard credit currently in use; Amount of revolving credit available,Credit bureau score and the credit history behind it; Number of accounts opened recently; Proportion of available revolving credit currently in use; Proportion of available bankcard credit currently in use
1186491,0.3049,Amount of credit requested is high in relation to income,Purpose of the credit requested,False,1.0,Amount of credit requested is high in relation to income; Purpose of the credit requested; Proportion of available revolving credit currently in use; Payment history on credit obligations,Purpose of the credit requested; Amount of credit requested is high in relation to income; Proportion of available revolving credit currently in use; Payment history on credit obligations
2142854,0.3231,Credit bureau score and the credit history behind it,Credit bureau score and the credit history behind it,True,1.0,Credit bureau score and the credit history behind it; Number of accounts opened recently; Number of bankcard accounts near their credit limit; Payment history on credit obligations,Credit bureau score and the credit history behind it; Number of accounts opened recently; Payment history on credit obligations; Number of bankcard accounts near their credit limit
2454,0.3659,Number of accounts opened recently,Number of accounts opened recently,True,0.75,Number of accounts opened recently; Number of recent inquiries on credit bureau report; Recency of inquiries on credit bureau report; Type of residence,Number of accounts opened recently; Number of recent inquiries on credit bureau report; Recency of inquiries on credit bureau report; Proportion of available bankcard credit currently in use
1044120,0.442,Number of accounts opened recently,Number of accounts opened recently,True,1.0,Number of accounts opened recently; Number of recent inquiries on credit bureau report; Length of employment; Purpose of the credit requested,Number of accounts opened recently; Number of recent inquiries on credit bureau report; Purpose of the credit requested; Length of employment
334691,0.3452,Amount of credit requested is high in relation to income,Amount of credit requested is high in relation to income,True,1.0,Amount of credit requested is high in relation to income; Credit bureau score and the credit history behind it; Type of residence; Proportion of available revolving credit currently in use,Amount of credit requested is high in relation to income; Credit bureau score and the credit history behind it; Type of residence; Proportion of available revolving credit currently in use
2110921,0.5765,Number of accounts opened recently,Number of accounts opened recently,True,1.0,Number of accounts opened recently; Credit bureau score and the credit history behind it; Number of recent inquiries on credit bureau report; Recency of inquiries on credit bureau report,Number of accounts opened recently; Credit bureau score and the credit history behind it; Number of recent inquiries on credit bureau report; Recency of inquiries on credit bureau report
1187470,0.4132,Excessive obligations in relation to income,Excessive obligations in relation to income,True,1.0,Excessive obligations in relation to income; Number of accounts opened recently; Proportion of available bankcard credit currently in use; Amount of credit requested is high in relation to income,Excessive obligations in relation to income; Number of accounts opened recently; Proportion of available bankcard credit currently in use; Amount of credit requested is high in relation to income
221203,0.3527,Excessive obligations in relation to income,Amount of credit requested is high in relation to income,False,0.75,Excessive obligations in relation to income; Amount of credit requested is high in relation to income; Credit bureau score and the credit history behind it; Number of bankcard accounts near their credit limit,Amount of credit requested is high in relation to income; Credit bureau score and the credit history behind it; Excessive obligations in relation to income; Number of accounts opened recently
271586,0.6196,Number of accounts opened recently,Number of accounts opened recently,True,1.0,Number of accounts opened recently; Number of recent inquiries on credit bureau report; Type of residence; Credit bureau score and the credit history behind it,Number of accounts opened recently; Number of recent inquiries on credit bureau report; Credit bureau score and the credit history behind it; Type of residence
866758,0.4954,Number of accounts opened recently,Number of accounts opened recently,True,1.0,Number of accounts opened recently; Amount of credit requested is high in relation to income; Credit bureau score and the credit history behind it; Type of residence,Number of accounts opened recently; Credit bureau score and the credit history behind it; Amount of credit requested is high in relation to income; Type of residence
1479973,0.3512,Recency of inquiries on credit bureau report,Recency of inquiries on credit bureau report,True,0.75,Recency of inquiries on credit bureau report; Number of recent inquiries on credit bureau report; Number of accounts opened recently; Amount of credit requested,Recency of inquiries on credit bureau report; Number of recent inquiries on credit bureau report; Number of accounts opened recently; Credit bureau score and the credit history behind it
407197,0.3384,Purpose of the credit requested,Purpose of the credit requested,True,1.0,Purpose of the credit requested; Credit bureau score and the credit history behind it; Type of residence; Recency of inquiries on credit bureau report,Purpose of the credit requested; Credit bureau score and the credit history behind it; Recency of inquiries on credit bureau report; Type of residence
1663307,0.3979,Number of recent inquiries on credit bureau report,Number of recent inquiries on credit bureau report,True,1.0,Number of recent inquiries on credit bureau report; Recency of inquiries on credit bureau report; Credit bureau score and the credit history behind it; Number of accounts opened recently,Number of recent inquiries on credit bureau report; Credit bureau score and the credit history behind it; Recency of inquiries on credit bureau report; Number of accounts opened recently
286050,0.3243,Amount of credit requested is high in relation to income,Amount of credit requested is high in relation to income,True,0.75,Amount of credit requested is high in relation to income; Length of employment; Type of residence; Income insufficient for amount of credit requested,Amount of credit requested is high in relation to income; Length of employment; Credit bureau score and the credit history behind it; Type of residence
1441632,0.3011,Excessive obligations in relation to income,Excessive obligations in relation to income,True,1.0,Excessive obligations in relation to income; Number of accounts opened recently; Type of residence; Number of recent inquiries on credit bureau report,Excessive obligations in relation to income; Number of accounts opened recently; Type of residence; Number of recent inquiries on credit bureau report
2242916,0.3017,Amount of credit requested,Amount of credit requested,True,1.0,Amount of credit requested; Delinquent past or present credit obligations with others; Number of accounts opened recently; Amount of revolving credit available,Amount of credit requested; Number of accounts opened recently; Delinquent past or present credit obligations with others; Amount of revolving credit available
1295895,0.3173,Number of accounts opened recently,Number of accounts opened recently,True,1.0,Number of accounts opened recently; Credit bureau score and the credit history behind it; Number of bankcard accounts near their credit limit; Payment history on credit obligations,Number of accounts opened recently; Credit bureau score and the credit history behind it; Number of bankcard accounts near their credit limit; Payment history on credit obligations
1126644,0.5237,Number of accounts opened recently,Number of accounts opened recently,True,1.0,Number of accounts opened recently; Amount of credit requested is high in relation to income; Amount of credit requested; Unable to verify income,Number of accounts opened recently; Amount of credit requested is high in relation to income; Amount of credit requested; Unable to verify income
604921,0.3705,Excessive obligations in relation to income,Excessive obligations in relation to income,True,0.5,Excessive obligations in relation to income; Recency of delinquency on credit obligations; Proportion of available bankcard credit currently in use; Type of residence,Excessive obligations in relation to income; Payment history on credit obligations; Recency of delinquency on credit obligations; Number of recent inquiries on credit bureau report
955561,0.4771,Amount of credit requested is high in relation to income,Amount of credit requested is high in relation to income,True,0.75,Amount of credit requested is high in relation to income; Excessive obligations in relation to income; Number of accounts opened recently; Type of residence,Amount of credit requested is high in relation to income; Excessive obligations in relation to income; Number of accounts opened recently; Credit bureau score and the credit history behind it
373074,0.3287,Excessive obligations in relation to income,Excessive obligations in relation to income,True,1.0,Excessive obligations in relation to income; Amount of credit requested is high in relation to income; Amount of credit requested; Number of accounts opened recently,Excessive obligations in relation to income; Amount of credit requested is high in relation to income; Number of accounts opened recently; Amount of credit requested
461991,0.3444,Number of accounts opened recently,Number of accounts opened recently,True,0.75,Number of accounts opened recently; Excessive obligations in relation to income; Credit bureau score and the credit history behind it; Amount of credit requested,Number of accounts opened recently; Excessive obligations in relation to income; Credit bureau score and the credit history behind it; Payment history on credit obligations
768218,0.3469,Amount of credit requested is high in relation to income,Number of accounts opened recently,False,0.75,Amount of credit requested is high in relation to income; Number of accounts opened recently; Excessive obligations in relation to income; Amount of credit requested,Number of accounts opened recently; Amount of credit requested is high in relation to income; Type of residence; Excessive obligations in relation to income
1374979,0.4913,Number of accounts opened recently,Number of accounts opened recently,True,0.75,Number of accounts opened recently; Amount of credit requested is high in relation to income; Number of bankcard accounts near their credit limit; Excessive obligations in relation to income,Number of accounts opened recently; Amount of credit requested is high in relation to income; Number of bankcard accounts near their credit limit; Credit bureau score and the credit history behind it
1843161,0.3603,Amount of credit requested is high in relation to income,Amount of credit requested is high in relation to income,True,0.75,Amount of credit requested is high in relation to income; Recency of inquiries on credit bureau report; Amount of credit requested; Credit bureau score and the credit history behind it,Amount of credit requested is high in relation to income; Recency of inquiries on credit bureau report; Credit bureau score and the credit history behind it; Type of residence
536825,0.3039,Recency of inquiries on credit bureau report,Number of accounts opened recently,False,1.0,Recency of inquiries on credit bureau report; Number of accounts opened recently; Proportion of available bankcard credit currently in use; Amount of credit requested is high in relation to income,Number of accounts opened recently; Recency of inquiries on credit bureau report; Proportion of available bankcard credit currently in use; Amount of credit requested is high in relation to income
100672,0.745,Number of accounts opened recently,Number of accounts opened recently,True,0.75,Number of accounts opened recently; Amount of credit requested is high in relation to income; Excessive obligations in relation to income; Proportion of available bankcard credit currently in use,Number of accounts opened recently; Amount of credit requested is high in relation to income; Credit bureau score and the credit history behind it; Proportion of available bankcard credit currently in use
377995,0.4269,Excessive obligations in relation to income,Excessive obligations in relation to income,True,0.75,Excessive obligations in relation to income; Type of residence; Credit bureau score and the credit history behind it; Number of bankcard accounts near their credit limit,Excessive obligations in relation to income; Credit bureau score and the credit history behind it; Type of residence; Number of accounts opened recently
186469,0.3465,Amount of credit requested is high in relation to income,Amount of credit requested is high in relation to income,True,0.75,Amount of credit requested is high in relation to income; Type of residence; Recency of inquiries on credit bureau report; Number of accounts opened recently,Amount of credit requested is high in relation to income; Recency of inquiries on credit bureau report; Credit bureau score and the credit history behind it; Type of residence
519977,0.435,Amount of credit requested is high in relation to income,Credit bureau score and the credit history behind it,False,1.0,Amount of credit requested is high in relation to income; Credit bureau score and the credit history behind it; Number of accounts opened recently; Amount of revolving credit available,Credit bureau score and the credit history behind it; Number of accounts opened recently; Amount of credit requested is high in relation to income; Amount of revolving credit available
1988550,0.6118,Number of accounts opened recently,Number of accounts opened recently,True,0.75,Number of accounts opened recently; Amount of credit requested is high in relation to income; Amount of credit requested; Excessive obligations in relation to income,Number of accounts opened recently; Amount of credit requested is high in relation to income; Purpose of the credit requested; Amount of credit requested
228006,0.427,Amount of credit requested is high in relation to income,Number of accounts opened recently,False,1.0,Amount of credit requested is high in relation to income; Number of accounts opened recently; Excessive obligations in relation to income; Type of residence,Number of accounts opened recently; Amount of credit requested is high in relation to income; Excessive obligations in relation to income; Type of residence
940088,0.3684,Number of accounts opened recently,Number of accounts opened recently,True,1.0,Number of accounts opened recently; Excessive obligations in relation to income; Amount of credit requested is high in relation to income; Credit bureau score and the credit history behind it,Number of accounts opened recently; Excessive obligations in relation to income; Amount of credit requested is high in relation to income; Credit bureau score and the credit history behind it
1760733,0.4078,Amount of credit requested is high in relation to income,Amount of credit requested is high in relation to income,True,1.0,Amount of credit requested is high in relation to income; Credit bureau score and the credit history behind it; Type of residence; Length of employment,Amount of credit requested is high in relation to income; Credit bureau score and the credit history behind it; Type of residence; Length of employment
1734029,0.3164,Number of accounts opened recently,Number of accounts opened recently,True,1.0,Number of accounts opened recently; Credit bureau score and the credit history behind it; Delinquent past or present credit obligations with others; Recency of delinquency on credit obligations,Number of accounts opened recently; Credit bureau score and the credit history behind it; Delinquent past or present credit obligations with others; Recency of delinquency on credit obligations
736498,0.4869,Amount of credit requested is high in relation to income,Amount of credit requested is high in relation to income,True,0.75,Amount of credit requested is high in relation to income; Credit bureau score and the credit history behind it; Amount of credit requested; Type of residence,Amount of credit requested is high in relation to income; Credit bureau score and the credit history behind it; Recency of inquiries on credit bureau report; Type of residence
2002851,0.3047,Amount of credit requested is high in relation to income,Amount of credit requested is high in relation to income,True,0.75,Amount of credit requested is high in relation to income; Excessive obligations in relation to income; Type of residence; Number of recent inquiries on credit bureau report,Amount of credit requested is high in relation to income; Type of residence; Excessive obligations in relation to income; Unable to verify income
1790876,0.3895,Amount of credit requested is high in relation to income,Amount of credit requested is high in relation to income,True,1.0,Amount of credit requested is high in relation to income; Excessive obligations in relation to income; Number of accounts opened recently; Number of bankcard accounts near their credit limit,Amount of credit requested is high in relation to income; Number of accounts opened recently; Excessive obligations in relation to income; Number of bankcard accounts near their credit limit
1332551,0.3205,Amount of credit requested is high in relation to income,Amount of credit requested is high in relation to income,True,0.75,Amount of credit requested is high in relation to income; Recency of inquiries on credit bureau report; Number of accounts opened recently; Number of bankcard accounts near their credit limit,Amount of credit requested is high in relation to income; Recency of inquiries on credit bureau report; Credit bureau score and the credit history behind it; Number of accounts opened recently
1686221,0.3137,Amount of credit requested,Credit bureau score and the credit history behind it,False,1.0,Amount of credit requested; Credit bureau score and the credit history behind it; Recency of inquiries on credit bureau report; Amount of credit requested is high in relation to income,Credit bureau score and the credit history behind it; Recency of inquiries on credit bureau report; Amount of credit requested; Amount of credit requested is high in relation to income
337136,0.4083,Type of residence,Credit bureau score and the credit history behind it,False,1.0,Type of residence; Credit bureau score and the credit history behind it; Purpose of the credit requested; Recency of inquiries on credit bureau report,Credit bureau score and the credit history behind it; Recency of inquiries on credit bureau report; Purpose of the credit requested; Type of residence
335149,0.3938,Excessive obligations in relation to income,Excessive obligations in relation to income,True,1.0,Excessive obligations in relation to income; Amount of credit requested is high in relation to income; Credit bureau score and the credit history behind it; Payment history on credit obligations,Excessive obligations in relation to income; Credit bureau score and the credit history behind it; Payment history on credit obligations; Amount of credit requested is high in relation to income
3094,0.3709,Number of accounts opened recently,Number of accounts opened recently,True,0.75,Number of accounts opened recently; Excessive obligations in relation to income; Type of residence; Number of bankcard accounts near their credit limit,Number of accounts opened recently; Type of residence; Excessive obligations in relation to income; Unable to verify income
227192,0.3269,Credit bureau score and the credit history behind it,Credit bureau score and the credit history behind it,True,1.0,Credit bureau score and the credit history behind it; Number of accounts opened recently; Type of residence; Number of bankcard accounts near their credit limit,Credit bureau score and the credit history behind it; Number of accounts opened recently; Type of residence; Number of bankcard accounts near their credit limit
1949143,0.3389,Amount of credit requested is high in relation to income,Amount of credit requested is high in relation to income,True,0.75,Amount of credit requested is high in relation to income; Length of employment; Purpose of the credit requested; Number of bankcard accounts near their credit limit,Amount of credit requested is high in relation to income; Length of employment; Purpose of the credit requested; Credit bureau score and the credit history behind it
1795767,0.3676,Amount of credit requested is high in relation to income,Amount of credit requested is high in relation to income,True,0.75,Amount of credit requested is high in relation to income; Amount of credit requested; Excessive obligations in relation to income; Credit bureau score and the credit history behind it,Amount of credit requested is high in relation to income; Credit bureau score and the credit history behind it; Amount of credit requested; Number of recent inquiries on credit bureau report
2321,0.3312,Number of accounts opened recently,Number of accounts opened recently,True,0.75,Number of accounts opened recently; Amount of credit requested is high in relation to income; Credit bureau score and the credit history behind it; Excessive obligations in relation to income,Number of accounts opened recently; Credit bureau score and the credit history behind it; Amount of credit requested is high in relation to income; Type of residence
1510296,0.317,Excessive obligations in relation to income,Number of accounts opened recently,False,0.75,Excessive obligations in relation to income; Number of accounts opened recently; Purpose of the credit requested; Amount of revolving credit available,Number of accounts opened recently; Purpose of the credit requested; Excessive obligations in relation to income; Number of bankcard accounts near their credit limit
1929396,0.3608,Amount of credit requested is high in relation to income,Amount of credit requested is high in relation to income,True,1.0,Amount of credit requested is high in relation to income; Credit bureau score and the credit history behind it; Proportion of available revolving credit currently in use; Type of residence,Amount of credit requested is high in relation to income; Credit bureau score and the credit history behind it; Proportion of available revolving credit currently in use; Type of residence
2193430,0.5735,Excessive obligations in relation to income,Number of accounts opened recently,False,0.75,Excessive obligations in relation to income; Number of accounts opened recently; Amount of credit requested is high in relation to income; Recency of inquiries on credit bureau report,Number of accounts opened recently; Excessive obligations in relation to income; Amount of credit requested is high in relation to income; Credit bureau score and the credit history behind it
1809032,0.5697,Amount of credit requested is high in relation to income,Amount of credit requested is high in relation to income,True,1.0,Amount of credit requested is high in relation to income; Type of residence; Number of accounts opened recently; Credit bureau score and the credit history behind it,Amount of credit requested is high in relation to income; Number of accounts opened recently; Credit bureau score and the credit history behind it; Type of residence
1086936,0.3459,Excessive obligations in relation to income,Number of accounts opened recently,False,1.0,Excessive obligations in relation to income; Number of accounts opened recently; Amount of credit requested is high in relation to income; Number of bankcard accounts near their credit limit,Number of accounts opened recently; Excessive obligations in relation to income; Amount of credit requested is high in relation to income; Number of bankcard accounts near their credit limit
304599,0.3545,Number of recent inquiries on credit bureau report,Number of recent inquiries on credit bureau report,True,0.75,Number of recent inquiries on credit bureau report; Recency of inquiries on credit bureau report; Length of employment; Excessive obligations in relation to income,Number of recent inquiries on credit bureau report; Recency of inquiries on credit bureau report; Length of employment; Credit bureau score and the credit history behind it
706217,0.5517,Amount of credit requested is high in relation to income,Amount of credit requested is high in relation to income,True,1.0,Amount of credit requested is high in relation to income; Number of accounts opened recently; Recency of inquiries on credit bureau report; Credit bureau score and the credit history behind it,Amount of credit requested is high in relation to income; Number of accounts opened recently; Recency of inquiries on credit bureau report; Credit bureau score and the credit history behind it
1103870,0.3548,Amount of credit requested is high in relation to income,Amount of credit requested is high in relation to income,True,1.0,Amount of credit requested is high in relation to income; Amount of revolving credit available; Amount of credit requested; Credit bureau score and the credit history behind it,Amount of credit requested is high in relation to income; Credit bureau score and the credit history behind it; Amount of credit requested; Amount of revolving credit available
1069550,0.3055,Number of accounts opened recently,Number of accounts opened recently,True,1.0,Number of accounts opened recently; Excessive obligations in relation to income; Credit bureau score and the credit history behind it; Unable to verify income,Number of accounts opened recently; Excessive obligations in relation to income; Credit bureau score and the credit history behind it; Unable to verify income
397858,0.3061,Number of recent inquiries on credit bureau report,Number of recent inquiries on credit bureau report,True,0.75,Number of recent inquiries on credit bureau report; Type of residence; Recency of inquiries on credit bureau report; Number of accounts opened recently,Number of recent inquiries on credit bureau report; Number of accounts opened recently; Credit bureau score and the credit history behind it; Recency of inquiries on credit bureau report
915757,0.302,Number of accounts opened recently,Number of accounts opened recently,True,1.0,Number of accounts opened recently; Credit bureau score and the credit history behind it; Amount of credit requested is high in relation to income; Type of residence,Number of accounts opened recently; Credit bureau score and the credit history behind it; Amount of credit requested is high in relation to income; Type of residence
2016909,0.486,Number of accounts opened recently,Number of accounts opened recently,True,1.0,Number of accounts opened recently; Recency of inquiries on credit bureau report; Proportion of available bankcard credit currently in use; Type of residence,Number of accounts opened recently; Recency of inquiries on credit bureau report; Proportion of available bankcard credit currently in use; Type of residence
642444,0.4293,Proportion of available bankcard credit currently in use,Proportion of available bankcard credit currently in use,True,1.0,Proportion of available bankcard credit currently in use; Type of residence; Recency of inquiries on credit bureau report; Proportion of available revolving credit currently in use,Proportion of available bankcard credit currently in use; Recency of inquiries on credit bureau report; Type of residence; Proportion of available revolving credit currently in use
2153669,0.4095,Credit bureau score and the credit history behind it,Credit bureau score and the credit history behind it,True,0.5,Credit bureau score and the credit history behind it; Recency of inquiries on credit bureau report; Excessive obligations in relation to income; Type of residence,Credit bureau score and the credit history behind it; Amount of credit requested is high in relation to income; Recency of inquiries on credit bureau report; Number of accounts opened recently
166111,0.377,Amount of credit requested is high in relation to income,Amount of credit requested is high in relation to income,True,1.0,Amount of credit requested is high in relation to income; Credit bureau score and the credit history behind it; Number of accounts opened recently; Excessive obligations in relation to income,Amount of credit requested is high in relation to income; Credit bureau score and the credit history behind it; Number of accounts opened recently; Excessive obligations in relation to income
211055,0.4318,Number of accounts opened recently,Number of accounts opened recently,True,1.0,Number of accounts opened recently; Excessive obligations in relation to income; Credit bureau score and the credit history behind it; Recency of inquiries on credit bureau report,Number of accounts opened recently; Credit bureau score and the credit history behind it; Recency of inquiries on credit bureau report; Excessive obligations in relation to income
18266,0.581,Number of accounts opened recently,Number of accounts opened recently,True,0.75,Number of accounts opened recently; Recency of inquiries on credit bureau report; Amount of credit requested is high in relation to income; Type of residence,Number of accounts opened recently; Recency of inquiries on credit bureau report; Credit bureau score and the credit history behind it; Amount of credit requested is high in relation to income
42236,0.4867,Number of accounts opened recently,Number of accounts opened recently,True,0.75,Number of accounts opened recently; Amount of credit requested is high in relation to income; Type of residence; Amount of credit requested,Number of accounts opened recently; Amount of credit requested is high in relation to income; Type of residence; Number of recent inquiries on credit bureau report
1095369,0.4029,Amount of credit requested is high in relation to income,Amount of credit requested is high in relation to income,True,1.0,Amount of credit requested is high in relation to income; Excessive obligations in relation to income; Type of residence; Recency of delinquency on credit obligations,Amount of credit requested is high in relation to income; Excessive obligations in relation to income; Recency of delinquency on credit obligations; Type of residence
385123,0.3101,Excessive obligations in relation to income,Excessive obligations in relation to income,True,1.0,Excessive obligations in relation to income; Recency of inquiries on credit bureau report; Number of accounts opened recently; Amount of credit requested is high in relation to income,Excessive obligations in relation to income; Recency of inquiries on credit bureau report; Number of accounts opened recently; Amount of credit requested is high in relation to income
93160,0.3283,Number of accounts opened recently,Number of accounts opened recently,True,0.75,Number of accounts opened recently; Amount of revolving credit available; Excessive obligations in relation to income; Type of residence,Number of accounts opened recently; Credit bureau score and the credit history behind it; Amount of revolving credit available; Excessive obligations in relation to income
314813,0.3885,Amount of credit requested is high in relation to income,Credit bureau score and the credit history behind it,False,1.0,Amount of credit requested is high in relation to income; Credit bureau score and the credit history behind it; Recency of inquiries on credit bureau report; Type of residence,Credit bureau score and the credit history behind it; Amount of credit requested is high in relation to income; Recency of inquiries on credit bureau report; Type of residence
2212997,0.3886,Number of recent inquiries on credit bureau report,Number of recent inquiries on credit bureau report,True,1.0,Number of recent inquiries on credit bureau report; Credit bureau score and the credit history behind it; Recency of inquiries on credit bureau report; Number of accounts opened recently,Number of recent inquiries on credit bureau report; Credit bureau score and the credit history behind it; Recency of inquiries on credit bureau report; Number of accounts opened recently
256828,0.4043,Number of accounts opened recently,Number of accounts opened recently,True,1.0,Number of accounts opened recently; Credit bureau score and the credit history behind it; Excessive obligations in relation to income; Number of bankcard accounts near their credit limit,Number of accounts opened recently; Credit bureau score and the credit history behind it; Excessive obligations in relation to income; Number of bankcard accounts near their credit limit
993550,0.5724,Excessive obligations in relation to income,Number of accounts opened recently,False,0.75,Excessive obligations in relation to income; Number of accounts opened recently; Amount of credit requested is high in relation to income; Type of residence,Number of accounts opened recently; Excessive obligations in relation to income; Amount of credit requested is high in relation to income; Credit bureau score and the credit history behind it
1095187,0.3484,Amount of credit requested is high in relation to income,Amount of credit requested is high in relation to income,True,1.0,Amount of credit requested is high in relation to income; Credit bureau score and the credit history behind it; Amount of credit requested; Amount of revolving credit available,Amount of credit requested is high in relation to income; Credit bureau score and the credit history behind it; Amount of credit requested; Amount of revolving credit available
872008,0.3321,Delinquent past or present credit obligations with others,Credit bureau score and the credit history behind it,False,1.0,Delinquent past or present credit obligations with others; Credit bureau score and the credit history behind it; Purpose of the credit requested; Amount of credit requested is high in relation to income,Credit bureau score and the credit history behind it; Purpose of the credit requested; Delinquent past or present credit obligations with others; Amount of credit requested is high in relation to income
2130730,0.3107,Number of accounts opened recently,Number of accounts opened recently,True,1.0,Number of accounts opened recently; Excessive obligations in relation to income; Number of bankcard accounts near their credit limit; Credit bureau score and the credit history behind it,Number of accounts opened recently; Excessive obligations in relation to income; Credit bureau score and the credit history behind it; Number of bankcard accounts near their credit limit
319098,0.5279,Number of accounts opened recently,Number of accounts opened recently,True,1.0,Number of accounts opened recently; Amount of credit requested is high in relation to income; Excessive obligations in relation to income; Credit bureau score and the credit history behind it,Number of accounts opened recently; Amount of credit requested is high in relation to income; Excessive obligations in relation to income; Credit bureau score and the credit history behind it
77232,0.4013,Length of employment,Length of employment,True,0.75,Length of employment; Recency of inquiries on credit bureau report; Number of recent inquiries on credit bureau report; Proportion of available bankcard credit currently in use,Length of employment; Recency of inquiries on credit bureau report; Number of recent inquiries on credit bureau report; Number of accounts opened recently
2026706,0.409,Number of accounts opened recently,Number of accounts opened recently,True,0.75,Number of accounts opened recently; Recency of inquiries on credit bureau report; Excessive obligations in relation to income; Number of bankcard accounts near their credit limit,Number of accounts opened recently; Recency of inquiries on credit bureau report; Credit bureau score and the credit history behind it; Excessive obligations in relation to income
861727,0.4489,Credit bureau score and the credit history behind it,Credit bureau score and the credit history behind it,True,0.75,Credit bureau score and the credit history behind it; Recency of inquiries on credit bureau report; Number of recent inquiries on credit bureau report; Type of residence,Credit bureau score and the credit history behind it; Recency of inquiries on credit bureau report; Number of recent inquiries on credit bureau report; Number of accounts opened recently
240565,0.4721,Number of accounts opened recently,Number of accounts opened recently,True,1.0,Number of accounts opened recently; Recency of inquiries on credit bureau report; Excessive obligations in relation to income; Credit bureau score and the credit history behind it,Number of accounts opened recently; Credit bureau score and the credit history behind it; Recency of inquiries on credit bureau report; Excessive obligations in relation to income
1751059,0.491,Amount of credit requested is high in relation to income,Amount of credit requested is high in relation to income,True,0.75,Amount of credit requested is high in relation to income; Length of employment; Excessive obligations in relation to income; Recency of inquiries on credit bureau report,Amount of credit requested is high in relation to income; Length of employment; Credit bureau score and the credit history behind it; Recency of inquiries on credit bureau report
1094567,0.3327,Number of recent inquiries on credit bureau report,Number of recent inquiries on credit bureau report,True,0.75,Number of recent inquiries on credit bureau report; Proportion of available bankcard credit currently in use; Delinquent past or present credit obligations with others; Type of residence,Number of recent inquiries on credit bureau report; Proportion of available bankcard credit currently in use; Purpose of the credit requested; Delinquent past or present credit obligations with others
1648327,0.3486,Purpose of the credit requested,Purpose of the credit requested,True,1.0,Purpose of the credit requested; Credit bureau score and the credit history behind it; Number of recent inquiries on credit bureau report; Proportion of available bankcard credit currently in use,Purpose of the credit requested; Credit bureau score and the credit history behind it; Number of recent inquiries on credit bureau report; Proportion of available bankcard credit currently in use
770869,0.41,Recency of inquiries on credit bureau report,Number of accounts opened recently,False,1.0,Recency of inquiries on credit bureau report; Number of accounts opened recently; Type of residence; Credit bureau score and the credit history behind it,Number of accounts opened recently; Recency of inquiries on credit bureau report; Credit bureau score and the credit history behind it; Type of residence
186517,0.3125,Number of accounts opened recently,Number of accounts opened recently,True,0.75,Number of accounts opened recently; Excessive obligations in relation to income; Recency of inquiries on credit bureau report; Number of bankcard accounts near their credit limit,Number of accounts opened recently; Excessive obligations in relation to income; Purpose of the credit requested; Recency of inquiries on credit bureau report
1747693,0.3353,Credit bureau score and the credit history behind it,Credit bureau score and the credit history behind it,True,0.75,Credit bureau score and the credit history behind it; Number of bankcard accounts near their credit limit; Number of recent inquiries on credit bureau report; Number of accounts opened recently,Credit bureau score and the credit history behind it; Purpose of the credit requested; Number of accounts opened recently; Number of bankcard accounts near their credit limit
1050758,0.4903,Number of accounts opened recently,Number of accounts opened recently,True,1.0,Number of accounts opened recently; Credit bureau score and the credit history behind it; Amount of credit requested is high in relation to income; Type of residence,Number of accounts opened recently; Credit bureau score and the credit history behind it; Type of residence; Amount of credit requested is high in relation to income
2208574,0.3755,Amount of credit requested is high in relation to income,Amount of credit requested is high in relation to income,True,0.75,Amount of credit requested is high in relation to income; Excessive obligations in relation to income; Number of accounts opened recently; Type of residence,Amount of credit requested is high in relation to income; Number of accounts opened recently; Credit bureau score and the credit history behind it; Excessive obligations in relation to income
1847579,0.5159,Purpose of the credit requested,Purpose of the credit requested,True,1.0,Purpose of the credit requested; Amount of credit requested is high in relation to income; Excessive obligations in relation to income; Type of residence,Purpose of the credit requested; Amount of credit requested is high in relation to income; Excessive obligations in relation to income; Type of residence
619143,0.3111,Number of accounts opened recently,Number of accounts opened recently,True,1.0,Number of accounts opened recently; Proportion of available bankcard credit currently in use; Amount of revolving credit available; Payment history on credit obligations,Number of accounts opened recently; Proportion of available bankcard credit currently in use; Payment history on credit obligations; Amount of revolving credit available
500672,0.6039,Amount of credit requested,Amount of credit requested,True,1.0,Amount of credit requested; Recency of inquiries on credit bureau report; Number of recent inquiries on credit bureau report; Amount of credit requested is high in relation to income,Amount of credit requested; Recency of inquiries on credit bureau report; Number of recent inquiries on credit bureau report; Amount of credit requested is high in relation to income
1142589,0.4012,Credit bureau score and the credit history behind it,Credit bureau score and the credit history behind it,True,0.75,Credit bureau score and the credit history behind it; Excessive obligations in relation to income; Type of residence; Number of bankcard accounts near their credit limit,Credit bureau score and the credit history behind it; Type of residence; Excessive obligations in relation to income; Number of accounts opened recently
1698260,0.3614,Number of accounts opened recently,Number of accounts opened recently,True,1.0,Number of accounts opened recently; Credit bureau score and the credit history behind it; Excessive obligations in relation to income; Amount of credit requested is high in relation to income,Number of accounts opened recently; Credit bureau score and the credit history behind it; Excessive obligations in relation to income; Amount of credit requested is high in relation to income
935010,0.444,Excessive obligations in relation to income,Excessive obligations in relation to income,True,0.5,Excessive obligations in relation to income; Amount of credit requested is high in relation to income; Amount of credit requested; Type of residence,Excessive obligations in relation to income; Amount of credit requested is high in relation to income; Credit bureau score and the credit history behind it; Recency of inquiries on credit bureau report
1381814,0.3246,Number of recent inquiries on credit bureau report,Number of recent inquiries on credit bureau report,True,0.75,Number of recent inquiries on credit bureau report; Recency of inquiries on credit bureau report; Type of residence; Proportion of available bankcard credit currently in use,Number of recent inquiries on credit bureau report; Recency of inquiries on credit bureau report; Unable to verify income; Type of residence
1155858,0.3283,Excessive obligations in relation to income,Excessive obligations in relation to income,True,0.75,Excessive obligations in relation to income; Recency of inquiries on credit bureau report; Amount of revolving credit available; Type of residence,Excessive obligations in relation to income; Recency of inquiries on credit bureau report; Number of recent inquiries on credit bureau report; Type of residence
36692,0.3257,Amount of credit requested is high in relation to income,Amount of credit requested is high in relation to income,True,1.0,Amount of credit requested is high in relation to income; Credit bureau score and the credit history behind it; Number of accounts opened recently; Type of residence,Amount of credit requested is high in relation to income; Credit bureau score and the credit history behind it; Number of accounts opened recently; Type of residence
1243148,0.6434,Amount of credit requested is high in relation to income,Amount of credit requested is high in relation to income,True,0.75,Amount of credit requested is high in relation to income; Number of accounts opened recently; Excessive obligations in relation to income; Type of residence,Amount of credit requested is high in relation to income; Number of accounts opened recently; Credit bureau score and the credit history behind it; Excessive obligations in relation to income
2240990,0.4821,Number of accounts opened recently,Number of accounts opened recently,True,1.0,Number of accounts opened recently; Amount of credit requested; Credit bureau score and the credit history behind it; Recency of inquiries on credit bureau report,Number of accounts opened recently; Amount of credit requested; Credit bureau score and the credit history behind it; Recency of inquiries on credit bureau report
168701,0.4039,Number of accounts opened recently,Number of accounts opened recently,True,1.0,Number of accounts opened recently; Amount of credit requested; Recency of delinquency on credit obligations; Credit bureau score and the credit history behind it,Number of accounts opened recently; Amount of credit requested; Credit bureau score and the credit history behind it; Recency of delinquency on credit obligations
1053470,0.3773,Number of accounts opened recently,Number of accounts opened recently,True,0.75,Number of accounts opened recently; Number of recent inquiries on credit bureau report; Proportion of available bankcard credit currently in use; Amount of credit requested,Number of accounts opened recently; Number of recent inquiries on credit bureau report; Proportion of available bankcard credit currently in use; Credit bureau score and the credit history behind it
1794832,0.3379,Number of accounts opened recently,Number of accounts opened recently,True,0.75,Number of accounts opened recently; Credit bureau score and the credit history behind it; Amount of revolving credit available; Proportion of available revolving credit currently in use,Number of accounts opened recently; Credit bureau score and the credit history behind it; Amount of revolving credit available; Purpose of the credit requested
1860474,0.3016,Number of accounts opened recently,Number of accounts opened recently,True,1.0,Number of accounts opened recently; Excessive obligations in relation to income; Amount of credit requested is high in relation to income; Unable to verify income,Number of accounts opened recently; Excessive obligations in relation to income; Amount of credit requested is high in relation to income; Unable to verify income
1133302,0.4293,Proportion of available bankcard credit currently in use,Credit bureau score and the credit history behind it,False,0.75,Proportion of available bankcard credit currently in use; Credit bureau score and the credit history behind it; Number of recent inquiries on credit bureau report; Number of bankcard accounts near their credit limit,Credit bureau score and the credit history behind it; Proportion of available bankcard credit currently in use; Number of recent inquiries on credit bureau report; Recency of inquiries on credit bureau report
332139,0.3138,Number of accounts opened recently,Number of accounts opened recently,True,0.75,Number of accounts opened recently; Credit bureau score and the credit history behind it; Number of bankcard accounts near their credit limit; Excessive obligations in relation to income,Number of accounts opened recently; Credit bureau score and the credit history behind it; Payment history on credit obligations; Number of bankcard accounts near their credit limit
1073367,0.4398,Number of accounts opened recently,Number of accounts opened recently,True,0.75,Number of accounts opened recently; Number of recent inquiries on credit bureau report; Amount of revolving credit available; Recency of inquiries on credit bureau report,Number of accounts opened recently; Number of recent inquiries on credit bureau report; Credit bureau score and the credit history behind it; Recency of inquiries on credit bureau report
1560777,0.3855,Number of accounts opened recently,Number of accounts opened recently,True,1.0,Number of accounts opened recently; Amount of credit requested is high in relation to income; Purpose of the credit requested; Excessive obligations in relation to income,Number of accounts opened recently; Purpose of the credit requested; Amount of credit requested is high in relation to income; Excessive obligations in relation to income
424098,0.3841,Number of accounts opened recently,Number of accounts opened recently,True,1.0,Number of accounts opened recently; Excessive obligations in relation to income; Type of residence; Credit bureau score and the credit history behind it,Number of accounts opened recently; Excessive obligations in relation to income; Credit bureau score and the credit history behind it; Type of residence
1112743,0.3193,Number of accounts opened recently,Number of accounts opened recently,True,0.75,Number of accounts opened recently; Amount of credit requested is high in relation to income; Amount of credit requested; Excessive obligations in relation to income,Number of accounts opened recently; Amount of credit requested is high in relation to income; Amount of credit requested; Number of recent inquiries on credit bureau report
1018548,0.5611,Number of recent inquiries on credit bureau report,Number of recent inquiries on credit bureau report,True,1.0,Number of recent inquiries on credit bureau report; Recency of inquiries on credit bureau report; Type of residence; Payment history on credit obligations,Number of recent inquiries on credit bureau report; Recency of inquiries on credit bureau report; Payment history on credit obligations; Type of residence
572308,0.3185,Excessive obligations in relation to income,Number of recent inquiries on credit bureau report,False,0.75,Excessive obligations in relation to income; Number of recent inquiries on credit bureau report; Type of residence; Credit bureau score and the credit history behind it,Number of recent inquiries on credit bureau report; Credit bureau score and the credit history behind it; Excessive obligations in relation to income; Recency of inquiries on credit bureau report
363243,0.408,Amount of credit requested is high in relation to income,Amount of credit requested is high in relation to income,True,1.0,Amount of credit requested is high in relation to income; Proportion of available bankcard credit currently in use; Number of recent inquiries on credit bureau report; Credit bureau score and the credit history behind it,Amount of credit requested is high in relation to income; Proportion of available bankcard credit currently in use; Credit bureau score and the credit history behind it; Number of recent inquiries on credit bureau report
680131,0.3056,Purpose of the credit requested,Purpose of the credit requested,True,1.0,Purpose of the credit requested; Amount of credit requested is high in relation to income; Amount of credit requested; Number of accounts opened recently,Purpose of the credit requested; Amount of credit requested is high in relation to income; Amount of credit requested; Number of accounts opened recently
1796432,0.3021,Credit bureau score and the credit history behind it,Credit bureau score and the credit history behind it,True,1.0,Credit bureau score and the credit history behind it; Number of bankcard accounts near their credit limit; Amount of credit requested is high in relation to income; Type of residence,Credit bureau score and the credit history behind it; Number of bankcard accounts near their credit limit; Amount of credit requested is high in relation to income; Type of residence
1936725,0.3126,Amount of credit requested is high in relation to income,Amount of credit requested is high in relation to income,True,0.75,Amount of credit requested is high in relation to income; Amount of credit requested; Number of accounts opened recently; Proportion of available bankcard credit currently in use,Amount of credit requested is high in relation to income; Number of accounts opened recently; Amount of credit requested; Unable to verify income
941852,0.3904,Amount of credit requested is high in relation to income,Amount of credit requested is high in relation to income,True,1.0,Amount of credit requested is high in relation to income; Credit bureau score and the credit history behind it; Type of residence; Number of bankcard accounts near their credit limit,Amount of credit requested is high in relation to income; Credit bureau score and the credit history behind it; Type of residence; Number of bankcard accounts near their credit limit
415024,0.403,Type of residence,Credit bureau score and the credit history behind it,False,1.0,Type of residence; Number of accounts opened recently; Credit bureau score and the credit history behind it; Amount of revolving credit available,Credit bureau score and the credit history behind it; Number of accounts opened recently; Type of residence; Amount of revolving credit available
24746,0.4874,Amount of credit requested is high in relation to income,Number of accounts opened recently,False,1.0,Amount of credit requested is high in relation to income; Number of accounts opened recently; Credit bureau score and the credit history behind it; Recency of inquiries on credit bureau report,Number of accounts opened recently; Amount of credit requested is high in relation to income; Credit bureau score and the credit history behind it; Recency of inquiries on credit bureau report
1272307,0.3068,Excessive obligations in relation to income,Credit bureau score and the credit history behind it,False,0.75,Excessive obligations in relation to income; Credit bureau score and the credit history behind it; Recency of inquiries on credit bureau report; Number of recent inquiries on credit bureau report,Credit bureau score and the credit history behind it; Recency of inquiries on credit bureau report; Excessive obligations in relation to income; Number of accounts opened recently
1181905,0.5345,Proportion of available revolving credit currently in use,Recency of inquiries on credit bureau report,False,0.75,Proportion of available revolving credit currently in use; Recency of inquiries on credit bureau report; Type of residence; Number of recent inquiries on credit bureau report,Recency of inquiries on credit bureau report; Proportion of available revolving credit currently in use; Number of recent inquiries on credit bureau report; Credit bureau score and the credit history behind it
1169985,0.3699,Amount of credit requested is high in relation to income,Amount of credit requested is high in relation to income,True,0.75,Amount of credit requested is high in relation to income; Type of residence; Excessive obligations in relation to income; Amount of credit requested,Amount of credit requested is high in relation to income; Credit bureau score and the credit history behind it; Type of residence; Excessive obligations in relation to income
2059969,0.4112,Number of accounts opened recently,Number of accounts opened recently,True,1.0,Number of accounts opened recently; Excessive obligations in relation to income; Amount of credit requested is high in relation to income; Credit bureau score and the credit history behind it,Number of accounts opened recently; Amount of credit requested is high in relation to income; Excessive obligations in relation to income; Credit bureau score and the credit history behind it
365435,0.3305,Number of accounts opened recently,Number of accounts opened recently,True,1.0,Number of accounts opened recently; Amount of credit requested is high in relation to income; Recency of inquiries on credit bureau report; Credit bureau score and the credit history behind it,Number of accounts opened recently; Amount of credit requested is high in relation to income; Credit bureau score and the credit history behind it; Recency of inquiries on credit bureau report
1908934,0.3086,Amount of credit requested is high in relation to income,Credit bureau score and the credit history behind it,False,1.0,Amount of credit requested is high in relation to income; Excessive obligations in relation to income; Credit bureau score and the credit history behind it; Number of accounts opened recently,Credit bureau score and the credit history behind it; Amount of credit requested is high in relation to income; Number of accounts opened recently; Excessive obligations in relation to income
1361339,0.3439,Excessive obligations in relation to income,Excessive obligations in relation to income,True,1.0,Excessive obligations in relation to income; Number of accounts opened recently; Amount of credit requested is high in relation to income; Credit bureau score and the credit history behind it,Excessive obligations in relation to income; Number of accounts opened recently; Credit bureau score and the credit history behind it; Amount of credit requested is high in relation to income
391265,0.4996,Excessive obligations in relation to income,Excessive obligations in relation to income,True,1.0,Excessive obligations in relation to income; Amount of credit requested is high in relation to income; Credit bureau score and the credit history behind it; Number of accounts opened recently,Excessive obligations in relation to income; Amount of credit requested is high in relation to income; Credit bureau score and the credit history behind it; Number of accounts opened recently
2100342,0.4953,Number of accounts opened recently,Number of accounts opened recently,True,1.0,Number of accounts opened recently; Number of recent inquiries on credit bureau report; Recency of inquiries on credit bureau report; Amount of credit requested is high in relation to income,Number of accounts opened recently; Number of recent inquiries on credit bureau report; Recency of inquiries on credit bureau report; Amount of credit requested is high in relation to income
1371100,0.3178,Amount of credit requested,Credit bureau score and the credit history behind it,False,0.75,Amount of credit requested; Amount of credit requested is high in relation to income; Number of accounts opened recently; Type of residence,Credit bureau score and the credit history behind it; Number of accounts opened recently; Amount of credit requested; Amount of credit requested is high in relation to income
2033945,0.4984,Number of accounts opened recently,Number of accounts opened recently,True,0.75,Number of accounts opened recently; Amount of credit requested; Type of residence; Number of bankcard accounts near their credit limit,Number of accounts opened recently; Credit bureau score and the credit history behind it; Type of residence; Amount of credit requested
1149184,0.3428,Excessive obligations in relation to income,Excessive obligations in relation to income,True,1.0,Excessive obligations in relation to income; Amount of credit requested is high in relation to income; Type of residence; Length of employment,Excessive obligations in relation to income; Amount of credit requested is high in relation to income; Type of residence; Length of employment
1227535,0.5032,Number of recent inquiries on credit bureau report,Number of recent inquiries on credit bureau report,True,1.0,Number of recent inquiries on credit bureau report; Amount of credit requested is high in relation to income; Proportion of available bankcard credit currently in use; Credit bureau score and the credit history behind it,Number of recent inquiries on credit bureau report; Credit bureau score and the credit history behind it; Amount of credit requested is high in relation to income; Proportion of available bankcard credit currently in use
985538,0.3315,Amount of credit requested is high in relation to income,Type of residence,False,1.0,Amount of credit requested is high in relation to income; Type of residence; Number of bankcard accounts near their credit limit; Length of employment,Type of residence; Amount of credit requested is high in relation to income; Number of bankcard accounts near their credit limit; Length of employment
941439,0.3667,Excessive obligations in relation to income,Excessive obligations in relation to income,True,0.75,Excessive obligations in relation to income; Type of residence; Number of bankcard accounts near their credit limit; Number of accounts opened recently,Excessive obligations in relation to income; Type of residence; Number of accounts opened recently; Credit bureau score and the credit history behind it
1284533,0.3183,Amount of credit requested is high in relation to income,Amount of credit requested is high in relation to income,True,1.0,Amount of credit requested is high in relation to income; Excessive obligations in relation to income; Credit bureau score and the credit history behind it; Number of bankcard accounts near their credit limit,Amount of credit requested is high in relation to income; Credit bureau score and the credit history behind it; Excessive obligations in relation to income; Number of bankcard accounts near their credit limit
681092,0.3809,Number of accounts opened recently,Number of accounts opened recently,True,1.0,Number of accounts opened recently; Excessive obligations in relation to income; Credit bureau score and the credit history behind it; Payment history on credit obligations,Number of accounts opened recently; Excessive obligations in relation to income; Credit bureau score and the credit history behind it; Payment history on credit obligations
1979520,0.4706,Number of accounts opened recently,Number of accounts opened recently,True,1.0,Number of accounts opened recently; Credit bureau score and the credit history behind it; Excessive obligations in relation to income; Amount of credit requested is high in relation to income,Number of accounts opened recently; Credit bureau score and the credit history behind it; Excessive obligations in relation to income; Amount of credit requested is high in relation to income
1815632,0.4083,Amount of credit requested is high in relation to income,Number of accounts opened recently,False,1.0,Amount of credit requested is high in relation to income; Number of accounts opened recently; Proportion of available bankcard credit currently in use; Number of recent inquiries on credit bureau report,Number of accounts opened recently; Amount of credit requested is high in relation to income; Proportion of available bankcard credit currently in use; Number of recent inquiries on credit bureau report
2151829,0.4473,Number of accounts opened recently,Number of accounts opened recently,True,1.0,Number of accounts opened recently; Credit bureau score and the credit history behind it; Excessive obligations in relation to income; Amount of credit requested is high in relation to income,Number of accounts opened recently; Credit bureau score and the credit history behind it; Amount of credit requested is high in relation to income; Excessive obligations in relation to income
1405169,0.3273,Credit bureau score and the credit history behind it,Credit bureau score and the credit history behind it,True,1.0,Credit bureau score and the credit history behind it; Excessive obligations in relation to income; Amount of revolving credit available; Number of accounts opened recently,Credit bureau score and the credit history behind it; Number of accounts opened recently; Amount of revolving credit available; Excessive obligations in relation to income
1310033,0.3069,Number of recent inquiries on credit bureau report,Number of recent inquiries on credit bureau report,True,1.0,Number of recent inquiries on credit bureau report; Number of accounts opened recently; Amount of revolving credit available; Credit bureau score and the credit history behind it,Number of recent inquiries on credit bureau report; Number of accounts opened recently; Credit bureau score and the credit history behind it; Amount of revolving credit available
1566617,0.3108,Number of accounts opened recently,Number of accounts opened recently,True,0.75,Number of accounts opened recently; Credit bureau score and the credit history behind it; Payment history on credit obligations; Excessive obligations in relation to income,Number of accounts opened recently; Credit bureau score and the credit history behind it; Payment history on credit obligations; Purpose of the credit requested
1501566,0.417,Amount of credit requested is high in relation to income,Amount of credit requested is high in relation to income,True,0.75,Amount of credit requested is high in relation to income; Number of accounts opened recently; Recency of inquiries on credit bureau report; Amount of revolving credit available,Amount of credit requested is high in relation to income; Number of accounts opened recently; Credit bureau score and the credit history behind it; Recency of inquiries on credit bureau report
319888,0.4079,Amount of credit requested is high in relation to income,Amount of credit requested is high in relation to income,True,1.0,Amount of credit requested is high in relation to income; Credit bureau score and the credit history behind it; Type of residence; Number of recent inquiries on credit bureau report,Amount of credit requested is high in relation to income; Credit bureau score and the credit history behind it; Number of recent inquiries on credit bureau report; Type of residence
988061,0.3412,Amount of revolving credit available,Length of employment,False,0.75,Amount of revolving credit available; Length of employment; Proportion of available bankcard credit currently in use; Type of residence,Length of employment; Credit bureau score and the credit history behind it; Proportion of available bankcard credit currently in use; Amount of revolving credit available
2243850,0.3121,Number of accounts opened recently,Number of accounts opened recently,True,0.75,Number of accounts opened recently; Excessive obligations in relation to income; Amount of credit requested is high in relation to income; Amount of credit requested,Number of accounts opened recently; Amount of credit requested is high in relation to income; Excessive obligations in relation to income; Credit bureau score and the credit history behind it
841403,0.3044,Amount of credit requested,Credit bureau score and the credit history behind it,False,0.75,Amount of credit requested; Credit bureau score and the credit history behind it; Proportion of available revolving credit currently in use; Amount of credit requested is high in relation to income,Credit bureau score and the credit history behind it; Amount of credit requested; Proportion of available revolving credit currently in use; Number of accounts opened recently
31050,0.301,Amount of credit requested is high in relation to income,Amount of credit requested is high in relation to income,True,1.0,Amount of credit requested is high in relation to income; Number of accounts opened recently; Credit bureau score and the credit history behind it; Type of residence,Amount of credit requested is high in relation to income; Number of accounts opened recently; Credit bureau score and the credit history behind it; Type of residence
287002,0.314,Excessive obligations in relation to income,Excessive obligations in relation to income,True,0.75,Excessive obligations in relation to income; Credit bureau score and the credit history behind it; Recency of inquiries on credit bureau report; Number of bankcard accounts near their credit limit,Excessive obligations in relation to income; Credit bureau score and the credit history behind it; Recency of inquiries on credit bureau report; Number of accounts opened recently
541830,0.3077,Amount of credit requested is high in relation to income,Amount of credit requested is high in relation to income,True,1.0,Amount of credit requested is high in relation to income; Proportion of available revolving credit currently in use; Type of residence; Credit bureau score and the credit history behind it,Amount of credit requested is high in relation to income; Credit bureau score and the credit history behind it; Proportion of available revolving credit currently in use; Type of residence
8217,0.3054,Excessive obligations in relation to income,Credit bureau score and the credit history behind it,False,1.0,Excessive obligations in relation to income; Credit bureau score and the credit history behind it; Type of residence; Number of bankcard accounts near their credit limit,Credit bureau score and the credit history behind it; Excessive obligations in relation to income; Type of residence; Number of bankcard accounts near their credit limit
205084,0.3026,Number of recent inquiries on credit bureau report,Number of recent inquiries on credit bureau report,True,0.75,Number of recent inquiries on credit bureau report; Proportion of available bankcard credit currently in use; Type of residence; Amount of revolving credit available,Number of recent inquiries on credit bureau report; Credit bureau score and the credit history behind it; Proportion of available bankcard credit currently in use; Type of residence
181059,0.5432,Number of accounts opened recently,Number of accounts opened recently,True,0.75,Number of accounts opened recently; Excessive obligations in relation to income; Credit bureau score and the credit history behind it; Number of bankcard accounts near their credit limit,Number of accounts opened recently; Credit bureau score and the credit history behind it; Excessive obligations in relation to income; Proportion of available bankcard credit currently in use
461114,0.3458,Amount of credit requested is high in relation to income,Number of accounts opened recently,False,1.0,Amount of credit requested is high in relation to income; Number of accounts opened recently; Excessive obligations in relation to income; Number of recent inquiries on credit bureau report,Number of accounts opened recently; Amount of credit requested is high in relation to income; Number of recent inquiries on credit bureau report; Excessive obligations in relation to income
37627,0.3161,Amount of credit requested is high in relation to income,Length of employment,False,0.75,Amount of credit requested is high in relation to income; Length of employment; Credit bureau score and the credit history behind it; Number of bankcard accounts near their credit limit,Length of employment; Amount of credit requested is high in relation to income; Credit bureau score and the credit history behind it; Unable to verify income
665231,0.5263,Number of accounts opened recently,Number of accounts opened recently,True,1.0,Number of accounts opened recently; Recency of inquiries on credit bureau report; Purpose of the credit requested; Number of recent inquiries on credit bureau report,Number of accounts opened recently; Purpose of the credit requested; Recency of inquiries on credit bureau report; Number of recent inquiries on credit bureau report
343427,0.3458,Credit bureau score and the credit history behind it,Credit bureau score and the credit history behind it,True,0.5,Credit bureau score and the credit history behind it; Number of accounts opened recently; Excessive obligations in relation to income; Number of bankcard accounts near their credit limit,Credit bureau score and the credit history behind it; Number of accounts opened recently; Payment history on credit obligations; Length of employment
1521136,0.4499,Number of accounts opened recently,Number of accounts opened recently,True,1.0,Number of accounts opened recently; Credit bureau score and the credit history behind it; Length of employment; Type of residence,Number of accounts opened recently; Credit bureau score and the credit history behind it; Length of employment; Type of residence
231040,0.457,Number of accounts opened recently,Number of accounts opened recently,True,1.0,Number of accounts opened recently; Credit bureau score and the credit history behind it; Excessive obligations in relation to income; Amount of credit requested is high in relation to income,Number of accounts opened recently; Credit bureau score and the credit history behind it; Amount of credit requested is high in relation to income; Excessive obligations in relation to income
1133548,0.4057,Amount of credit requested,Amount of credit requested,True,1.0,Amount of credit requested; Amount of credit requested is high in relation to income; Credit bureau score and the credit history behind it; Number of accounts opened recently,Amount of credit requested; Credit bureau score and the credit history behind it; Amount of credit requested is high in relation to income; Number of accounts opened recently
266548,0.318,Number of accounts opened recently,Number of accounts opened recently,True,0.75,Number of accounts opened recently; Recency of inquiries on credit bureau report; Amount of credit requested is high in relation to income; Excessive obligations in relation to income,Number of accounts opened recently; Recency of inquiries on credit bureau report; Amount of credit requested is high in relation to income; Credit bureau score and the credit history behind it
223653,0.3544,Amount of credit requested is high in relation to income,Amount of credit requested is high in relation to income,True,0.75,Amount of credit requested is high in relation to income; Number of recent inquiries on credit bureau report; Number of accounts opened recently; Excessive obligations in relation to income,Amount of credit requested is high in relation to income; Number of recent inquiries on credit bureau report; Number of accounts opened recently; Credit bureau score and the credit history behind it
296584,0.3394,Amount of credit requested is high in relation to income,Credit bureau score and the credit history behind it,False,1.0,Amount of credit requested is high in relation to income; Credit bureau score and the credit history behind it; Type of residence; Number of bankcard accounts near their credit limit,Credit bureau score and the credit history behind it; Amount of credit requested is high in relation to income; Type of residence; Number of bankcard accounts near their credit limit
2098332,0.3757,Number of accounts opened recently,Number of accounts opened recently,True,0.75,Number of accounts opened recently; Credit bureau score and the credit history behind it; Excessive obligations in relation to income; Number of bankcard accounts near their credit limit,Number of accounts opened recently; Credit bureau score and the credit history behind it; Excessive obligations in relation to income; Amount of credit requested is high in relation to income
1227041,0.4047,Credit bureau score and the credit history behind it,Credit bureau score and the credit history behind it,True,0.75,Credit bureau score and the credit history behind it; Recency of inquiries on credit bureau report; Number of bankcard accounts near their credit limit; Amount of revolving credit available,Credit bureau score and the credit history behind it; Recency of inquiries on credit bureau report; Number of accounts opened recently; Number of bankcard accounts near their credit limit
90821,0.3195,Credit bureau score and the credit history behind it,Credit bureau score and the credit history behind it,True,0.75,Credit bureau score and the credit history behind it; Length of employment; Amount of credit requested is high in relation to income; Excessive obligations in relation to income,Credit bureau score and the credit history behind it; Length of employment; Amount of credit requested is high in relation to income; Number of accounts opened recently
2041365,0.3192,Excessive obligations in relation to income,Excessive obligations in relation to income,True,1.0,Excessive obligations in relation to income; Length of employment; Purpose of the credit requested; Proportion of available bankcard credit currently in use,Excessive obligations in relation to income; Length of employment; Purpose of the credit requested; Proportion of available bankcard credit currently in use
212299,0.3908,Excessive obligations in relation to income,Number of accounts opened recently,False,0.75,Excessive obligations in relation to income; Number of accounts opened recently; Type of residence; Recency of inquiries on credit bureau report,Number of accounts opened recently; Excessive obligations in relation to income; Recency of inquiries on credit bureau report; Credit bureau score and the credit history behind it
231939,0.305,Amount of credit requested,Amount of credit requested,True,0.75,Amount of credit requested; Recency of inquiries on credit bureau report; Amount of credit requested is high in relation to income; Excessive obligations in relation to income,Amount of credit requested; Recency of inquiries on credit bureau report; Amount of credit requested is high in relation to income; Number of recent inquiries on credit bureau report
578265,0.5278,Recency of inquiries on credit bureau report,Recency of inquiries on credit bureau report,True,0.75,Recency of inquiries on credit bureau report; Amount of credit requested; Number of recent inquiries on credit bureau report; Income insufficient for amount of credit requested,Recency of inquiries on credit bureau report; Amount of credit requested; Number of recent inquiries on credit bureau report; Purpose of the credit requested
273514,0.5176,Number of accounts opened recently,Number of accounts opened recently,True,1.0,Number of accounts opened recently; Amount of credit requested is high in relation to income; Amount of credit requested; Number of recent inquiries on credit bureau report,Number of accounts opened recently; Amount of credit requested is high in relation to income; Amount of credit requested; Number of recent inquiries on credit bureau report
1948114,0.5212,Number of accounts opened recently,Number of accounts opened recently,True,1.0,Number of accounts opened recently; Excessive obligations in relation to income; Amount of credit requested is high in relation to income; Credit bureau score and the credit history behind it,Number of accounts opened recently; Excessive obligations in relation to income; Amount of credit requested is high in relation to income; Credit bureau score and the credit history behind it
1141873,0.5059,Amount of credit requested is high in relation to income,Amount of credit requested is high in relation to income,True,0.75,Amount of credit requested is high in relation to income; Amount of credit requested; Number of recent inquiries on credit bureau report; Recency of inquiries on credit bureau report,Amount of credit requested is high in relation to income; Amount of credit requested; Credit bureau score and the credit history behind it; Number of recent inquiries on credit bureau report
1343624,0.307,Number of accounts opened recently,Number of accounts opened recently,True,1.0,Number of accounts opened recently; Credit bureau score and the credit history behind it; Amount of revolving credit available; Recency of inquiries on credit bureau report,Number of accounts opened recently; Credit bureau score and the credit history behind it; Recency of inquiries on credit bureau report; Amount of revolving credit available
2034208,0.4027,Excessive obligations in relation to income,Number of accounts opened recently,False,1.0,Excessive obligations in relation to income; Number of accounts opened recently; Credit bureau score and the credit history behind it; Type of residence,Number of accounts opened recently; Excessive obligations in relation to income; Credit bureau score and the credit history behind it; Type of residence
1778905,0.3265,Amount of credit requested is high in relation to income,Amount of credit requested is high in relation to income,True,0.75,Amount of credit requested is high in relation to income; Credit bureau score and the credit history behind it; Excessive obligations in relation to income; Type of residence,Amount of credit requested is high in relation to income; Credit bureau score and the credit history behind it; Number of accounts opened recently; Excessive obligations in relation to income
147250,0.3127,Credit bureau score and the credit history behind it,Credit bureau score and the credit history behind it,True,0.75,Credit bureau score and the credit history behind it; Number of bankcard accounts near their credit limit; Proportion of available bankcard credit currently in use; Type of residence,Credit bureau score and the credit history behind it; Number of recent inquiries on credit bureau report; Proportion of available bankcard credit currently in use; Number of bankcard accounts near their credit limit
2198258,0.4582,Number of recent inquiries on credit bureau report,Number of recent inquiries on credit bureau report,True,0.75,Number of recent inquiries on credit bureau report; Amount of credit requested is high in relation to income; Recency of inquiries on credit bureau report; Excessive obligations in relation to income,Number of recent inquiries on credit bureau report; Amount of credit requested is high in relation to income; Credit bureau score and the credit history behind it; Recency of inquiries on credit bureau report
1999786,0.4931,Number of accounts opened recently,Number of accounts opened recently,True,0.75,Number of accounts opened recently; Credit bureau score and the credit history behind it; Excessive obligations in relation to income; Amount of revolving credit available,Number of accounts opened recently; Credit bureau score and the credit history behind it; Recency of inquiries on credit bureau report; Amount of revolving credit available
377955,0.3477,Amount of credit requested is high in relation to income,Amount of credit requested is high in relation to income,True,1.0,Amount of credit requested is high in relation to income; Type of residence; Length of employment; Number of bankcard accounts near their credit limit,Amount of credit requested is high in relation to income; Type of residence; Length of employment; Number of bankcard accounts near their credit limit
229094,0.5206,Number of accounts opened recently,Number of accounts opened recently,True,0.75,Number of accounts opened recently; Credit bureau score and the credit history behind it; Bankruptcy; Excessive obligations in relation to income,Number of accounts opened recently; Credit bureau score and the credit history behind it; Bankruptcy; Number of bankcard accounts near their credit limit
2115122,0.3265,Amount of credit requested is high in relation to income,Amount of credit requested is high in relation to income,True,1.0,Amount of credit requested is high in relation to income; Amount of credit requested; Amount of revolving credit available; Purpose of the credit requested,Amount of credit requested is high in relation to income; Amount of credit requested; Purpose of the credit requested; Amount of revolving credit available
2245609,0.3322,Number of accounts opened recently,Number of accounts opened recently,True,1.0,Number of accounts opened recently; Recency of inquiries on credit bureau report; Proportion of available bankcard credit currently in use; Amount of credit requested,Number of accounts opened recently; Recency of inquiries on credit bureau report; Proportion of available bankcard credit currently in use; Amount of credit requested
1870305,0.512,Number of accounts opened recently,Number of accounts opened recently,True,0.75,Number of accounts opened recently; Credit bureau score and the credit history behind it; Excessive obligations in relation to income; Amount of credit requested is high in relation to income,Number of accounts opened recently; Credit bureau score and the credit history behind it; Recency of inquiries on credit bureau report; Excessive obligations in relation to income
229034,0.4136,Number of accounts opened recently,Number of accounts opened recently,True,0.75,Number of accounts opened recently; Excessive obligations in relation to income; Type of residence; Proportion of available bankcard credit currently in use,Number of accounts opened recently; Excessive obligations in relation to income; Recency of inquiries on credit bureau report; Proportion of available bankcard credit currently in use
2107619,0.3046,Amount of credit requested is high in relation to income,Amount of credit requested is high in relation to income,True,0.75,Amount of credit requested is high in relation to income; Type of residence; Proportion of available bankcard credit currently in use; Number of accounts opened recently,Amount of credit requested is high in relation to income; Number of accounts opened recently; Type of residence; Credit bureau score and the credit history behind it
226708,0.4668,Proportion of available bankcard credit currently in use,Credit bureau score and the credit history behind it,False,0.75,Proportion of available bankcard credit currently in use; Amount of credit requested is high in relation to income; Credit bureau score and the credit history behind it; Payment history on credit obligations,Credit bureau score and the credit history behind it; Proportion of available bankcard credit currently in use; Amount of credit requested is high in relation to income; Delinquent past or present credit obligations with others
192076,0.3939,Excessive obligations in relation to income,Excessive obligations in relation to income,True,0.75,Excessive obligations in relation to income; Credit bureau score and the credit history behind it; Amount of credit requested; Amount of credit requested is high in relation to income,Excessive obligations in relation to income; Credit bureau score and the credit history behind it; Amount of credit requested is high in relation to income; Number of accounts opened recently
1138800,0.4757,Number of accounts opened recently,Number of accounts opened recently,True,0.75,Number of accounts opened recently; Amount of credit requested is high in relation to income; Amount of credit requested; Payment history on credit obligations,Number of accounts opened recently; Amount of credit requested is high in relation to income; Amount of credit requested; Unable to verify income
319745,0.4381,Number of accounts opened recently,Number of accounts opened recently,True,1.0,Number of accounts opened recently; Credit bureau score and the credit history behind it; Number of recent inquiries on credit bureau report; Recency of inquiries on credit bureau report,Number of accounts opened recently; Credit bureau score and the credit history behind it; Number of recent inquiries on credit bureau report; Recency of inquiries on credit bureau report
609330,0.3029,Recency of inquiries on credit bureau report,Recency of inquiries on credit bureau report,True,1.0,Recency of inquiries on credit bureau report; Amount of credit requested is high in relation to income; Number of accounts opened recently; Payment history on credit obligations,Recency of inquiries on credit bureau report; Number of accounts opened recently; Amount of credit requested is high in relation to income; Payment history on credit obligations
1716364,0.3069,Amount of credit requested is high in relation to income,Amount of credit requested is high in relation to income,True,1.0,Amount of credit requested is high in relation to income; Credit bureau score and the credit history behind it; Excessive obligations in relation to income; Number of bankcard accounts near their credit limit,Amount of credit requested is high in relation to income; Credit bureau score and the credit history behind it; Excessive obligations in relation to income; Number of bankcard accounts near their credit limit
248228,0.4162,Number of accounts opened recently,Number of accounts opened recently,True,0.75,Number of accounts opened recently; Excessive obligations in relation to income; Credit bureau score and the credit history behind it; Amount of revolving credit available,Number of accounts opened recently; Excessive obligations in relation to income; Credit bureau score and the credit history behind it; Recency of inquiries on credit bureau report
929779,0.3606,Amount of credit requested is high in relation to income,Amount of credit requested is high in relation to income,True,1.0,Amount of credit requested is high in relation to income; Excessive obligations in relation to income; Type of residence; Credit bureau score and the credit history behind it,Amount of credit requested is high in relation to income; Credit bureau score and the credit history behind it; Excessive obligations in relation to income; Type of residence
1666514,0.4221,Amount of credit requested is high in relation to income,Credit bureau score and the credit history behind it,False,0.75,Amount of credit requested is high in relation to income; Credit bureau score and the credit history behind it; Proportion of available revolving credit currently in use; Number of bankcard accounts near their credit limit,Credit bureau score and the credit history behind it; Amount of credit requested is high in relation to income; Proportion of available revolving credit currently in use; Amount of revolving credit available
1243841,0.3408,Credit bureau score and the credit history behind it,Credit bureau score and the credit history behind it,True,0.75,Credit bureau score and the credit history behind it; Amount of credit requested is high in relation to income; Excessive obligations in relation to income; Proportion of available bankcard credit currently in use,Credit bureau score and the credit history behind it; Amount of credit requested is high in relation to income; Excessive obligations in relation to income; Recency of a serious derogatory credit item
2173378,0.364,Type of residence,Type of residence,True,0.75,Type of residence; Amount of credit requested is high in relation to income; Excessive obligations in relation to income; Number of bankcard accounts near their credit limit,Type of residence; Number of accounts opened recently; Amount of credit requested is high in relation to income; Excessive obligations in relation to income
843881,0.4514,Number of accounts opened recently,Number of accounts opened recently,True,1.0,Number of accounts opened recently; Recency of inquiries on credit bureau report; Type of residence; Credit bureau score and the credit history behind it,Number of accounts opened recently; Recency of inquiries on credit bureau report; Credit bureau score and the credit history behind it; Type of residence
1172036,0.4589,Type of residence,Number of accounts opened recently,False,0.75,Type of residence; Number of accounts opened recently; Amount of credit requested is high in relation to income; Number of bankcard accounts near their credit limit,Number of accounts opened recently; Type of residence; Proportion of available bankcard credit currently in use; Amount of credit requested is high in relation to income
1829615,0.3023,Number of accounts opened recently,Number of accounts opened recently,True,1.0,Number of accounts opened recently; Length of employment; Credit bureau score and the credit history behind it; Proportion of available bankcard credit currently in use,Number of accounts opened recently; Length of employment; Credit bureau score and the credit history behind it; Proportion of available bankcard credit currently in use
1706719,0.5057,Number of accounts opened recently,Number of accounts opened recently,True,0.75,Number of accounts opened recently; Credit bureau score and the credit history behind it; Amount of credit requested; Excessive obligations in relation to income,Number of accounts opened recently; Credit bureau score and the credit history behind it; Recency of inquiries on credit bureau report; Excessive obligations in relation to income
2201642,0.3302,Recency of inquiries on credit bureau report,Recency of inquiries on credit bureau report,True,0.75,Recency of inquiries on credit bureau report; Number of recent inquiries on credit bureau report; Type of residence; Number of bankcard accounts near their credit limit,Recency of inquiries on credit bureau report; Number of recent inquiries on credit bureau report; Type of residence; Unable to verify income
1109933,0.328,Credit bureau score and the credit history behind it,Credit bureau score and the credit history behind it,True,1.0,Credit bureau score and the credit history behind it; Number of accounts opened recently; Proportion of available revolving credit currently in use; Number of bankcard accounts near their credit limit,Credit bureau score and the credit history behind it; Number of accounts opened recently; Proportion of available revolving credit currently in use; Number of bankcard accounts near their credit limit
1041710,0.6072,Number of accounts opened recently,Number of accounts opened recently,True,0.75,Number of accounts opened recently; Excessive obligations in relation to income; Credit bureau score and the credit history behind it; Type of residence,Number of accounts opened recently; Excessive obligations in relation to income; Credit bureau score and the credit history behind it; Amount of credit requested is high in relation to income
1322021,0.353,Length of employment,Credit bureau score and the credit history behind it,False,1.0,Length of employment; Amount of credit requested is high in relation to income; Excessive obligations in relation to income; Credit bureau score and the credit history behind it,Credit bureau score and the credit history behind it; Length of employment; Amount of credit requested is high in relation to income; Excessive obligations in relation to income
1296250,0.573,Recency of inquiries on credit bureau report,Number of recent inquiries on credit bureau report,False,0.75,Recency of inquiries on credit bureau report; Number of recent inquiries on credit bureau report; Amount of credit requested is high in relation to income; Number of accounts opened recently,Number of recent inquiries on credit bureau report; Recency of inquiries on credit bureau report; Credit bureau score and the credit history behind it; Number of accounts opened recently
796040,0.4637,Number of accounts opened recently,Number of accounts opened recently,True,0.75,Number of accounts opened recently; Recency of inquiries on credit bureau report; Amount of credit requested is high in relation to income; Purpose of the credit requested,Number of accounts opened recently; Recency of inquiries on credit bureau report; Purpose of the credit requested; Credit bureau score and the credit history behind it
130407,0.3408,Amount of credit requested is high in relation to income,Amount of credit requested is high in relation to income,True,0.75,Amount of credit requested is high in relation to income; Length of employment; Number of bankcard accounts near their credit limit; Income insufficient for amount of credit requested,Amount of credit requested is high in relation to income; Length of employment; Proportion of available revolving credit currently in use; Income insufficient for amount of credit requested
910660,0.3644,Number of accounts opened recently,Number of accounts opened recently,True,0.75,Number of accounts opened recently; Recency of inquiries on credit bureau report; Proportion of available bankcard credit currently in use; Amount of revolving credit available,Number of accounts opened recently; Recency of inquiries on credit bureau report; Proportion of available bankcard credit currently in use; Credit bureau score and the credit history behind it
1340432,0.5686,Amount of credit requested,Number of accounts opened recently,False,0.75,Amount of credit requested; Number of accounts opened recently; Amount of credit requested is high in relation to income; Recency of inquiries on credit bureau report,Number of accounts opened recently; Credit bureau score and the credit history behind it; Amount of credit requested is high in relation to income; Recency of inquiries on credit bureau report
221148,0.3643,Number of accounts opened recently,Number of accounts opened recently,True,1.0,Number of accounts opened recently; Credit bureau score and the credit history behind it; Amount of credit requested is high in relation to income; Type of residence,Number of accounts opened recently; Credit bureau score and the credit history behind it; Amount of credit requested is high in relation to income; Type of residence
2034619,0.3638,Amount of credit requested is high in relation to income,Credit bureau score and the credit history behind it,False,1.0,Amount of credit requested is high in relation to income; Recency of inquiries on credit bureau report; Credit bureau score and the credit history behind it; Purpose of the credit requested,Credit bureau score and the credit history behind it; Recency of inquiries on credit bureau report; Purpose of the credit requested; Amount of credit requested is high in relation to income
1961467,0.3549,Number of accounts opened recently,Number of accounts opened recently,True,1.0,Number of accounts opened recently; Credit bureau score and the credit history behind it; Recency of inquiries on credit bureau report; Type of residence,Number of accounts opened recently; Credit bureau score and the credit history behind it; Recency of inquiries on credit bureau report; Type of residence
61249,0.3498,Amount of credit requested is high in relation to income,Number of accounts opened recently,False,1.0,Amount of credit requested is high in relation to income; Number of accounts opened recently; Amount of credit requested; Number of recent inquiries on credit bureau report,Number of accounts opened recently; Amount of credit requested is high in relation to income; Number of recent inquiries on credit bureau report; Amount of credit requested
51058,0.3578,Number of accounts opened recently,Number of accounts opened recently,True,0.75,Number of accounts opened recently; Amount of credit requested is high in relation to income; Recency of inquiries on credit bureau report; Payment history on credit obligations,Number of accounts opened recently; Recency of inquiries on credit bureau report; Credit bureau score and the credit history behind it; Amount of credit requested is high in relation to income
339766,0.4631,Number of accounts opened recently,Number of accounts opened recently,True,1.0,Number of accounts opened recently; Credit bureau score and the credit history behind it; Amount of credit requested is high in relation to income; Recency of inquiries on credit bureau report,Number of accounts opened recently; Credit bureau score and the credit history behind it; Recency of inquiries on credit bureau report; Amount of credit requested is high in relation to income
215411,0.4006,Amount of credit requested is high in relation to income,Amount of credit requested is high in relation to income,True,1.0,Amount of credit requested is high in relation to income; Number of accounts opened recently; Credit bureau score and the credit history behind it; Number of bankcard accounts near their credit limit,Amount of credit requested is high in relation to income; Number of accounts opened recently; Credit bureau score and the credit history behind it; Number of bankcard accounts near their credit limit
1499121,0.3882,Number of accounts opened recently,Number of accounts opened recently,True,1.0,Number of accounts opened recently; Credit bureau score and the credit history behind it; Amount of credit requested is high in relation to income; Payment history on credit obligations,Number of accounts opened recently; Credit bureau score and the credit history behind it; Payment history on credit obligations; Amount of credit requested is high in relation to income
1656123,0.3314,Amount of credit requested is high in relation to income,Amount of credit requested is high in relation to income,True,0.75,Amount of credit requested is high in relation to income; Amount of credit requested; Number of bankcard accounts near their credit limit; Credit bureau score and the credit history behind it,Amount of credit requested is high in relation to income; Amount of credit requested; Credit bureau score and the credit history behind it; Recency of delinquency on credit obligations
746799,0.3068,Excessive obligations in relation to income,Excessive obligations in relation to income,True,1.0,Excessive obligations in relation to income; Recency of inquiries on credit bureau report; Credit bureau score and the credit history behind it; Purpose of the credit requested,Excessive obligations in relation to income; Credit bureau score and the credit history behind it; Purpose of the credit requested; Recency of inquiries on credit bureau report
2020998,0.3677,Number of accounts opened recently,Number of accounts opened recently,True,1.0,Number of accounts opened recently; Amount of credit requested is high in relation to income; Purpose of the credit requested; Type of residence,Number of accounts opened recently; Purpose of the credit requested; Amount of credit requested is high in relation to income; Type of residence
223960,0.4494,Number of accounts opened recently,Number of accounts opened recently,True,0.75,Number of accounts opened recently; Amount of credit requested is high in relation to income; Proportion of available bankcard credit currently in use; Type of residence,Number of accounts opened recently; Amount of credit requested is high in relation to income; Proportion of available bankcard credit currently in use; Credit bureau score and the credit history behind it
2061080,0.3883,Amount of credit requested is high in relation to income,Amount of credit requested is high in relation to income,True,1.0,Amount of credit requested is high in relation to income; Purpose of the credit requested; Amount of credit requested; Recency of inquiries on credit bureau report,Amount of credit requested is high in relation to income; Purpose of the credit requested; Recency of inquiries on credit bureau report; Amount of credit requested
1678259,0.3388,Number of accounts opened recently,Number of accounts opened recently,True,1.0,Number of accounts opened recently; Amount of credit requested is high in relation to income; Credit bureau score and the credit history behind it; Number of recent inquiries on credit bureau report,Number of accounts opened recently; Credit bureau score and the credit history behind it; Amount of credit requested is high in relation to income; Number of recent inquiries on credit bureau report
1249600,0.3237,Amount of credit requested is high in relation to income,Credit bureau score and the credit history behind it,False,1.0,Amount of credit requested is high in relation to income; Credit bureau score and the credit history behind it; Type of residence; Delinquent past or present credit obligations with others,Credit bureau score and the credit history behind it; Amount of credit requested is high in relation to income; Type of residence; Delinquent past or present credit obligations with others
1117425,0.3319,Number of accounts opened recently,Number of accounts opened recently,True,1.0,Number of accounts opened recently; Recency of inquiries on credit bureau report; Number of recent inquiries on credit bureau report; Amount of credit requested is high in relation to income,Number of accounts opened recently; Recency of inquiries on credit bureau report; Number of recent inquiries on credit bureau report; Amount of credit requested is high in relation to income
1664050,0.3436,Length of employment,Length of employment,True,0.75,Length of employment; Recency of inquiries on credit bureau report; Number of accounts opened recently; Type of residence,Length of employment; Recency of inquiries on credit bureau report; Number of accounts opened recently; Credit bureau score and the credit history behind it
1254937,0.3981,Number of accounts opened recently,Number of accounts opened recently,True,0.75,Number of accounts opened recently; Proportion of available bankcard credit currently in use; Recency of inquiries on credit bureau report; Amount of revolving credit available,Number of accounts opened recently; Recency of inquiries on credit bureau report; Proportion of available bankcard credit currently in use; Unable to verify income
2009571,0.3562,Number of accounts opened recently,Number of accounts opened recently,True,1.0,Number of accounts opened recently; Type of residence; Credit bureau score and the credit history behind it; Recency of inquiries on credit bureau report,Number of accounts opened recently; Credit bureau score and the credit history behind it; Recency of inquiries on credit bureau report; Type of residence
1245231,0.4275,Amount of credit requested is high in relation to income,Amount of credit requested is high in relation to income,True,1.0,Amount of credit requested is high in relation to income; Excessive obligations in relation to income; Credit bureau score and the credit history behind it; Amount of credit requested,Amount of credit requested is high in relation to income; Credit bureau score and the credit history behind it; Excessive obligations in relation to income; Amount of credit requested
1128126,0.3771,Number of accounts opened recently,Number of accounts opened recently,True,1.0,Number of accounts opened recently; Amount of credit requested is high in relation to income; Credit bureau score and the credit history behind it; Recency of inquiries on credit bureau report,Number of accounts opened recently; Credit bureau score and the credit history behind it; Amount of credit requested is high in relation to income; Recency of inquiries on credit bureau report
150397,0.4292,Amount of credit requested is high in relation to income,Amount of credit requested is high in relation to income,True,0.75,Amount of credit requested is high in relation to income; Credit bureau score and the credit history behind it; Recency of inquiries on credit bureau report; Type of residence,Amount of credit requested is high in relation to income; Credit bureau score and the credit history behind it; Recency of inquiries on credit bureau report; Number of recent inquiries on credit bureau report
249721,0.3172,Excessive obligations in relation to income,Excessive obligations in relation to income,True,1.0,Excessive obligations in relation to income; Amount of credit requested is high in relation to income; Credit bureau score and the credit history behind it; Type of residence,Excessive obligations in relation to income; Credit bureau score and the credit history behind it; Amount of credit requested is high in relation to income; Type of residence
1970921,0.5702,Amount of credit requested,Amount of credit requested,True,1.0,Amount of credit requested; Number of accounts opened recently; Amount of credit requested is high in relation to income; Credit bureau score and the credit history behind it,Amount of credit requested; Number of accounts opened recently; Credit bureau score and the credit history behind it; Amount of credit requested is high in relation to income
2181286,0.4604,Number of accounts opened recently,Number of accounts opened recently,True,0.75,Number of accounts opened recently; Amount of credit requested is high in relation to income; Type of residence; Credit bureau score and the credit history behind it,Number of accounts opened recently; Credit bureau score and the credit history behind it; Amount of credit requested is high in relation to income; Length of employment
1246842,0.3724,Number of accounts opened recently,Number of accounts opened recently,True,0.75,Number of accounts opened recently; Amount of credit requested is high in relation to income; Recency of inquiries on credit bureau report; Amount of credit requested,Number of accounts opened recently; Amount of credit requested is high in relation to income; Recency of inquiries on credit bureau report; Number of recent inquiries on credit bureau report
403621,0.3717,Excessive obligations in relation to income,Excessive obligations in relation to income,True,1.0,Excessive obligations in relation to income; Type of residence; Credit bureau score and the credit history behind it; Number of accounts opened recently,Excessive obligations in relation to income; Credit bureau score and the credit history behind it; Number of accounts opened recently; Type of residence
206068,0.3285,Number of accounts opened recently,Number of accounts opened recently,True,1.0,Number of accounts opened recently; Amount of credit requested is high in relation to income; Credit bureau score and the credit history behind it; Proportion of available revolving credit currently in use,Number of accounts opened recently; Credit bureau score and the credit history behind it; Amount of credit requested is high in relation to income; Proportion of available revolving credit currently in use
1495981,0.5863,Amount of credit requested is high in relation to income,Amount of credit requested is high in relation to income,True,1.0,Amount of credit requested is high in relation to income; Credit bureau score and the credit history behind it; Number of accounts opened recently; Number of bankcard accounts near their credit limit,Amount of credit requested is high in relation to income; Credit bureau score and the credit history behind it; Number of accounts opened recently; Number of bankcard accounts near their credit limit
1026432,0.316,Number of accounts opened recently,Number of accounts opened recently,True,0.5,Number of accounts opened recently; Excessive obligations in relation to income; Number of bankcard accounts near their credit limit; Amount of credit requested is high in relation to income,Number of accounts opened recently; Credit bureau score and the credit history behind it; Excessive obligations in relation to income; Payment history on credit obligations
333726,0.3097,Type of residence,Type of residence,True,0.75,Type of residence; Proportion of available bankcard credit currently in use; Amount of revolving credit available; Amount of credit requested,Type of residence; Proportion of available bankcard credit currently in use; Number of accounts opened recently; Amount of revolving credit available
490889,0.3385,Type of residence,Credit bureau score and the credit history behind it,False,0.75,Type of residence; Amount of revolving credit available; Credit bureau score and the credit history behind it; Recency of inquiries on credit bureau report,Credit bureau score and the credit history behind it; Type of residence; Amount of revolving credit available; Number of accounts opened recently
1237028,0.5877,Number of accounts opened recently,Number of accounts opened recently,True,1.0,Number of accounts opened recently; Amount of credit requested is high in relation to income; Excessive obligations in relation to income; Credit bureau score and the credit history behind it,Number of accounts opened recently; Amount of credit requested is high in relation to income; Credit bureau score and the credit history behind it; Excessive obligations in relation to income
2252999,0.4103,Number of accounts opened recently,Number of accounts opened recently,True,0.75,Number of accounts opened recently; Type of residence; Credit bureau score and the credit history behind it; Payment history on credit obligations,Number of accounts opened recently; Credit bureau score and the credit history behind it; Payment history on credit obligations; Recency of delinquency on credit obligations
412939,0.3424,Number of accounts opened recently,Number of accounts opened recently,True,1.0,Number of accounts opened recently; Credit bureau score and the credit history behind it; Recency of inquiries on credit bureau report; Amount of credit requested is high in relation to income,Number of accounts opened recently; Credit bureau score and the credit history behind it; Recency of inquiries on credit bureau report; Amount of credit requested is high in relation to income
924017,0.4418,Number of accounts opened recently,Number of accounts opened recently,True,0.75,Number of accounts opened recently; Credit bureau score and the credit history behind it; Excessive obligations in relation to income; Type of residence,Number of accounts opened recently; Credit bureau score and the credit history behind it; Excessive obligations in relation to income; Amount of credit requested is high in relation to income
536669,0.3136,Amount of credit requested,Amount of credit requested,True,0.75,Amount of credit requested; Amount of credit requested is high in relation to income; Payment history on credit obligations; Type of residence,Amount of credit requested; Amount of credit requested is high in relation to income; Payment history on credit obligations; Amount of revolving credit available
1112169,0.4625,Amount of credit requested is high in relation to income,Amount of credit requested is high in relation to income,True,0.75,Amount of credit requested is high in relation to income; Credit bureau score and the credit history behind it; Amount of revolving credit available; Proportion of available bankcard credit currently in use,Amount of credit requested is high in relation to income; Credit bureau score and the credit history behind it; Amount of revolving credit available; Unable to verify income
1970298,0.3434,Excessive obligations in relation to income,Credit bureau score and the credit history behind it,False,1.0,Excessive obligations in relation to income; Credit bureau score and the credit history behind it; Type of residence; Number of recent inquiries on credit bureau report,Credit bureau score and the credit history behind it; Excessive obligations in relation to income; Number of recent inquiries on credit bureau report; Type of residence
135244,0.4166,Number of accounts opened recently,Number of accounts opened recently,True,1.0,Number of accounts opened recently; Amount of revolving credit available; Credit bureau score and the credit history behind it; Type of residence,Number of accounts opened recently; Credit bureau score and the credit history behind it; Amount of revolving credit available; Type of residence
668887,0.3836,Excessive obligations in relation to income,Length of employment,False,0.75,Excessive obligations in relation to income; Length of employment; Number of bankcard accounts near their credit limit; Type of residence,Length of employment; Credit bureau score and the credit history behind it; Excessive obligations in relation to income; Type of residence
1197495,0.5261,Amount of credit requested is high in relation to income,Amount of credit requested is high in relation to income,True,1.0,Amount of credit requested is high in relation to income; Credit bureau score and the credit history behind it; Length of employment; Excessive obligations in relation to income,Amount of credit requested is high in relation to income; Credit bureau score and the credit history behind it; Length of employment; Excessive obligations in relation to income
81263,0.4543,Excessive obligations in relation to income,Excessive obligations in relation to income,True,1.0,Excessive obligations in relation to income; Length of employment; Number of accounts opened recently; Purpose of the credit requested,Excessive obligations in relation to income; Number of accounts opened recently; Length of employment; Purpose of the credit requested
1745766,0.304,Credit bureau score and the credit history behind it,Credit bureau score and the credit history behind it,True,0.75,Credit bureau score and the credit history behind it; Recency of delinquency on credit obligations; Purpose of the credit requested; Amount of credit requested is high in relation to income,Credit bureau score and the credit history behind it; Purpose of the credit requested; Recency of delinquency on credit obligations; Recency of inquiries on credit bureau report
347573,0.3241,Number of accounts opened recently,Number of accounts opened recently,True,0.75,Number of accounts opened recently; Type of residence; Amount of revolving credit available; Recency of inquiries on credit bureau report,Number of accounts opened recently; Recency of inquiries on credit bureau report; Credit bureau score and the credit history behind it; Amount of revolving credit available
2183954,0.4267,Number of accounts opened recently,Number of accounts opened recently,True,1.0,Number of accounts opened recently; Recency of inquiries on credit bureau report; Credit bureau score and the credit history behind it; Number of recent inquiries on credit bureau report,Number of accounts opened recently; Credit bureau score and the credit history behind it; Number of recent inquiries on credit bureau report; Recency of inquiries on credit bureau report
1243858,0.5136,Proportion of available bankcard credit currently in use,Number of recent inquiries on credit bureau report,False,1.0,Proportion of available bankcard credit currently in use; Amount of credit requested is high in relation to income; Number of recent inquiries on credit bureau report; Recency of inquiries on credit bureau report,Number of recent inquiries on credit bureau report; Amount of credit requested is high in relation to income; Recency of inquiries on credit bureau report; Proportion of available bankcard credit currently in use
196979,0.3755,Number of accounts opened recently,Number of accounts opened recently,True,0.75,Number of accounts opened recently; Type of residence; Amount of revolving credit available; Purpose of the credit requested,Number of accounts opened recently; Purpose of the credit requested; Credit bureau score and the credit history behind it; Type of residence
909495,0.3629,Number of accounts opened recently,Number of accounts opened recently,True,0.75,Number of accounts opened recently; Type of residence; Amount of revolving credit available; Number of bankcard accounts near their credit limit,Number of accounts opened recently; Type of residence; Amount of revolving credit available; Payment history on credit obligations
375022,0.516,Number of accounts opened recently,Number of accounts opened recently,True,1.0,Number of accounts opened recently; Credit bureau score and the credit history behind it; Type of residence; Amount of revolving credit available,Number of accounts opened recently; Credit bureau score and the credit history behind it; Type of residence; Amount of revolving credit available
428666,0.3871,Amount of credit requested is high in relation to income,Amount of credit requested is high in relation to income,True,0.75,Amount of credit requested is high in relation to income; Type of residence; Recency of inquiries on credit bureau report; Excessive obligations in relation to income,Amount of credit requested is high in relation to income; Recency of inquiries on credit bureau report; Credit bureau score and the credit history behind it; Type of residence
1965035,0.3464,Amount of credit requested is high in relation to income,Amount of credit requested is high in relation to income,True,1.0,Amount of credit requested is high in relation to income; Number of recent inquiries on credit bureau report; Length of employment; Amount of credit requested,Amount of credit requested is high in relation to income; Length of employment; Number of recent inquiries on credit bureau report; Amount of credit requested
536723,0.4587,Number of accounts opened recently,Number of accounts opened recently,True,0.75,Number of accounts opened recently; Credit bureau score and the credit history behind it; Delinquent past or present credit obligations with others; Excessive obligations in relation to income,Number of accounts opened recently; Credit bureau score and the credit history behind it; Delinquent past or present credit obligations with others; Recency of delinquency on credit obligations
357386,0.4622,Number of accounts opened recently,Number of accounts opened recently,True,1.0,Number of accounts opened recently; Credit bureau score and the credit history behind it; Recency of inquiries on credit bureau report; Amount of credit requested is high in relation to income,Number of accounts opened recently; Credit bureau score and the credit history behind it; Recency of inquiries on credit bureau report; Amount of credit requested is high in relation to income
978640,0.3327,Number of accounts opened recently,Number of accounts opened recently,True,1.0,Number of accounts opened recently; Number of recent inquiries on credit bureau report; Recency of inquiries on credit bureau report; Payment history on credit obligations,Number of accounts opened recently; Number of recent inquiries on credit bureau report; Payment history on credit obligations; Recency of inquiries on credit bureau report
978765,0.3417,Number of accounts opened recently,Number of accounts opened recently,True,0.75,Number of accounts opened recently; Number of recent inquiries on credit bureau report; Excessive obligations in relation to income; Proportion of available bankcard credit currently in use,Number of accounts opened recently; Number of recent inquiries on credit bureau report; Proportion of available bankcard credit currently in use; Unable to verify income
76284,0.4499,Number of accounts opened recently,Number of accounts opened recently,True,1.0,Number of accounts opened recently; Number of recent inquiries on credit bureau report; Recency of inquiries on credit bureau report; Excessive obligations in relation to income,Number of accounts opened recently; Number of recent inquiries on credit bureau report; Recency of inquiries on credit bureau report; Excessive obligations in relation to income
1336741,0.3299,Amount of credit requested is high in relation to income,Credit bureau score and the credit history behind it,False,1.0,Amount of credit requested is high in relation to income; Credit bureau score and the credit history behind it; Type of residence; Proportion of available revolving credit currently in use,Credit bureau score and the credit history behind it; Amount of credit requested is high in relation to income; Type of residence; Proportion of available revolving credit currently in use
1971945,0.4531,Amount of credit requested is high in relation to income,Amount of credit requested is high in relation to income,True,0.75,Amount of credit requested is high in relation to income; Proportion of available bankcard credit currently in use; Type of residence; Number of bankcard accounts near their credit limit,Amount of credit requested is high in relation to income; Proportion of available bankcard credit currently in use; Type of residence; Credit bureau score and the credit history behind it
1929151,0.4055,Purpose of the credit requested,Purpose of the credit requested,True,0.75,Purpose of the credit requested; Amount of credit requested is high in relation to income; Credit bureau score and the credit history behind it; Proportion of available bankcard credit currently in use,Purpose of the credit requested; Amount of credit requested is high in relation to income; Credit bureau score and the credit history behind it; Income insufficient for amount of credit requested
1210064,0.3052,Number of recent inquiries on credit bureau report,Number of recent inquiries on credit bureau report,True,0.75,Number of recent inquiries on credit bureau report; Length of employment; Excessive obligations in relation to income; Recency of inquiries on credit bureau report,Number of recent inquiries on credit bureau report; Length of employment; Recency of inquiries on credit bureau report; Purpose of the credit requested
1845426,0.6117,Amount of credit requested is high in relation to income,Number of accounts opened recently,False,1.0,Amount of credit requested is high in relation to income; Number of accounts opened recently; Amount of credit requested; Number of bankcard accounts near their credit limit,Number of accounts opened recently; Amount of credit requested is high in relation to income; Amount of credit requested; Number of bankcard accounts near their credit limit
2250367,0.3015,Number of accounts opened recently,Number of accounts opened recently,True,0.75,Number of accounts opened recently; Credit bureau score and the credit history behind it; Excessive obligations in relation to income; Type of residence,Number of accounts opened recently; Credit bureau score and the credit history behind it; Number of recent inquiries on credit bureau report; Type of residence
478392,0.3311,Purpose of the credit requested,Purpose of the credit requested,True,0.75,Purpose of the credit requested; Excessive obligations in relation to income; Number of bankcard accounts near their credit limit; Recency of inquiries on credit bureau report,Purpose of the credit requested; Excessive obligations in relation to income; Credit bureau score and the credit history behind it; Number of bankcard accounts near their credit limit
731403,0.4455,Number of accounts opened recently,Number of accounts opened recently,True,1.0,Number of accounts opened recently; Excessive obligations in relation to income; Amount of credit requested is high in relation to income; Credit bureau score and the credit history behind it,Number of accounts opened recently; Excessive obligations in relation to income; Credit bureau score and the credit history behind it; Amount of credit requested is high in relation to income
608739,0.5501,Amount of credit requested is high in relation to income,Amount of credit requested is high in relation to income,True,0.75,Amount of credit requested is high in relation to income; Recency of inquiries on credit bureau report; Number of accounts opened recently; Amount of credit requested,Amount of credit requested is high in relation to income; Recency of inquiries on credit bureau report; Number of accounts opened recently; Proportion of available revolving credit currently in use
1343931,0.3031,Excessive obligations in relation to income,Excessive obligations in relation to income,True,1.0,Excessive obligations in relation to income; Type of residence; Proportion of available bankcard credit currently in use; Number of bankcard accounts near their credit limit,Excessive obligations in relation to income; Proportion of available bankcard credit currently in use; Type of residence; Number of bankcard accounts near their credit limit
1394286,0.3815,Number of accounts opened recently,Number of accounts opened recently,True,0.75,Number of accounts opened recently; Credit bureau score and the credit history behind it; Recency of inquiries on credit bureau report; Number of bankcard accounts near their credit limit,Number of accounts opened recently; Credit bureau score and the credit history behind it; Recency of inquiries on credit bureau report; Amount of credit requested is high in relation to income
311211,0.5193,Number of accounts opened recently,Number of accounts opened recently,True,0.75,Number of accounts opened recently; Excessive obligations in relation to income; Amount of credit requested is high in relation to income; Number of bankcard accounts near their credit limit,Number of accounts opened recently; Excessive obligations in relation to income; Amount of credit requested is high in relation to income; Credit bureau score and the credit history behind it
2062604,0.317,Number of accounts opened recently,Number of accounts opened recently,True,0.75,Number of accounts opened recently; Recency of inquiries on credit bureau report; Number of recent inquiries on credit bureau report; Proportion of available bankcard credit currently in use,Number of accounts opened recently; Recency of inquiries on credit bureau report; Number of recent inquiries on credit bureau report; Credit bureau score and the credit history behind it
399700,0.3239,Amount of credit requested is high in relation to income,Amount of credit requested is high in relation to income,True,1.0,Amount of credit requested is high in relation to income; Credit bureau score and the credit history behind it; Type of residence; Number of bankcard accounts near their credit limit,Amount of credit requested is high in relation to income; Credit bureau score and the credit history behind it; Type of residence; Number of bankcard accounts near their credit limit
735156,0.3082,Number of accounts opened recently,Number of accounts opened recently,True,1.0,Number of accounts opened recently; Credit bureau score and the credit history behind it; Amount of revolving credit available; Number of recent inquiries on credit bureau report,Number of accounts opened recently; Credit bureau score and the credit history behind it; Amount of revolving credit available; Number of recent inquiries on credit bureau report
1178450,0.4409,Excessive obligations in relation to income,Excessive obligations in relation to income,True,0.75,Excessive obligations in relation to income; Recency of delinquency on credit obligations; Amount of credit requested is high in relation to income; Proportion of available bankcard credit currently in use,Excessive obligations in relation to income; Recency of delinquency on credit obligations; Number of accounts opened recently; Amount of credit requested is high in relation to income
1141082,0.4174,Amount of credit requested,Amount of credit requested,True,0.75,Amount of credit requested; Excessive obligations in relation to income; Type of residence; Number of accounts opened recently,Amount of credit requested; Number of accounts opened recently; Amount of credit requested is high in relation to income; Type of residence
1344080,0.3424,Amount of credit requested is high in relation to income,Number of accounts opened recently,False,1.0,Amount of credit requested is high in relation to income; Number of accounts opened recently; Length of employment; Credit bureau score and the credit history behind it,Number of accounts opened recently; Amount of credit requested is high in relation to income; Length of employment; Credit bureau score and the credit history behind it
668295,0.4383,Amount of credit requested is high in relation to income,Amount of credit requested is high in relation to income,True,1.0,Amount of credit requested is high in relation to income; Number of accounts opened recently; Amount of credit requested; Recency of inquiries on credit bureau report,Amount of credit requested is high in relation to income; Number of accounts opened recently; Amount of credit requested; Recency of inquiries on credit bureau report
265382,0.3909,Number of accounts opened recently,Number of accounts opened recently,True,1.0,Number of accounts opened recently; Amount of credit requested is high in relation to income; Excessive obligations in relation to income; Amount of credit requested,Number of accounts opened recently; Amount of credit requested is high in relation to income; Excessive obligations in relation to income; Amount of credit requested
82253,0.3079,Number of accounts opened recently,Number of accounts opened recently,True,0.75,Number of accounts opened recently; Type of residence; Amount of revolving credit available; Recency of delinquency on credit obligations,Number of accounts opened recently; Type of residence; Credit bureau score and the credit history behind it; Recency of delinquency on credit obligations
31315,0.3524,Amount of credit requested is high in relation to income,Credit bureau score and the credit history behind it,False,1.0,Amount of credit requested is high in relation to income; Excessive obligations in relation to income; Credit bureau score and the credit history behind it; Type of residence,Credit bureau score and the credit history behind it; Amount of credit requested is high in relation to income; Excessive obligations in relation to income; Type of residence
40423,0.3765,Amount of credit requested,Amount of credit requested,True,1.0,Amount of credit requested; Number of accounts opened recently; Type of residence; Purpose of the credit requested,Amount of credit requested; Number of accounts opened recently; Purpose of the credit requested; Type of residence
1478740,0.4811,Number of accounts opened recently,Number of accounts opened recently,True,1.0,Number of accounts opened recently; Amount of credit requested is high in relation to income; Recency of inquiries on credit bureau report; Number of recent inquiries on credit bureau report,Number of accounts opened recently; Amount of credit requested is high in relation to income; Number of recent inquiries on credit bureau report; Recency of inquiries on credit bureau report
452139,0.3311,Amount of revolving credit available,Number of accounts opened recently,False,0.75,Amount of revolving credit available; Type of residence; Number of accounts opened recently; Length of employment,Number of accounts opened recently; Type of residence; Amount of revolving credit available; Credit bureau score and the credit history behind it
406374,0.3805,Number of accounts opened recently,Number of accounts opened recently,True,0.75,Number of accounts opened recently; Excessive obligations in relation to income; Amount of credit requested is high in relation to income; Payment history on credit obligations,Number of accounts opened recently; Excessive obligations in relation to income; Amount of credit requested is high in relation to income; Unable to verify income
587271,0.5309,Excessive obligations in relation to income,Number of accounts opened recently,False,0.75,Excessive obligations in relation to income; Number of accounts opened recently; Recency of inquiries on credit bureau report; Amount of credit requested is high in relation to income,Number of accounts opened recently; Excessive obligations in relation to income; Credit bureau score and the credit history behind it; Recency of inquiries on credit bureau report
256082,0.337,Amount of credit requested is high in relation to income,Credit bureau score and the credit history behind it,False,0.75,Amount of credit requested is high in relation to income; Type of residence; Credit bureau score and the credit history behind it; Length of employment,Credit bureau score and the credit history behind it; Amount of credit requested is high in relation to income; Number of accounts opened recently; Type of residence
621258,0.4271,Number of bankcard accounts near their credit limit,Recency of inquiries on credit bureau report,False,0.5,Number of bankcard accounts near their credit limit; Proportion of available bankcard credit currently in use; Recency of inquiries on credit bureau report; Type of residence,Recency of inquiries on credit bureau report; Proportion of available bankcard credit currently in use; Purpose of the credit requested; Number of accounts opened recently
1524581,0.3312,Number of accounts opened recently,Number of accounts opened recently,True,0.75,Number of accounts opened recently; Type of residence; Number of bankcard accounts near their credit limit; Amount of credit requested,Number of accounts opened recently; Type of residence; Number of bankcard accounts near their credit limit; Credit bureau score and the credit history behind it
412623,0.3055,Number of recent inquiries on credit bureau report,Number of recent inquiries on credit bureau report,True,0.75,Number of recent inquiries on credit bureau report; Number of accounts opened recently; Credit bureau score and the credit history behind it; Excessive obligations in relation to income,Number of recent inquiries on credit bureau report; Number of accounts opened recently; Credit bureau score and the credit history behind it; Recency of inquiries on credit bureau report
140995,0.4289,Number of accounts opened recently,Number of accounts opened recently,True,1.0,Number of accounts opened recently; Credit bureau score and the credit history behind it; Amount of credit requested is high in relation to income; Excessive obligations in relation to income,Number of accounts opened recently; Credit bureau score and the credit history behind it; Amount of credit requested is high in relation to income; Excessive obligations in relation to income
973635,0.4066,Number of accounts opened recently,Number of accounts opened recently,True,0.75,Number of accounts opened recently; Proportion of available bankcard credit currently in use; Credit bureau score and the credit history behind it; Amount of credit requested is high in relation to income,Number of accounts opened recently; Credit bureau score and the credit history behind it; Proportion of available bankcard credit currently in use; Type of residence
179356,0.4719,Amount of credit requested is high in relation to income,Number of accounts opened recently,False,0.5,Amount of credit requested is high in relation to income; Number of accounts opened recently; Excessive obligations in relation to income; Type of residence,Number of accounts opened recently; Amount of credit requested is high in relation to income; Credit bureau score and the credit history behind it; Recency of inquiries on credit bureau report
2257170,0.4335,Purpose of the credit requested,Purpose of the credit requested,True,1.0,Purpose of the credit requested; Credit bureau score and the credit history behind it; Number of accounts opened recently; Number of bankcard accounts near their credit limit,Purpose of the credit requested; Credit bureau score and the credit history behind it; Number of accounts opened recently; Number of bankcard accounts near their credit limit
1897407,0.3657,Amount of credit requested is high in relation to income,Amount of credit requested is high in relation to income,True,0.75,Amount of credit requested is high in relation to income; Recency of inquiries on credit bureau report; Type of residence; Amount of credit requested,Amount of credit requested is high in relation to income; Recency of inquiries on credit bureau report; Type of residence; Unable to verify income
1786734,0.3327,Number of accounts opened recently,Number of accounts opened recently,True,0.75,Number of accounts opened recently; Credit bureau score and the credit history behind it; Recency of delinquency on credit obligations; Proportion of available bankcard credit currently in use,Number of accounts opened recently; Credit bureau score and the credit history behind it; Recency of delinquency on credit obligations; Unable to verify income
658863,0.3222,Number of accounts opened recently,Number of accounts opened recently,True,0.75,Number of accounts opened recently; Length of employment; Recency of inquiries on credit bureau report; Type of residence,Number of accounts opened recently; Length of employment; Credit bureau score and the credit history behind it; Recency of inquiries on credit bureau report
204622,0.3322,Number of accounts opened recently,Number of accounts opened recently,True,0.75,Number of accounts opened recently; Recency of inquiries on credit bureau report; Credit bureau score and the credit history behind it; Type of residence,Number of accounts opened recently; Credit bureau score and the credit history behind it; Recency of inquiries on credit bureau report; Purpose of the credit requested
1961891,0.4602,Amount of credit requested is high in relation to income,Credit bureau score and the credit history behind it,False,0.75,Amount of credit requested is high in relation to income; Proportion of available bankcard credit currently in use; Credit bureau score and the credit history behind it; Amount of revolving credit available,Credit bureau score and the credit history behind it; Amount of credit requested is high in relation to income; Number of accounts opened recently; Proportion of available bankcard credit currently in use
1804239,0.3402,Amount of credit requested,Number of accounts opened recently,False,0.75,Amount of credit requested; Number of accounts opened recently; Recency of inquiries on credit bureau report; Number of recent inquiries on credit bureau report,Number of accounts opened recently; Amount of credit requested; Recency of inquiries on credit bureau report; Credit bureau score and the credit history behind it
742627,0.4964,Number of accounts opened recently,Number of accounts opened recently,True,1.0,Number of accounts opened recently; Number of recent inquiries on credit bureau report; Excessive obligations in relation to income; Credit bureau score and the credit history behind it,Number of accounts opened recently; Number of recent inquiries on credit bureau report; Credit bureau score and the credit history behind it; Excessive obligations in relation to income
1854387,0.3023,Number of accounts opened recently,Number of accounts opened recently,True,1.0,Number of accounts opened recently; Payment history on credit obligations; Purpose of the credit requested; Credit bureau score and the credit history behind it,Number of accounts opened recently; Credit bureau score and the credit history behind it; Payment history on credit obligations; Purpose of the credit requested
740255,0.3766,Number of accounts opened recently,Number of accounts opened recently,True,1.0,Number of accounts opened recently; Number of recent inquiries on credit bureau report; Recency of inquiries on credit bureau report; Type of residence,Number of accounts opened recently; Number of recent inquiries on credit bureau report; Recency of inquiries on credit bureau report; Type of residence
1010922,0.3236,Excessive obligations in relation to income,Excessive obligations in relation to income,True,1.0,Excessive obligations in relation to income; Number of accounts opened recently; Recency of inquiries on credit bureau report; Number of recent inquiries on credit bureau report,Excessive obligations in relation to income; Number of accounts opened recently; Recency of inquiries on credit bureau report; Number of recent inquiries on credit bureau report
263317,0.7877,Number of accounts opened recently,Number of accounts opened recently,True,1.0,Number of accounts opened recently; Amount of credit requested is high in relation to income; Amount of credit requested; Number of recent inquiries on credit bureau report,Number of accounts opened recently; Amount of credit requested is high in relation to income; Amount of credit requested; Number of recent inquiries on credit bureau report
266897,0.3487,Excessive obligations in relation to income,Credit bureau score and the credit history behind it,False,1.0,Excessive obligations in relation to income; Credit bureau score and the credit history behind it; Amount of credit requested is high in relation to income; Number of bankcard accounts near their credit limit,Credit bureau score and the credit history behind it; Amount of credit requested is high in relation to income; Excessive obligations in relation to income; Number of bankcard accounts near their credit limit
2120238,0.3343,Excessive obligations in relation to income,Amount of credit requested is high in relation to income,False,0.75,Excessive obligations in relation to income; Amount of credit requested is high in relation to income; Type of residence; Recency of inquiries on credit bureau report,Amount of credit requested is high in relation to income; Excessive obligations in relation to income; Type of residence; Income insufficient for amount of credit requested
2160511,0.3097,Excessive obligations in relation to income,Credit bureau score and the credit history behind it,False,0.75,Excessive obligations in relation to income; Credit bureau score and the credit history behind it; Type of residence; Number of bankcard accounts near their credit limit,Credit bureau score and the credit history behind it; Excessive obligations in relation to income; Type of residence; Number of accounts opened recently
1259099,0.3426,Amount of credit requested is high in relation to income,Amount of credit requested is high in relation to income,True,1.0,Amount of credit requested is high in relation to income; Recency of inquiries on credit bureau report; Credit bureau score and the credit history behind it; Payment history on credit obligations,Amount of credit requested is high in relation to income; Recency of inquiries on credit bureau report; Credit bureau score and the credit history behind it; Payment history on credit obligations
2001276,0.5842,Amount of credit requested is high in relation to income,Amount of credit requested is high in relation to income,True,0.75,Amount of credit requested is high in relation to income; Credit bureau score and the credit history behind it; Excessive obligations in relation to income; Type of residence,Amount of credit requested is high in relation to income; Credit bureau score and the credit history behind it; Number of accounts opened recently; Excessive obligations in relation to income
276889,0.3274,Excessive obligations in relation to income,Excessive obligations in relation to income,True,0.75,Excessive obligations in relation to income; Type of residence; Amount of credit requested is high in relation to income; Number of bankcard accounts near their credit limit,Excessive obligations in relation to income; Type of residence; Amount of credit requested is high in relation to income; Recency of inquiries on credit bureau report
31143,0.3704,Number of accounts opened recently,Number of accounts opened recently,True,0.75,Number of accounts opened recently; Type of residence; Credit bureau score and the credit history behind it; Number of bankcard accounts near their credit limit,Number of accounts opened recently; Credit bureau score and the credit history behind it; Recency of inquiries on credit bureau report; Type of residence
13936,0.3258,Amount of credit requested is high in relation to income,Amount of credit requested is high in relation to income,True,1.0,Amount of credit requested is high in relation to income; Recency of inquiries on credit bureau report; Credit bureau score and the credit history behind it; Amount of credit requested,Amount of credit requested is high in relation to income; Recency of inquiries on credit bureau report; Credit bureau score and the credit history behind it; Amount of credit requested
2189608,0.3289,Number of recent inquiries on credit bureau report,Number of recent inquiries on credit bureau report,True,0.75,Number of recent inquiries on credit bureau report; Recency of inquiries on credit bureau report; Recency of delinquency on credit obligations; Delinquent past or present credit obligations with others,Number of recent inquiries on credit bureau report; Recency of inquiries on credit bureau report; Number of accounts opened recently; Recency of delinquency on credit obligations
13408,0.3447,Amount of credit requested,Amount of credit requested,True,1.0,Amount of credit requested; Amount of credit requested is high in relation to income; Number of bankcard accounts near their credit limit; Amount of revolving credit available,Amount of credit requested; Amount of credit requested is high in relation to income; Number of bankcard accounts near their credit limit; Amount of revolving credit available
431544,0.3406,Number of recent inquiries on credit bureau report,Number of recent inquiries on credit bureau report,True,1.0,Number of recent inquiries on credit bureau report; Excessive obligations in relation to income; Recency of inquiries on credit bureau report; Number of accounts opened recently,Number of recent inquiries on credit bureau report; Recency of inquiries on credit bureau report; Excessive obligations in relation to income; Number of accounts opened recently
1321144,0.4586,Amount of credit requested is high in relation to income,Amount of credit requested is high in relation to income,True,0.75,Amount of credit requested is high in relation to income; Number of recent inquiries on credit bureau report; Type of residence; Recency of inquiries on credit bureau report,Amount of credit requested is high in relation to income; Number of recent inquiries on credit bureau report; Credit bureau score and the credit history behind it; Type of residence
1281683,0.3189,Number of accounts opened recently,Number of accounts opened recently,True,0.75,Number of accounts opened recently; Proportion of available bankcard credit currently in use; Payment history on credit obligations; Type of residence,Number of accounts opened recently; Unable to verify income; Payment history on credit obligations; Type of residence
1525977,0.5125,Number of accounts opened recently,Number of accounts opened recently,True,1.0,Number of accounts opened recently; Excessive obligations in relation to income; Amount of credit requested is high in relation to income; Credit bureau score and the credit history behind it,Number of accounts opened recently; Credit bureau score and the credit history behind it; Amount of credit requested is high in relation to income; Excessive obligations in relation to income
1579163,0.3392,Excessive obligations in relation to income,Excessive obligations in relation to income,True,1.0,Excessive obligations in relation to income; Recency of inquiries on credit bureau report; Credit bureau score and the credit history behind it; Amount of credit requested,Excessive obligations in relation to income; Recency of inquiries on credit bureau report; Credit bureau score and the credit history behind it; Amount of credit requested
157063,0.3577,Number of accounts opened recently,Number of accounts opened recently,True,1.0,Number of accounts opened recently; Excessive obligations in relation to income; Amount of credit requested is high in relation to income; Type of residence,Number of accounts opened recently; Excessive obligations in relation to income; Amount of credit requested is high in relation to income; Type of residence
949638,0.4175,Amount of credit requested is high in relation to income,Amount of credit requested is high in relation to income,True,1.0,Amount of credit requested is high in relation to income; Recency of inquiries on credit bureau report; Amount of revolving credit available; Credit bureau score and the credit history behind it,Amount of credit requested is high in relation to income; Recency of inquiries on credit bureau report; Credit bureau score and the credit history behind it; Amount of revolving credit available
1303343,0.3287,Number of accounts opened recently,Number of accounts opened recently,True,0.75,Number of accounts opened recently; Type of residence; Number of bankcard accounts near their credit limit; Recency of inquiries on credit bureau report,Number of accounts opened recently; Type of residence; Recency of inquiries on credit bureau report; Credit bureau score and the credit history behind it
1221706,0.3166,Number of recent inquiries on credit bureau report,Number of recent inquiries on credit bureau report,True,1.0,Number of recent inquiries on credit bureau report; Recency of inquiries on credit bureau report; Number of accounts opened recently; Credit bureau score and the credit history behind it,Number of recent inquiries on credit bureau report; Credit bureau score and the credit history behind it; Number of accounts opened recently; Recency of inquiries on credit bureau report
2034096,0.5601,Amount of credit requested is high in relation to income,Amount of credit requested is high in relation to income,True,1.0,Amount of credit requested is high in relation to income; Amount of credit requested; Number of accounts opened recently; Recency of inquiries on credit bureau report,Amount of credit requested is high in relation to income; Amount of credit requested; Number of accounts opened recently; Recency of inquiries on credit bureau report
2068900,0.3221,Recency of inquiries on credit bureau report,Recency of inquiries on credit bureau report,True,0.5,Recency of inquiries on credit bureau report; Amount of revolving credit available; Payment history on credit obligations; Proportion of available bankcard credit currently in use,Recency of inquiries on credit bureau report; Amount of revolving credit available; Unable to verify income; Purpose of the credit requested
1001601,0.4142,Number of accounts opened recently,Number of accounts opened recently,True,0.75,Number of accounts opened recently; Recency of inquiries on credit bureau report; Type of residence; Proportion of available bankcard credit currently in use,Number of accounts opened recently; Recency of inquiries on credit bureau report; Purpose of the credit requested; Type of residence
1087119,0.4123,Amount of credit requested is high in relation to income,Amount of credit requested is high in relation to income,True,1.0,Amount of credit requested is high in relation to income; Excessive obligations in relation to income; Number of accounts opened recently; Amount of credit requested,Amount of credit requested is high in relation to income; Number of accounts opened recently; Excessive obligations in relation to income; Amount of credit requested
358323,0.4421,Amount of credit requested is high in relation to income,Number of accounts opened recently,False,1.0,Amount of credit requested is high in relation to income; Credit bureau score and the credit history behind it; Number of accounts opened recently; Type of residence,Number of accounts opened recently; Credit bureau score and the credit history behind it; Amount of credit requested is high in relation to income; Type of residence
2141569,0.332,Length of employment,Length of employment,True,0.75,Length of employment; Type of residence; Excessive obligations in relation to income; Number of bankcard accounts near their credit limit,Length of employment; Number of accounts opened recently; Type of residence; Excessive obligations in relation to income
265843,0.3329,Amount of credit requested is high in relation to income,Length of employment,False,1.0,Amount of credit requested is high in relation to income; Length of employment; Credit bureau score and the credit history behind it; Type of residence,Length of employment; Amount of credit requested is high in relation to income; Credit bureau score and the credit history behind it; Type of residence
158387,0.4721,Amount of credit requested is high in relation to income,Number of recent inquiries on credit bureau report,False,1.0,Amount of credit requested is high in relation to income; Number of recent inquiries on credit bureau report; Amount of credit requested; Recency of inquiries on credit bureau report,Number of recent inquiries on credit bureau report; Amount of credit requested is high in relation to income; Recency of inquiries on credit bureau report; Amount of credit requested
2090196,0.4332,Amount of credit requested is high in relation to income,Number of accounts opened recently,False,1.0,Amount of credit requested is high in relation to income; Number of accounts opened recently; Excessive obligations in relation to income; Credit bureau score and the credit history behind it,Number of accounts opened recently; Amount of credit requested is high in relation to income; Credit bureau score and the credit history behind it; Excessive obligations in relation to income
1688921,0.4018,Number of accounts opened recently,Number of accounts opened recently,True,0.75,Number of accounts opened recently; Amount of credit requested; Recency of a serious derogatory credit item; Number of bankcard accounts near their credit limit,Number of accounts opened recently; Amount of credit requested; Recency of a serious derogatory credit item; Credit bureau score and the credit history behind it
377587,0.3476,Amount of credit requested is high in relation to income,Amount of credit requested is high in relation to income,True,0.75,Amount of credit requested is high in relation to income; Credit bureau score and the credit history behind it; Recency of delinquency on credit obligations; Excessive obligations in relation to income,Amount of credit requested is high in relation to income; Credit bureau score and the credit history behind it; Recency of inquiries on credit bureau report; Recency of delinquency on credit obligations
303744,0.5592,Purpose of the credit requested,Purpose of the credit requested,True,1.0,Purpose of the credit requested; Number of recent inquiries on credit bureau report; Number of accounts opened recently; Recency of inquiries on credit bureau report,Purpose of the credit requested; Number of recent inquiries on credit bureau report; Number of accounts opened recently; Recency of inquiries on credit bureau report
722984,0.3162,Excessive obligations in relation to income,Excessive obligations in relation to income,True,0.75,Excessive obligations in relation to income; Number of accounts opened recently; Credit bureau score and the credit history behind it; Number of bankcard accounts near their credit limit,Excessive obligations in relation to income; Number of accounts opened recently; Credit bureau score and the credit history behind it; Purpose of the credit requested
1283717,0.3476,Credit bureau score and the credit history behind it,Credit bureau score and the credit history behind it,True,0.75,Credit bureau score and the credit history behind it; Number of accounts opened recently; Excessive obligations in relation to income; Number of bankcard accounts near their credit limit,Credit bureau score and the credit history behind it; Number of accounts opened recently; Excessive obligations in relation to income; Recency of delinquency on credit obligations
1218956,0.4624,Length of employment,Length of employment,True,1.0,Length of employment; Excessive obligations in relation to income; Type of residence; Proportion of available bankcard credit currently in use,Length of employment; Excessive obligations in relation to income; Type of residence; Proportion of available bankcard credit currently in use
630032,0.3102,Excessive obligations in relation to income,Recency of inquiries on credit bureau report,False,1.0,Excessive obligations in relation to income; Amount of credit requested; Recency of inquiries on credit bureau report; Type of residence,Recency of inquiries on credit bureau report; Excessive obligations in relation to income; Amount of credit requested; Type of residence
2215010,0.3256,Excessive obligations in relation to income,Amount of credit requested is high in relation to income,False,0.75,Excessive obligations in relation to income; Amount of credit requested is high in relation to income; Type of residence; Number of bankcard accounts near their credit limit,Amount of credit requested is high in relation to income; Excessive obligations in relation to income; Type of residence; Number of accounts opened recently
563799,0.493,Number of accounts opened recently,Number of accounts opened recently,True,1.0,Number of accounts opened recently; Credit bureau score and the credit history behind it; Type of residence; Amount of revolving credit available,Number of accounts opened recently; Credit bureau score and the credit history behind it; Type of residence; Amount of revolving credit available
170525,0.3874,Amount of credit requested is high in relation to income,Amount of credit requested is high in relation to income,True,1.0,Amount of credit requested is high in relation to income; Type of residence; Excessive obligations in relation to income; Purpose of the credit requested,Amount of credit requested is high in relation to income; Purpose of the credit requested; Type of residence; Excessive obligations in relation to income
402153,0.5468,Amount of credit requested is high in relation to income,Number of accounts opened recently,False,0.75,Amount of credit requested is high in relation to income; Number of accounts opened recently; Credit bureau score and the credit history behind it; Type of residence,Number of accounts opened recently; Amount of credit requested is high in relation to income; Credit bureau score and the credit history behind it; Recency of inquiries on credit bureau report
1061544,0.4049,Proportion of available revolving credit currently in use,Proportion of available revolving credit currently in use,True,1.0,Proportion of available revolving credit currently in use; Type of residence; Credit bureau score and the credit history behind it; Proportion of available bankcard credit currently in use,Proportion of available revolving credit currently in use; Credit bureau score and the credit history behind it; Proportion of available bankcard credit currently in use; Type of residence
262466,0.3883,Amount of credit requested is high in relation to income,Amount of credit requested is high in relation to income,True,1.0,Amount of credit requested is high in relation to income; Number of accounts opened recently; Amount of credit requested; Credit bureau score and the credit history behind it,Amount of credit requested is high in relation to income; Number of accounts opened recently; Credit bureau score and the credit history behind it; Amount of credit requested
211525,0.4075,Number of accounts opened recently,Number of accounts opened recently,True,1.0,Number of accounts opened recently; Number of recent inquiries on credit bureau report; Recency of inquiries on credit bureau report; Purpose of the credit requested,Number of accounts opened recently; Number of recent inquiries on credit bureau report; Recency of inquiries on credit bureau report; Purpose of the credit requested
1071435,0.303,Credit bureau score and the credit history behind it,Credit bureau score and the credit history behind it,True,0.75,Credit bureau score and the credit history behind it; Number of accounts opened recently; Number of recent inquiries on credit bureau report; Amount of revolving credit available,Credit bureau score and the credit history behind it; Number of accounts opened recently; Number of recent inquiries on credit bureau report; Recency of inquiries on credit bureau report
1067287,0.315,Number of accounts opened recently,Number of accounts opened recently,True,1.0,Number of accounts opened recently; Amount of credit requested is high in relation to income; Credit bureau score and the credit history behind it; Recency of inquiries on credit bureau report,Number of accounts opened recently; Credit bureau score and the credit history behind it; Amount of credit requested is high in relation to income; Recency of inquiries on credit bureau report
1100863,0.343,Amount of credit requested is high in relation to income,Amount of credit requested is high in relation to income,True,0.75,Amount of credit requested is high in relation to income; Credit bureau score and the credit history behind it; Type of residence; Excessive obligations in relation to income,Amount of credit requested is high in relation to income; Credit bureau score and the credit history behind it; Type of residence; Recency of inquiries on credit bureau report
1818618,0.46,Amount of credit requested is high in relation to income,Amount of credit requested is high in relation to income,True,0.75,Amount of credit requested is high in relation to income; Excessive obligations in relation to income; Amount of credit requested; Type of residence,Amount of credit requested is high in relation to income; Amount of credit requested; Excessive obligations in relation to income; Credit bureau score and the credit history behind it
481870,0.4807,Amount of credit requested,Amount of credit requested,True,1.0,Amount of credit requested; Amount of credit requested is high in relation to income; Recency of inquiries on credit bureau report; Number of recent inquiries on credit bureau report,Amount of credit requested; Number of recent inquiries on credit bureau report; Amount of credit requested is high in relation to income; Recency of inquiries on credit bureau report
1893278,0.3709,Payment history on credit obligations,Payment history on credit obligations,True,0.75,Payment history on credit obligations; Amount of revolving credit available; Income insufficient for amount of credit requested; Type of residence,Payment history on credit obligations; Credit bureau score and the credit history behind it; Amount of revolving credit available; Type of residence
1956777,0.3948,Excessive obligations in relation to income,Number of accounts opened recently,False,1.0,Excessive obligations in relation to income; Number of accounts opened recently; Credit bureau score and the credit history behind it; Unable to verify income,Number of accounts opened recently; Excessive obligations in relation to income; Credit bureau score and the credit history behind it; Unable to verify income
91944,0.3724,Number of accounts opened recently,Number of accounts opened recently,True,0.75,Number of accounts opened recently; Excessive obligations in relation to income; Proportion of available bankcard credit currently in use; Type of residence,Number of accounts opened recently; Excessive obligations in relation to income; Proportion of available bankcard credit currently in use; Number of recent inquiries on credit bureau report
1918265,0.321,Credit bureau score and the credit history behind it,Credit bureau score and the credit history behind it,True,0.75,Credit bureau score and the credit history behind it; Length of employment; Purpose of the credit requested; Number of bankcard accounts near their credit limit,Credit bureau score and the credit history behind it; Length of employment; Purpose of the credit requested; Type of residence
1972768,0.3397,Excessive obligations in relation to income,Excessive obligations in relation to income,True,0.75,Excessive obligations in relation to income; Recency of inquiries on credit bureau report; Amount of credit requested is high in relation to income; Credit bureau score and the credit history behind it,Excessive obligations in relation to income; Recency of inquiries on credit bureau report; Credit bureau score and the credit history behind it; Number of accounts opened recently
581812,0.447,Amount of revolving credit available,Amount of revolving credit available,True,0.75,Amount of revolving credit available; Amount of credit requested is high in relation to income; Type of residence; Amount of credit requested,Amount of revolving credit available; Amount of credit requested is high in relation to income; Type of residence; Credit bureau score and the credit history behind it
233142,0.3101,Amount of credit requested is high in relation to income,Amount of credit requested is high in relation to income,True,1.0,Amount of credit requested is high in relation to income; Number of bankcard accounts near their credit limit; Payment history on credit obligations; Income insufficient for amount of credit requested,Amount of credit requested is high in relation to income; Income insufficient for amount of credit requested; Payment history on credit obligations; Number of bankcard accounts near their credit limit
639080,0.3601,Type of residence,Recency of inquiries on credit bureau report,False,0.5,Type of residence; Proportion of available bankcard credit currently in use; Number of recent inquiries on credit bureau report; Recency of inquiries on credit bureau report,Recency of inquiries on credit bureau report; Credit bureau score and the credit history behind it; Number of recent inquiries on credit bureau report; Proportion of available revolving credit currently in use
218481,0.3097,Number of accounts opened recently,Number of accounts opened recently,True,1.0,Number of accounts opened recently; Amount of credit requested is high in relation to income; Excessive obligations in relation to income; Amount of credit requested,Number of accounts opened recently; Amount of credit requested is high in relation to income; Excessive obligations in relation to income; Amount of credit requested
153697,0.3719,Recency of inquiries on credit bureau report,Recency of inquiries on credit bureau report,True,0.75,Recency of inquiries on credit bureau report; Proportion of available bankcard credit currently in use; Amount of credit requested; Excessive obligations in relation to income,Recency of inquiries on credit bureau report; Proportion of available bankcard credit currently in use; Number of accounts opened recently; Amount of credit requested
155291,0.4316,Proportion of available bankcard credit currently in use,Proportion of available bankcard credit currently in use,True,0.75,Proportion of available bankcard credit currently in use; Credit bureau score and the credit history behind it; Type of residence; Number of bankcard accounts near their credit limit,Proportion of available bankcard credit currently in use; Credit bureau score and the credit history behind it; Number of accounts opened recently; Type of residence
2148886,0.3422,Credit bureau score and the credit history behind it,Credit bureau score and the credit history behind it,True,0.75,Credit bureau score and the credit history behind it; Excessive obligations in relation to income; Type of residence; Length of employment,Credit bureau score and the credit history behind it; Excessive obligations in relation to income; Type of residence; Number of accounts opened recently
1403753,0.43,Excessive obligations in relation to income,Excessive obligations in relation to income,True,1.0,Excessive obligations in relation to income; Number of accounts opened recently; Amount of credit requested is high in relation to income; Proportion of available bankcard credit currently in use,Excessive obligations in relation to income; Number of accounts opened recently; Amount of credit requested is high in relation to income; Proportion of available bankcard credit currently in use
1083804,0.3427,Number of accounts opened recently,Number of accounts opened recently,True,1.0,Number of accounts opened recently; Credit bureau score and the credit history behind it; Type of residence; Number of recent inquiries on credit bureau report,Number of accounts opened recently; Credit bureau score and the credit history behind it; Number of recent inquiries on credit bureau report; Type of residence
776032,0.3755,Number of accounts opened recently,Number of accounts opened recently,True,1.0,Number of accounts opened recently; Amount of credit requested is high in relation to income; Number of recent inquiries on credit bureau report; Type of residence,Number of accounts opened recently; Number of recent inquiries on credit bureau report; Type of residence; Amount of credit requested is high in relation to income
261113,0.4074,Type of residence,Number of recent inquiries on credit bureau report,False,1.0,Type of residence; Number of recent inquiries on credit bureau report; Recency of inquiries on credit bureau report; Amount of credit requested is high in relation to income,Number of recent inquiries on credit bureau report; Type of residence; Recency of inquiries on credit bureau report; Amount of credit requested is high in relation to income
1750745,0.3948,Amount of credit requested is high in relation to income,Amount of credit requested is high in relation to income,True,1.0,Amount of credit requested is high in relation to income; Credit bureau score and the credit history behind it; Excessive obligations in relation to income; Number of accounts opened recently,Amount of credit requested is high in relation to income; Credit bureau score and the credit history behind it; Number of accounts opened recently; Excessive obligations in relation to income
40182,0.5546,Number of recent inquiries on credit bureau report,Number of recent inquiries on credit bureau report,True,0.75,Number of recent inquiries on credit bureau report; Amount of credit requested is high in relation to income; Number of accounts opened recently; Recency of inquiries on credit bureau report,Number of recent inquiries on credit bureau report; Number of accounts opened recently; Amount of credit requested is high in relation to income; Credit bureau score and the credit history behind it
222266,0.321,Amount of credit requested is high in relation to income,Amount of credit requested is high in relation to income,True,0.75,Amount of credit requested is high in relation to income; Type of residence; Number of accounts opened recently; Amount of credit requested,Amount of credit requested is high in relation to income; Number of accounts opened recently; Type of residence; Recency of inquiries on credit bureau report
404665,0.6023,Number of accounts opened recently,Number of accounts opened recently,True,1.0,Number of accounts opened recently; Amount of credit requested is high in relation to income; Credit bureau score and the credit history behind it; Type of residence,Number of accounts opened recently; Credit bureau score and the credit history behind it; Amount of credit requested is high in relation to income; Type of residence
1932167,0.3204,Amount of credit requested is high in relation to income,Amount of credit requested is high in relation to income,True,0.75,Amount of credit requested is high in relation to income; Proportion of available bankcard credit currently in use; Amount of credit requested; Number of recent inquiries on credit bureau report,Amount of credit requested is high in relation to income; Proportion of available bankcard credit currently in use; Number of recent inquiries on credit bureau report; Credit bureau score and the credit history behind it
1319093,0.3058,Amount of credit requested is high in relation to income,Credit bureau score and the credit history behind it,False,0.75,Amount of credit requested is high in relation to income; Credit bureau score and the credit history behind it; Number of accounts opened recently; Number of bankcard accounts near their credit limit,Credit bureau score and the credit history behind it; Number of accounts opened recently; Amount of credit requested is high in relation to income; Payment history on credit obligations
1773643,0.4418,Number of recent inquiries on credit bureau report,Number of recent inquiries on credit bureau report,True,1.0,Number of recent inquiries on credit bureau report; Number of accounts opened recently; Length of employment; Number of bankcard accounts near their credit limit,Number of recent inquiries on credit bureau report; Number of accounts opened recently; Length of employment; Number of bankcard accounts near their credit limit
556723,0.3059,Amount of credit requested is high in relation to income,Recency of inquiries on credit bureau report,False,0.75,Amount of credit requested is high in relation to income; Recency of inquiries on credit bureau report; Number of accounts opened recently; Amount of credit requested,Recency of inquiries on credit bureau report; Number of accounts opened recently; Credit bureau score and the credit history behind it; Amount of credit requested is high in relation to income
140558,0.3204,Number of accounts opened recently,Number of accounts opened recently,True,1.0,Number of accounts opened recently; Credit bureau score and the credit history behind it; Amount of credit requested; Unable to verify income,Number of accounts opened recently; Credit bureau score and the credit history behind it; Unable to verify income; Amount of credit requested
1121676,0.538,Number of accounts opened recently,Number of accounts opened recently,True,1.0,Number of accounts opened recently; Number of recent inquiries on credit bureau report; Excessive obligations in relation to income; Amount of credit requested is high in relation to income,Number of accounts opened recently; Number of recent inquiries on credit bureau report; Excessive obligations in relation to income; Amount of credit requested is high in relation to income
729461,0.3558,Credit bureau score and the credit history behind it,Credit bureau score and the credit history behind it,True,1.0,Credit bureau score and the credit history behind it; Amount of credit requested is high in relation to income; Excessive obligations in relation to income; Proportion of available revolving credit currently in use,Credit bureau score and the credit history behind it; Amount of credit requested is high in relation to income; Excessive obligations in relation to income; Proportion of available revolving credit currently in use
1036657,0.3988,Excessive obligations in relation to income,Number of recent inquiries on credit bureau report,False,1.0,Excessive obligations in relation to income; Number of recent inquiries on credit bureau report; Recency of inquiries on credit bureau report; Number of accounts opened recently,Number of recent inquiries on credit bureau report; Excessive obligations in relation to income; Recency of inquiries on credit bureau report; Number of accounts opened recently
255219,0.4179,Purpose of the credit requested,Purpose of the credit requested,True,0.75,Purpose of the credit requested; Amount of credit requested; Type of residence; Amount of revolving credit available,Purpose of the credit requested; Amount of credit requested; Credit bureau score and the credit history behind it; Type of residence
340527,0.3712,Number of accounts opened recently,Number of accounts opened recently,True,0.75,Number of accounts opened recently; Type of residence; Credit bureau score and the credit history behind it; Number of bankcard accounts near their credit limit,Number of accounts opened recently; Credit bureau score and the credit history behind it; Purpose of the credit requested; Type of residence
637351,0.3327,Amount of credit requested is high in relation to income,Amount of credit requested is high in relation to income,True,1.0,Amount of credit requested is high in relation to income; Type of residence; Recency of inquiries on credit bureau report; Number of accounts opened recently,Amount of credit requested is high in relation to income; Recency of inquiries on credit bureau report; Type of residence; Number of accounts opened recently
652064,0.7302,Number of accounts opened recently,Number of accounts opened recently,True,0.75,Number of accounts opened recently; Amount of credit requested; Credit bureau score and the credit history behind it; Income insufficient for amount of credit requested,Number of accounts opened recently; Amount of credit requested; Credit bureau score and the credit history behind it; Recency of inquiries on credit bureau report
1685414,0.3039,Number of accounts opened recently,Number of accounts opened recently,True,0.75,Number of accounts opened recently; Amount of credit requested; Proportion of available bankcard credit currently in use; Recency of delinquency on credit obligations,Number of accounts opened recently; Credit bureau score and the credit history behind it; Recency of delinquency on credit obligations; Proportion of available bankcard credit currently in use
2171802,0.4284,Number of accounts opened recently,Number of accounts opened recently,True,1.0,Number of accounts opened recently; Excessive obligations in relation to income; Credit bureau score and the credit history behind it; Type of residence,Number of accounts opened recently; Credit bureau score and the credit history behind it; Excessive obligations in relation to income; Type of residence
1077168,0.3564,Amount of credit requested is high in relation to income,Amount of credit requested is high in relation to income,True,1.0,Amount of credit requested is high in relation to income; Type of residence; Amount of credit requested; Amount of revolving credit available,Amount of credit requested is high in relation to income; Type of residence; Amount of credit requested; Amount of revolving credit available
1813361,0.3802,Amount of credit requested is high in relation to income,Amount of credit requested is high in relation to income,True,0.75,Amount of credit requested is high in relation to income; Proportion of available bankcard credit currently in use; Recency of delinquency on credit obligations; Delinquent past or present credit obligations with others,Amount of credit requested is high in relation to income; Recency of delinquency on credit obligations; Proportion of available bankcard credit currently in use; Purpose of the credit requested
600565,0.4942,Excessive obligations in relation to income,Credit bureau score and the credit history behind it,False,1.0,Excessive obligations in relation to income; Amount of credit requested is high in relation to income; Credit bureau score and the credit history behind it; Bankruptcy,Credit bureau score and the credit history behind it; Amount of credit requested is high in relation to income; Excessive obligations in relation to income; Bankruptcy
2228778,0.3025,Length of employment,Length of employment,True,0.75,Length of employment; Recency of delinquency on credit obligations; Number of recent inquiries on credit bureau report; Proportion of available bankcard credit currently in use,Length of employment; Recency of delinquency on credit obligations; Credit bureau score and the credit history behind it; Number of recent inquiries on credit bureau report
1821569,0.3177,Amount of credit requested is high in relation to income,Amount of credit requested is high in relation to income,True,1.0,Amount of credit requested is high in relation to income; Type of residence; Proportion of available bankcard credit currently in use; Proportion of available revolving credit currently in use,Amount of credit requested is high in relation to income; Proportion of available bankcard credit currently in use; Type of residence; Proportion of available revolving credit currently in use
271982,0.4481,Excessive obligations in relation to income,Amount of credit requested is high in relation to income,False,1.0,Excessive obligations in relation to income; Amount of credit requested is high in relation to income; Type of residence; Number of accounts opened recently,Amount of credit requested is high in relation to income; Excessive obligations in relation to income; Number of accounts opened recently; Type of residence
45929,0.4274,Number of accounts opened recently,Number of accounts opened recently,True,1.0,Number of accounts opened recently; Amount of credit requested is high in relation to income; Recency of inquiries on credit bureau report; Credit bureau score and the credit history behind it,Number of accounts opened recently; Recency of inquiries on credit bureau report; Amount of credit requested is high in relation to income; Credit bureau score and the credit history behind it
242939,0.3983,Amount of credit requested is high in relation to income,Amount of credit requested is high in relation to income,True,0.75,Amount of credit requested is high in relation to income; Type of residence; Number of bankcard accounts near their credit limit; Credit bureau score and the credit history behind it,Amount of credit requested is high in relation to income; Credit bureau score and the credit history behind it; Type of residence; Number of accounts opened recently
1909365,0.3769,Amount of credit requested is high in relation to income,Amount of credit requested is high in relation to income,True,1.0,Amount of credit requested is high in relation to income; Proportion of available bankcard credit currently in use; Number of accounts opened recently; Type of residence,Amount of credit requested is high in relation to income; Proportion of available bankcard credit currently in use; Number of accounts opened recently; Type of residence
815202,0.3208,Number of accounts opened recently,Number of accounts opened recently,True,0.75,Number of accounts opened recently; Length of employment; Number of recent inquiries on credit bureau report; Recency of inquiries on credit bureau report,Number of accounts opened recently; Length of employment; Number of recent inquiries on credit bureau report; Credit bureau score and the credit history behind it
1811869,0.5856,Number of accounts opened recently,Number of accounts opened recently,True,0.75,Number of accounts opened recently; Amount of credit requested is high in relation to income; Number of recent inquiries on credit bureau report; Amount of credit requested,Number of accounts opened recently; Amount of credit requested is high in relation to income; Number of recent inquiries on credit bureau report; Credit bureau score and the credit history behind it
179817,0.3933,Number of accounts opened recently,Number of accounts opened recently,True,1.0,Number of accounts opened recently; Excessive obligations in relation to income; Credit bureau score and the credit history behind it; Type of residence,Number of accounts opened recently; Credit bureau score and the credit history behind it; Excessive obligations in relation to income; Type of residence
1470380,0.5247,Number of recent inquiries on credit bureau report,Number of recent inquiries on credit bureau report,True,1.0,Number of recent inquiries on credit bureau report; Number of accounts opened recently; Purpose of the credit requested; Amount of credit requested is high in relation to income,Number of recent inquiries on credit bureau report; Number of accounts opened recently; Purpose of the credit requested; Amount of credit requested is high in relation to income
1188147,0.4995,Excessive obligations in relation to income,Credit bureau score and the credit history behind it,False,1.0,Excessive obligations in relation to income; Amount of credit requested is high in relation to income; Credit bureau score and the credit history behind it; Number of accounts opened recently,Credit bureau score and the credit history behind it; Number of accounts opened recently; Excessive obligations in relation to income; Amount of credit requested is high in relation to income
731024,0.4167,Excessive obligations in relation to income,Excessive obligations in relation to income,True,0.5,Excessive obligations in relation to income; Amount of credit requested is high in relation to income; Amount of credit requested; Type of residence,Excessive obligations in relation to income; Amount of credit requested is high in relation to income; Number of accounts opened recently; Credit bureau score and the credit history behind it
1935283,0.3738,Purpose of the credit requested,Purpose of the credit requested,True,1.0,Purpose of the credit requested; Amount of credit requested is high in relation to income; Amount of credit requested; Number of recent inquiries on credit bureau report,Purpose of the credit requested; Amount of credit requested is high in relation to income; Amount of credit requested; Number of recent inquiries on credit bureau report
2246565,0.3837,Number of accounts opened recently,Number of accounts opened recently,True,0.75,Number of accounts opened recently; Recency of inquiries on credit bureau report; Amount of revolving credit available; Purpose of the credit requested,Number of accounts opened recently; Purpose of the credit requested; Credit bureau score and the credit history behind it; Recency of inquiries on credit bureau report
1329357,0.502,Amount of revolving credit available,Credit bureau score and the credit history behind it,False,0.75,Amount of revolving credit available; Delinquent past or present credit obligations with others; Credit bureau score and the credit history behind it; Number of recent inquiries on credit bureau report,Credit bureau score and the credit history behind it; Number of accounts opened recently; Amount of revolving credit available; Delinquent past or present credit obligations with others
913561,0.3735,Amount of credit requested is high in relation to income,Credit bureau score and the credit history behind it,False,1.0,Amount of credit requested is high in relation to income; Credit bureau score and the credit history behind it; Type of residence; Length of employment,Credit bureau score and the credit history behind it; Amount of credit requested is high in relation to income; Type of residence; Length of employment
414581,0.5097,Amount of credit requested is high in relation to income,Amount of credit requested is high in relation to income,True,1.0,Amount of credit requested is high in relation to income; Excessive obligations in relation to income; Proportion of available bankcard credit currently in use; Amount of credit requested,Amount of credit requested is high in relation to income; Excessive obligations in relation to income; Proportion of available bankcard credit currently in use; Amount of credit requested
240934,0.3555,Amount of credit requested is high in relation to income,Amount of credit requested is high in relation to income,True,1.0,Amount of credit requested is high in relation to income; Number of accounts opened recently; Excessive obligations in relation to income; Number of bankcard accounts near their credit limit,Amount of credit requested is high in relation to income; Number of accounts opened recently; Excessive obligations in relation to income; Number of bankcard accounts near their credit limit
849848,0.3955,Number of accounts opened recently,Number of accounts opened recently,True,1.0,Number of accounts opened recently; Recency of inquiries on credit bureau report; Number of recent inquiries on credit bureau report; Purpose of the credit requested,Number of accounts opened recently; Recency of inquiries on credit bureau report; Number of recent inquiries on credit bureau report; Purpose of the credit requested
143512,0.3277,Credit bureau score and the credit history behind it,Credit bureau score and the credit history behind it,True,1.0,Credit bureau score and the credit history behind it; Number of accounts opened recently; Type of residence; Delinquent past or present credit obligations with others,Credit bureau score and the credit history behind it; Number of accounts opened recently; Type of residence; Delinquent past or present credit obligations with others
1188904,0.4704,Number of accounts opened recently,Number of accounts opened recently,True,0.75,Number of accounts opened recently; Amount of credit requested is high in relation to income; Excessive obligations in relation to income; Number of bankcard accounts near their credit limit,Number of accounts opened recently; Amount of credit requested is high in relation to income; Excessive obligations in relation to income; Credit bureau score and the credit history behind it
966813,0.4992,Purpose of the credit requested,Purpose of the credit requested,True,0.75,Purpose of the credit requested; Excessive obligations in relation to income; Number of accounts opened recently; Type of residence,Purpose of the credit requested; Excessive obligations in relation to income; Number of accounts opened recently; Credit bureau score and the credit history behind it
225784,0.5369,Type of residence,Type of residence,True,0.75,Type of residence; Amount of credit requested; Recency of delinquency on credit obligations; Amount of credit requested is high in relation to income,Type of residence; Number of accounts opened recently; Amount of credit requested; Recency of delinquency on credit obligations
1556881,0.3063,Amount of credit requested is high in relation to income,Amount of credit requested is high in relation to income,True,0.75,Amount of credit requested is high in relation to income; Credit bureau score and the credit history behind it; Number of bankcard accounts near their credit limit; Amount of revolving credit available,Amount of credit requested is high in relation to income; Credit bureau score and the credit history behind it; Number of bankcard accounts near their credit limit; Unable to verify income
2094355,0.3589,Amount of credit requested is high in relation to income,Amount of credit requested is high in relation to income,True,1.0,Amount of credit requested is high in relation to income; Recency of inquiries on credit bureau report; Proportion of available bankcard credit currently in use; Purpose of the credit requested,Amount of credit requested is high in relation to income; Recency of inquiries on credit bureau report; Proportion of available bankcard credit currently in use; Purpose of the credit requested
220458,0.3902,Number of accounts opened recently,Number of accounts opened recently,True,0.75,Number of accounts opened recently; Amount of credit requested is high in relation to income; Excessive obligations in relation to income; Number of bankcard accounts near their credit limit,Number of accounts opened recently; Amount of credit requested is high in relation to income; Excessive obligations in relation to income; Credit bureau score and the credit history behind it
927738,0.3776,Number of accounts opened recently,Number of accounts opened recently,True,0.75,Number of accounts opened recently; Amount of credit requested is high in relation to income; Recency of inquiries on credit bureau report; Excessive obligations in relation to income,Number of accounts opened recently; Recency of inquiries on credit bureau report; Amount of credit requested is high in relation to income; Proportion of available revolving credit currently in use
1150728,0.3198,Number of accounts opened recently,Number of accounts opened recently,True,1.0,Number of accounts opened recently; Credit bureau score and the credit history behind it; Type of residence; Purpose of the credit requested,Number of accounts opened recently; Credit bureau score and the credit history behind it; Purpose of the credit requested; Type of residence
236410,0.3573,Excessive obligations in relation to income,Excessive obligations in relation to income,True,1.0,Excessive obligations in relation to income; Type of residence; Recency of inquiries on credit bureau report; Number of recent inquiries on credit bureau report,Excessive obligations in relation to income; Recency of inquiries on credit bureau report; Type of residence; Number of recent inquiries on credit bureau report
1767096,0.3548,Number of accounts opened recently,Number of accounts opened recently,True,1.0,Number of accounts opened recently; Recency of inquiries on credit bureau report; Purpose of the credit requested; Type of residence,Number of accounts opened recently; Purpose of the credit requested; Recency of inquiries on credit bureau report; Type of residence
360764,0.3352,Amount of revolving credit available,Number of accounts opened recently,False,1.0,Amount of revolving credit available; Number of accounts opened recently; Credit bureau score and the credit history behind it; Type of residence,Number of accounts opened recently; Credit bureau score and the credit history behind it; Amount of revolving credit available; Type of residence
1641435,0.3123,Purpose of the credit requested,Purpose of the credit requested,True,0.75,Purpose of the credit requested; Proportion of available revolving credit currently in use; Number of recent inquiries on credit bureau report; Income insufficient for amount of credit requested,Purpose of the credit requested; Proportion of available revolving credit currently in use; Number of recent inquiries on credit bureau report; Proportion of available bankcard credit currently in use
650031,0.3013,Number of accounts opened recently,Number of accounts opened recently,True,1.0,Number of accounts opened recently; Excessive obligations in relation to income; Credit bureau score and the credit history behind it; Proportion of available bankcard credit currently in use,Number of accounts opened recently; Credit bureau score and the credit history behind it; Excessive obligations in relation to income; Proportion of available bankcard credit currently in use
345073,0.4917,Number of accounts opened recently,Number of accounts opened recently,True,1.0,Number of accounts opened recently; Amount of credit requested is high in relation to income; Recency of inquiries on credit bureau report; Purpose of the credit requested,Number of accounts opened recently; Amount of credit requested is high in relation to income; Purpose of the credit requested; Recency of inquiries on credit bureau report
1580803,0.3539,Amount of credit requested,Amount of credit requested,True,0.75,Amount of credit requested; Amount of credit requested is high in relation to income; Amount of revolving credit available; Proportion of available bankcard credit currently in use,Amount of credit requested; Amount of credit requested is high in relation to income; Amount of revolving credit available; Recency of delinquency on credit obligations
161416,0.3565,Number of accounts opened recently,Number of accounts opened recently,True,1.0,Number of accounts opened recently; Recency of inquiries on credit bureau report; Number of recent inquiries on credit bureau report; Type of residence,Number of accounts opened recently; Recency of inquiries on credit bureau report; Number of recent inquiries on credit bureau report; Type of residence
657884,0.3877,Amount of credit requested is high in relation to income,Credit bureau score and the credit history behind it,False,1.0,Amount of credit requested is high in relation to income; Credit bureau score and the credit history behind it; Type of residence; Number of accounts opened recently,Credit bureau score and the credit history behind it; Number of accounts opened recently; Amount of credit requested is high in relation to income; Type of residence
545033,0.3351,Excessive obligations in relation to income,Excessive obligations in relation to income,True,0.5,Excessive obligations in relation to income; Amount of credit requested is high in relation to income; Amount of credit requested; Payment history on credit obligations,Excessive obligations in relation to income; Amount of credit requested is high in relation to income; Unable to verify income; Number of accounts opened recently
214578,0.353,Amount of credit requested,Amount of credit requested,True,1.0,Amount of credit requested; Credit bureau score and the credit history behind it; Amount of credit requested is high in relation to income; Amount of revolving credit available,Amount of credit requested; Credit bureau score and the credit history behind it; Amount of credit requested is high in relation to income; Amount of revolving credit available
497588,0.3373,Number of accounts opened recently,Number of accounts opened recently,True,0.75,Number of accounts opened recently; Excessive obligations in relation to income; Type of residence; Amount of credit requested,Number of accounts opened recently; Excessive obligations in relation to income; Unable to verify income; Type of residence
1135471,0.3182,Recency of inquiries on credit bureau report,Credit bureau score and the credit history behind it,False,0.75,Recency of inquiries on credit bureau report; Credit bureau score and the credit history behind it; Number of recent inquiries on credit bureau report; Proportion of available revolving credit currently in use,Credit bureau score and the credit history behind it; Recency of inquiries on credit bureau report; Number of accounts opened recently; Number of recent inquiries on credit bureau report
1707342,0.3584,Proportion of available bankcard credit currently in use,Proportion of available bankcard credit currently in use,True,0.75,Proportion of available bankcard credit currently in use; Amount of credit requested is high in relation to income; Credit bureau score and the credit history behind it; Number of bankcard accounts near their credit limit,Proportion of available bankcard credit currently in use; Credit bureau score and the credit history behind it; Amount of credit requested is high in relation to income; Number of accounts opened recently
1343875,0.3302,Number of accounts opened recently,Number of accounts opened recently,True,0.5,Number of accounts opened recently; Type of residence; Proportion of available bankcard credit currently in use; Payment history on credit obligations,Number of accounts opened recently; Type of residence; Credit bureau score and the credit history behind it; Unable to verify income
2053688,0.4001,Amount of credit requested is high in relation to income,Amount of credit requested is high in relation to income,True,1.0,Amount of credit requested is high in relation to income; Credit bureau score and the credit history behind it; Recency of inquiries on credit bureau report; Type of residence,Amount of credit requested is high in relation to income; Credit bureau score and the credit history behind it; Recency of inquiries on credit bureau report; Type of residence
898386,0.3766,Recency of inquiries on credit bureau report,Credit bureau score and the credit history behind it,False,1.0,Recency of inquiries on credit bureau report; Number of accounts opened recently; Credit bureau score and the credit history behind it; Type of residence,Credit bureau score and the credit history behind it; Recency of inquiries on credit bureau report; Number of accounts opened recently; Type of residence
320155,0.4061,Amount of revolving credit available,Number of accounts opened recently,False,0.75,Amount of revolving credit available; Type of residence; Number of accounts opened recently; Proportion of available bankcard credit currently in use,Number of accounts opened recently; Credit bureau score and the credit history behind it; Amount of revolving credit available; Type of residence
686803,0.5705,Excessive obligations in relation to income,Number of accounts opened recently,False,0.75,Excessive obligations in relation to income; Number of accounts opened recently; Type of residence; Amount of revolving credit available,Number of accounts opened recently; Excessive obligations in relation to income; Credit bureau score and the credit history behind it; Type of residence
1324389,0.3956,Excessive obligations in relation to income,Credit bureau score and the credit history behind it,False,1.0,Excessive obligations in relation to income; Amount of credit requested is high in relation to income; Credit bureau score and the credit history behind it; Number of recent inquiries on credit bureau report,Credit bureau score and the credit history behind it; Amount of credit requested is high in relation to income; Excessive obligations in relation to income; Number of recent inquiries on credit bureau report
680076,0.3579,Number of accounts opened recently,Number of accounts opened recently,True,0.75,Number of accounts opened recently; Excessive obligations in relation to income; Credit bureau score and the credit history behind it; Number of bankcard accounts near their credit limit,Number of accounts opened recently; Credit bureau score and the credit history behind it; Excessive obligations in relation to income; Number of recent inquiries on credit bureau report
2160009,0.4021,Excessive obligations in relation to income,Excessive obligations in relation to income,True,1.0,Excessive obligations in relation to income; Length of employment; Type of residence; Credit bureau score and the credit history behind it,Excessive obligations in relation to income; Credit bureau score and the credit history behind it; Length of employment; Type of residence
1291708,0.3726,Credit bureau score and the credit history behind it,Credit bureau score and the credit history behind it,True,1.0,Credit bureau score and the credit history behind it; Amount of credit requested is high in relation to income; Number of bankcard accounts near their credit limit; Proportion of available revolving credit currently in use,Credit bureau score and the credit history behind it; Amount of credit requested is high in relation to income; Number of bankcard accounts near their credit limit; Proportion of available revolving credit currently in use
48455,0.5399,Number of accounts opened recently,Number of accounts opened recently,True,1.0,Number of accounts opened recently; Amount of credit requested is high in relation to income; Credit bureau score and the credit history behind it; Type of residence,Number of accounts opened recently; Credit bureau score and the credit history behind it; Amount of credit requested is high in relation to income; Type of residence
1949397,0.368,Excessive obligations in relation to income,Amount of credit requested is high in relation to income,False,0.75,Excessive obligations in relation to income; Amount of credit requested is high in relation to income; Income insufficient for amount of credit requested; Amount of credit requested,Amount of credit requested is high in relation to income; Excessive obligations in relation to income; Income insufficient for amount of credit requested; Proportion of available revolving credit currently in use
1964098,0.3284,Excessive obligations in relation to income,Credit bureau score and the credit history behind it,False,0.75,Excessive obligations in relation to income; Credit bureau score and the credit history behind it; Number of bankcard accounts near their credit limit; Amount of credit requested is high in relation to income,Credit bureau score and the credit history behind it; Excessive obligations in relation to income; Number of bankcard accounts near their credit limit; Number of accounts opened recently
268613,0.4291,Number of accounts opened recently,Number of accounts opened recently,True,1.0,Number of accounts opened recently; Recency of inquiries on credit bureau report; Type of residence; Credit bureau score and the credit history behind it,Number of accounts opened recently; Recency of inquiries on credit bureau report; Credit bureau score and the credit history behind it; Type of residence
2247605,0.3745,Number of accounts opened recently,Number of accounts opened recently,True,0.75,Number of accounts opened recently; Amount of credit requested is high in relation to income; Recency of inquiries on credit bureau report; Excessive obligations in relation to income,Number of accounts opened recently; Amount of credit requested is high in relation to income; Recency of inquiries on credit bureau report; Credit bureau score and the credit history behind it
301902,0.4493,Number of recent inquiries on credit bureau report,Number of recent inquiries on credit bureau report,True,1.0,Number of recent inquiries on credit bureau report; Amount of credit requested is high in relation to income; Recency of inquiries on credit bureau report; Number of accounts opened recently,Number of recent inquiries on credit bureau report; Amount of credit requested is high in relation to income; Recency of inquiries on credit bureau report; Number of accounts opened recently
1615684,0.3085,Number of recent inquiries on credit bureau report,Number of recent inquiries on credit bureau report,True,1.0,Number of recent inquiries on credit bureau report; Amount of credit requested; Proportion of available revolving credit currently in use; Credit bureau score and the credit history behind it,Number of recent inquiries on credit bureau report; Credit bureau score and the credit history behind it; Proportion of available revolving credit currently in use; Amount of credit requested
1836450,0.5337,Number of accounts opened recently,Number of accounts opened recently,True,1.0,Number of accounts opened recently; Type of residence; Amount of revolving credit available; Recency of inquiries on credit bureau report,Number of accounts opened recently; Type of residence; Amount of revolving credit available; Recency of inquiries on credit bureau report
945200,0.3918,Amount of credit requested is high in relation to income,Number of accounts opened recently,False,0.75,Amount of credit requested is high in relation to income; Number of accounts opened recently; Type of residence; Unable to verify income,Number of accounts opened recently; Amount of credit requested is high in relation to income; Type of residence; Credit bureau score and the credit history behind it
1313112,0.3089,Number of accounts opened recently,Number of accounts opened recently,True,1.0,Number of accounts opened recently; Type of residence; Proportion of available bankcard credit currently in use; Credit bureau score and the credit history behind it,Number of accounts opened recently; Type of residence; Credit bureau score and the credit history behind it; Proportion of available bankcard credit currently in use
405786,0.4244,Excessive obligations in relation to income,Excessive obligations in relation to income,True,0.75,Excessive obligations in relation to income; Recency of inquiries on credit bureau report; Number of accounts opened recently; Type of residence,Excessive obligations in relation to income; Number of accounts opened recently; Recency of inquiries on credit bureau report; Credit bureau score and the credit history behind it
75815,0.3733,Proportion of available revolving credit currently in use,Number of accounts opened recently,False,0.75,Proportion of available revolving credit currently in use; Number of accounts opened recently; Length of employment; Number of bankcard accounts near their credit limit,Number of accounts opened recently; Proportion of available revolving credit currently in use; Length of employment; Proportion of available bankcard credit currently in use
2203769,0.3696,Recency of inquiries on credit bureau report,Recency of inquiries on credit bureau report,True,1.0,Recency of inquiries on credit bureau report; Credit bureau score and the credit history behind it; Amount of credit requested; Number of accounts opened recently,Recency of inquiries on credit bureau report; Credit bureau score and the credit history behind it; Amount of credit requested; Number of accounts opened recently
471579,0.5265,Amount of credit requested is high in relation to income,Amount of credit requested is high in relation to income,True,0.75,Amount of credit requested is high in relation to income; Number of accounts opened recently; Amount of revolving credit available; Recency of inquiries on credit bureau report,Amount of credit requested is high in relation to income; Number of accounts opened recently; Amount of revolving credit available; Purpose of the credit requested
633429,0.4003,Excessive obligations in relation to income,Credit bureau score and the credit history behind it,False,1.0,Excessive obligations in relation to income; Credit bureau score and the credit history behind it; Proportion of available revolving credit currently in use; Number of accounts opened recently,Credit bureau score and the credit history behind it; Number of accounts opened recently; Excessive obligations in relation to income; Proportion of available revolving credit currently in use
1190106,0.3662,Credit bureau score and the credit history behind it,Credit bureau score and the credit history behind it,True,1.0,Credit bureau score and the credit history behind it; Number of accounts opened recently; Length of employment; Amount of credit requested is high in relation to income,Credit bureau score and the credit history behind it; Number of accounts opened recently; Length of employment; Amount of credit requested is high in relation to income
195103,0.3095,Amount of credit requested is high in relation to income,Amount of credit requested is high in relation to income,True,0.75,Amount of credit requested is high in relation to income; Credit bureau score and the credit history behind it; Number of accounts opened recently; Amount of credit requested,Amount of credit requested is high in relation to income; Credit bureau score and the credit history behind it; Number of accounts opened recently; Number of bankcard accounts near their credit limit
316994,0.4793,Number of accounts opened recently,Number of accounts opened recently,True,0.75,Number of accounts opened recently; Amount of credit requested is high in relation to income; Credit bureau score and the credit history behind it; Type of residence,Number of accounts opened recently; Credit bureau score and the credit history behind it; Amount of credit requested is high in relation to income; Recency of inquiries on credit bureau report
129512,0.4429,Number of accounts opened recently,Number of accounts opened recently,True,1.0,Number of accounts opened recently; Credit bureau score and the credit history behind it; Amount of credit requested is high in relation to income; Amount of revolving credit available,Number of accounts opened recently; Credit bureau score and the credit history behind it; Amount of credit requested is high in relation to income; Amount of revolving credit available
1461786,0.4224,Number of accounts opened recently,Number of accounts opened recently,True,1.0,Number of accounts opened recently; Excessive obligations in relation to income; Credit bureau score and the credit history behind it; Type of residence,Number of accounts opened recently; Credit bureau score and the credit history behind it; Excessive obligations in relation to income; Type of residence
1149158,0.33,Number of accounts opened recently,Number of accounts opened recently,True,1.0,Number of accounts opened recently; Recency of inquiries on credit bureau report; Number of recent inquiries on credit bureau report; Credit bureau score and the credit history behind it,Number of accounts opened recently; Recency of inquiries on credit bureau report; Number of recent inquiries on credit bureau report; Credit bureau score and the credit history behind it
1518724,0.3883,Amount of credit requested is high in relation to income,Amount of credit requested is high in relation to income,True,1.0,Amount of credit requested is high in relation to income; Length of employment; Proportion of available bankcard credit currently in use; Recency of inquiries on credit bureau report,Amount of credit requested is high in relation to income; Length of employment; Proportion of available bankcard credit currently in use; Recency of inquiries on credit bureau report
256407,0.3176,Length of employment,Length of employment,True,0.75,Length of employment; Amount of credit requested is high in relation to income; Number of bankcard accounts near their credit limit; Payment history on credit obligations,Length of employment; Amount of credit requested is high in relation to income; Number of bankcard accounts near their credit limit; Credit bureau score and the credit history behind it
1570687,0.4928,Number of accounts opened recently,Number of accounts opened recently,True,1.0,Number of accounts opened recently; Amount of credit requested is high in relation to income; Amount of credit requested; Type of residence,Number of accounts opened recently; Amount of credit requested is high in relation to income; Amount of credit requested; Type of residence
1047365,0.4239,Amount of credit requested is high in relation to income,Amount of credit requested is high in relation to income,True,1.0,Amount of credit requested is high in relation to income; Length of employment; Type of residence; Credit bureau score and the credit history behind it,Amount of credit requested is high in relation to income; Length of employment; Credit bureau score and the credit history behind it; Type of residence
1844745,0.3235,Number of accounts opened recently,Number of accounts opened recently,True,1.0,Number of accounts opened recently; Excessive obligations in relation to income; Proportion of available bankcard credit currently in use; Amount of revolving credit available,Number of accounts opened recently; Proportion of available bankcard credit currently in use; Amount of revolving credit available; Excessive obligations in relation to income
1590505,0.4375,Recency of inquiries on credit bureau report,Recency of inquiries on credit bureau report,True,0.75,Recency of inquiries on credit bureau report; Amount of credit requested; Number of recent inquiries on credit bureau report; Proportion of available bankcard credit currently in use,Recency of inquiries on credit bureau report; Number of recent inquiries on credit bureau report; Amount of credit requested; Number of accounts opened recently
393644,0.3496,Excessive obligations in relation to income,Excessive obligations in relation to income,True,1.0,Excessive obligations in relation to income; Type of residence; Number of bankcard accounts near their credit limit; Payment history on credit obligations,Excessive obligations in relation to income; Type of residence; Number of bankcard accounts near their credit limit; Payment history on credit obligations
602351,0.3139,Amount of credit requested is high in relation to income,Number of accounts opened recently,False,1.0,Amount of credit requested is high in relation to income; Number of accounts opened recently; Recency of inquiries on credit bureau report; Credit bureau score and the credit history behind it,Number of accounts opened recently; Credit bureau score and the credit history behind it; Amount of credit requested is high in relation to income; Recency of inquiries on credit bureau report
60738,0.3206,Excessive obligations in relation to income,Excessive obligations in relation to income,True,1.0,Excessive obligations in relation to income; Amount of credit requested is high in relation to income; Amount of credit requested; Type of residence,Excessive obligations in relation to income; Amount of credit requested is high in relation to income; Amount of credit requested; Type of residence
419554,0.3123,Credit bureau score and the credit history behind it,Credit bureau score and the credit history behind it,True,0.75,Credit bureau score and the credit history behind it; Excessive obligations in relation to income; Type of residence; Number of accounts opened recently,Credit bureau score and the credit history behind it; Excessive obligations in relation to income; Purpose of the credit requested; Type of residence
1751814,0.4283,Recency of inquiries on credit bureau report,Recency of inquiries on credit bureau report,True,0.75,Recency of inquiries on credit bureau report; Amount of credit requested is high in relation to income; Length of employment; Excessive obligations in relation to income,Recency of inquiries on credit bureau report; Length of employment; Amount of credit requested is high in relation to income; Credit bureau score and the credit history behind it
2194235,0.3063,Excessive obligations in relation to income,Number of accounts opened recently,False,1.0,Excessive obligations in relation to income; Number of accounts opened recently; Credit bureau score and the credit history behind it; Recency of inquiries on credit bureau report,Number of accounts opened recently; Excessive obligations in relation to income; Credit bureau score and the credit history behind it; Recency of inquiries on credit bureau report
1649144,0.3442,Purpose of the credit requested,Purpose of the credit requested,True,1.0,Purpose of the credit requested; Number of recent inquiries on credit bureau report; Credit bureau score and the credit history behind it; Type of residence,Purpose of the credit requested; Credit bureau score and the credit history behind it; Number of recent inquiries on credit bureau report; Type of residence
711948,0.3125,Number of accounts opened recently,Number of accounts opened recently,True,0.75,Number of accounts opened recently; Credit bureau score and the credit history behind it; Type of residence; Amount of credit requested is high in relation to income,Number of accounts opened recently; Credit bureau score and the credit history behind it; Type of residence; Recency of a serious derogatory credit item
1592422,0.3267,Amount of credit requested,Amount of credit requested,True,0.75,Amount of credit requested; Amount of credit requested is high in relation to income; Recency of inquiries on credit bureau report; Payment history on credit obligations,Amount of credit requested; Amount of credit requested is high in relation to income; Recency of inquiries on credit bureau report; Unable to verify income
1085109,0.3289,Amount of credit requested is high in relation to income,Amount of credit requested is high in relation to income,True,0.75,Amount of credit requested is high in relation to income; Amount of credit requested; Payment history on credit obligations; Number of accounts opened recently,Amount of credit requested is high in relation to income; Number of accounts opened recently; Unable to verify income; Payment history on credit obligations
2243769,0.4287,Number of accounts opened recently,Number of accounts opened recently,True,0.75,Number of accounts opened recently; Excessive obligations in relation to income; Payment history on credit obligations; Amount of revolving credit available,Number of accounts opened recently; Credit bureau score and the credit history behind it; Payment history on credit obligations; Excessive obligations in relation to income
710465,0.3275,Credit bureau score and the credit history behind it,Credit bureau score and the credit history behind it,True,0.75,Credit bureau score and the credit history behind it; Number of accounts opened recently; Number of bankcard accounts near their credit limit; Amount of credit requested is high in relation to income,Credit bureau score and the credit history behind it; Number of accounts opened recently; Payment history on credit obligations; Number of bankcard accounts near their credit limit
2107921,0.3352,Length of employment,Length of employment,True,0.75,Length of employment; Proportion of available bankcard credit currently in use; Amount of credit requested is high in relation to income; Recency of inquiries on credit bureau report,Length of employment; Proportion of available bankcard credit currently in use; Recency of inquiries on credit bureau report; Excessive obligations in relation to income
90732,0.4818,Amount of credit requested is high in relation to income,Amount of credit requested is high in relation to income,True,0.75,Amount of credit requested is high in relation to income; Number of recent inquiries on credit bureau report; Recency of inquiries on credit bureau report; Type of residence,Amount of credit requested is high in relation to income; Number of recent inquiries on credit bureau report; Recency of inquiries on credit bureau report; Credit bureau score and the credit history behind it
1251146,0.4013,Number of accounts opened recently,Number of accounts opened recently,True,1.0,Number of accounts opened recently; Credit bureau score and the credit history behind it; Amount of credit requested is high in relation to income; Number of bankcard accounts near their credit limit,Number of accounts opened recently; Credit bureau score and the credit history behind it; Number of bankcard accounts near their credit limit; Amount of credit requested is high in relation to income
1785185,0.4568,Number of accounts opened recently,Number of accounts opened recently,True,1.0,Number of accounts opened recently; Amount of revolving credit available; Credit bureau score and the credit history behind it; Length of employment,Number of accounts opened recently; Credit bureau score and the credit history behind it; Amount of revolving credit available; Length of employment
606064,0.3299,Number of accounts opened recently,Number of accounts opened recently,True,0.75,Number of accounts opened recently; Credit bureau score and the credit history behind it; Excessive obligations in relation to income; Number of bankcard accounts near their credit limit,Number of accounts opened recently; Credit bureau score and the credit history behind it; Recency of delinquency on credit obligations; Excessive obligations in relation to income
375729,0.3178,Excessive obligations in relation to income,Length of employment,False,0.5,Excessive obligations in relation to income; Length of employment; Type of residence; Number of bankcard accounts near their credit limit,Length of employment; Credit bureau score and the credit history behind it; Excessive obligations in relation to income; Purpose of the credit requested
1116723,0.5741,Amount of credit requested is high in relation to income,Number of accounts opened recently,False,1.0,Amount of credit requested is high in relation to income; Number of accounts opened recently; Credit bureau score and the credit history behind it; Recency of inquiries on credit bureau report,Number of accounts opened recently; Amount of credit requested is high in relation to income; Credit bureau score and the credit history behind it; Recency of inquiries on credit bureau report
761503,0.3499,Number of accounts opened recently,Number of accounts opened recently,True,0.75,Number of accounts opened recently; Amount of revolving credit available; Recency of inquiries on credit bureau report; Proportion of available bankcard credit currently in use,Number of accounts opened recently; Amount of revolving credit available; Recency of inquiries on credit bureau report; Unable to verify income
578110,0.3092,Credit bureau score and the credit history behind it,Credit bureau score and the credit history behind it,True,0.75,Credit bureau score and the credit history behind it; Type of residence; Payment history on credit obligations; Amount of credit requested is high in relation to income,Credit bureau score and the credit history behind it; Number of accounts opened recently; Payment history on credit obligations; Type of residence
1168237,0.4793,Credit bureau score and the credit history behind it,Credit bureau score and the credit history behind it,True,0.75,Credit bureau score and the credit history behind it; Proportion of available revolving credit currently in use; Amount of revolving credit available; Type of residence,Credit bureau score and the credit history behind it; Proportion of available revolving credit currently in use; Purpose of the credit requested; Amount of revolving credit available
1032280,0.51,Number of accounts opened recently,Number of accounts opened recently,True,1.0,Number of accounts opened recently; Amount of revolving credit available; Proportion of available bankcard credit currently in use; Delinquent past or present credit obligations with others,Number of accounts opened recently; Amount of revolving credit available; Proportion of available bankcard credit currently in use; Delinquent past or present credit obligations with others
632015,0.416,Amount of credit requested is high in relation to income,Amount of credit requested is high in relation to income,True,0.75,Amount of credit requested is high in relation to income; Purpose of the credit requested; Recency of inquiries on credit bureau report; Type of residence,Amount of credit requested is high in relation to income; Purpose of the credit requested; Recency of inquiries on credit bureau report; Credit bureau score and the credit history behind it
1798640,0.3287,Number of accounts opened recently,Number of accounts opened recently,True,0.75,Number of accounts opened recently; Excessive obligations in relation to income; Number of recent inquiries on credit bureau report; Credit bureau score and the credit history behind it,Number of accounts opened recently; Number of recent inquiries on credit bureau report; Credit bureau score and the credit history behind it; Recency of inquiries on credit bureau report
29926,0.365,Number of accounts opened recently,Number of accounts opened recently,True,0.75,Number of accounts opened recently; Excessive obligations in relation to income; Number of bankcard accounts near their credit limit; Recency of a serious derogatory credit item,Number of accounts opened recently; Excessive obligations in relation to income; Number of bankcard accounts near their credit limit; Recency of inquiries on credit bureau report
1163207,0.3081,Amount of credit requested is high in relation to income,Amount of credit requested is high in relation to income,True,0.75,Amount of credit requested is high in relation to income; Credit bureau score and the credit history behind it; Proportion of available bankcard credit currently in use; Type of residence,Amount of credit requested is high in relation to income; Credit bureau score and the credit history behind it; Proportion of available bankcard credit currently in use; Number of bankcard accounts near their credit limit
275712,0.4285,Amount of credit requested is high in relation to income,Amount of credit requested is high in relation to income,True,0.75,Amount of credit requested is high in relation to income; Credit bureau score and the credit history behind it; Type of residence; Number of bankcard accounts near their credit limit,Amount of credit requested is high in relation to income; Credit bureau score and the credit history behind it; Number of accounts opened recently; Type of residence
130049,0.314,Excessive obligations in relation to income,Excessive obligations in relation to income,True,1.0,Excessive obligations in relation to income; Recency of inquiries on credit bureau report; Number of recent inquiries on credit bureau report; Credit bureau score and the credit history behind it,Excessive obligations in relation to income; Recency of inquiries on credit bureau report; Credit bureau score and the credit history behind it; Number of recent inquiries on credit bureau report
723085,0.3125,Number of accounts opened recently,Number of accounts opened recently,True,0.75,Number of accounts opened recently; Credit bureau score and the credit history behind it; Proportion of available bankcard credit currently in use; Amount of credit requested is high in relation to income,Number of accounts opened recently; Credit bureau score and the credit history behind it; Recency of inquiries on credit bureau report; Proportion of available bankcard credit currently in use
1082654,0.3049,Amount of credit requested is high in relation to income,Amount of credit requested is high in relation to income,True,0.75,Amount of credit requested is high in relation to income; Length of employment; Excessive obligations in relation to income; Number of bankcard accounts near their credit limit,Amount of credit requested is high in relation to income; Length of employment; Credit bureau score and the credit history behind it; Excessive obligations in relation to income
139710,0.5067,Purpose of the credit requested,Purpose of the credit requested,True,1.0,Purpose of the credit requested; Number of accounts opened recently; Amount of credit requested is high in relation to income; Recency of inquiries on credit bureau report,Purpose of the credit requested; Number of accounts opened recently; Amount of credit requested is high in relation to income; Recency of inquiries on credit bureau report
938637,0.3285,Number of accounts opened recently,Number of accounts opened recently,True,1.0,Number of accounts opened recently; Excessive obligations in relation to income; Credit bureau score and the credit history behind it; Type of residence,Number of accounts opened recently; Credit bureau score and the credit history behind it; Excessive obligations in relation to income; Type of residence
402735,0.3489,Number of accounts opened recently,Number of accounts opened recently,True,0.75,Number of accounts opened recently; Amount of credit requested is high in relation to income; Excessive obligations in relation to income; Number of recent inquiries on credit bureau report,Number of accounts opened recently; Number of recent inquiries on credit bureau report; Amount of credit requested is high in relation to income; Type of residence
1957768,0.3644,Number of accounts opened recently,Number of accounts opened recently,True,1.0,Number of accounts opened recently; Excessive obligations in relation to income; Credit bureau score and the credit history behind it; Number of bankcard accounts near their credit limit,Number of accounts opened recently; Credit bureau score and the credit history behind it; Excessive obligations in relation to income; Number of bankcard accounts near their credit limit
2101466,0.3424,Recency of inquiries on credit bureau report,Recency of inquiries on credit bureau report,True,1.0,Recency of inquiries on credit bureau report; Length of employment; Amount of credit requested; Amount of credit requested is high in relation to income,Recency of inquiries on credit bureau report; Length of employment; Amount of credit requested; Amount of credit requested is high in relation to income
2206677,0.4392,Number of accounts opened recently,Number of accounts opened recently,True,0.75,Number of accounts opened recently; Excessive obligations in relation to income; Credit bureau score and the credit history behind it; Type of residence,Number of accounts opened recently; Excessive obligations in relation to income; Credit bureau score and the credit history behind it; Length of employment
1966747,0.3296,Amount of credit requested is high in relation to income,Number of accounts opened recently,False,1.0,Amount of credit requested is high in relation to income; Number of accounts opened recently; Excessive obligations in relation to income; Recency of inquiries on credit bureau report,Number of accounts opened recently; Amount of credit requested is high in relation to income; Excessive obligations in relation to income; Recency of inquiries on credit bureau report
1718344,0.367,Number of accounts opened recently,Number of accounts opened recently,True,1.0,Number of accounts opened recently; Credit bureau score and the credit history behind it; Amount of credit requested is high in relation to income; Payment history on credit obligations,Number of accounts opened recently; Credit bureau score and the credit history behind it; Payment history on credit obligations; Amount of credit requested is high in relation to income
1190042,0.3383,Credit bureau score and the credit history behind it,Credit bureau score and the credit history behind it,True,1.0,Credit bureau score and the credit history behind it; Recency of inquiries on credit bureau report; Number of accounts opened recently; Amount of credit requested,Credit bureau score and the credit history behind it; Number of accounts opened recently; Recency of inquiries on credit bureau report; Amount of credit requested
56816,0.3228,Number of recent inquiries on credit bureau report,Number of recent inquiries on credit bureau report,True,1.0,Number of recent inquiries on credit bureau report; Proportion of available bankcard credit currently in use; Amount of credit requested is high in relation to income; Recency of inquiries on credit bureau report,Number of recent inquiries on credit bureau report; Recency of inquiries on credit bureau report; Amount of credit requested is high in relation to income; Proportion of available bankcard credit currently in use
1307074,0.4528,Amount of credit requested is high in relation to income,Credit bureau score and the credit history behind it,False,0.75,Amount of credit requested is high in relation to income; Credit bureau score and the credit history behind it; Length of employment; Number of bankcard accounts near their credit limit,Credit bureau score and the credit history behind it; Amount of credit requested is high in relation to income; Length of employment; Payment history on credit obligations
100040,0.4837,Amount of credit requested is high in relation to income,Number of accounts opened recently,False,1.0,Amount of credit requested is high in relation to income; Excessive obligations in relation to income; Number of accounts opened recently; Purpose of the credit requested,Number of accounts opened recently; Amount of credit requested is high in relation to income; Excessive obligations in relation to income; Purpose of the credit requested
1339844,0.3192,Amount of credit requested is high in relation to income,Credit bureau score and the credit history behind it,False,1.0,Amount of credit requested is high in relation to income; Credit bureau score and the credit history behind it; Excessive obligations in relation to income; Type of residence,Credit bureau score and the credit history behind it; Amount of credit requested is high in relation to income; Type of residence; Excessive obligations in relation to income
1242876,0.4874,Amount of credit requested is high in relation to income,Number of accounts opened recently,False,1.0,Amount of credit requested is high in relation to income; Number of accounts opened recently; Credit bureau score and the credit history behind it; Payment history on credit obligations,Number of accounts opened recently; Amount of credit requested is high in relation to income; Credit bureau score and the credit history behind it; Payment history on credit obligations
795907,0.387,Number of accounts opened recently,Number of accounts opened recently,True,0.75,Number of accounts opened recently; Amount of credit requested is high in relation to income; Credit bureau score and the credit history behind it; Amount of credit requested,Number of accounts opened recently; Credit bureau score and the credit history behind it; Amount of credit requested is high in relation to income; Type of residence
1117257,0.3471,Amount of credit requested is high in relation to income,Credit bureau score and the credit history behind it,False,1.0,Amount of credit requested is high in relation to income; Credit bureau score and the credit history behind it; Number of accounts opened recently; Number of bankcard accounts near their credit limit,Credit bureau score and the credit history behind it; Amount of credit requested is high in relation to income; Number of accounts opened recently; Number of bankcard accounts near their credit limit
1056077,0.3007,Purpose of the credit requested,Credit bureau score and the credit history behind it,False,1.0,Purpose of the credit requested; Credit bureau score and the credit history behind it; Number of accounts opened recently; Number of bankcard accounts near their credit limit,Credit bureau score and the credit history behind it; Purpose of the credit requested; Number of accounts opened recently; Number of bankcard accounts near their credit limit
435566,0.337,Number of recent inquiries on credit bureau report,Number of recent inquiries on credit bureau report,True,0.75,Number of recent inquiries on credit bureau report; Recency of inquiries on credit bureau report; Number of accounts opened recently; Payment history on credit obligations,Number of recent inquiries on credit bureau report; Recency of inquiries on credit bureau report; Number of accounts opened recently; Credit bureau score and the credit history behind it
614144,0.3669,Amount of credit requested,Amount of credit requested,True,1.0,Amount of credit requested; Length of employment; Amount of credit requested is high in relation to income; Proportion of available bankcard credit currently in use,Amount of credit requested; Length of employment; Amount of credit requested is high in relation to income; Proportion of available bankcard credit currently in use
1939784,0.3286,Length of employment,Length of employment,True,1.0,Length of employment; Credit bureau score and the credit history behind it; Amount of credit requested is high in relation to income; Excessive obligations in relation to income,Length of employment; Credit bureau score and the credit history behind it; Amount of credit requested is high in relation to income; Excessive obligations in relation to income
1831452,0.3577,Amount of credit requested is high in relation to income,Amount of credit requested is high in relation to income,True,0.75,Amount of credit requested is high in relation to income; Excessive obligations in relation to income; Number of recent inquiries on credit bureau report; Credit bureau score and the credit history behind it,Amount of credit requested is high in relation to income; Credit bureau score and the credit history behind it; Number of recent inquiries on credit bureau report; Number of accounts opened recently
286876,0.5619,Recency of inquiries on credit bureau report,Number of accounts opened recently,False,1.0,Recency of inquiries on credit bureau report; Amount of credit requested is high in relation to income; Number of accounts opened recently; Length of employment,Number of accounts opened recently; Recency of inquiries on credit bureau report; Length of employment; Amount of credit requested is high in relation to income
1293613,0.3244,Purpose of the credit requested,Purpose of the credit requested,True,1.0,Purpose of the credit requested; Excessive obligations in relation to income; Amount of credit requested is high in relation to income; Number of accounts opened recently,Purpose of the credit requested; Excessive obligations in relation to income; Number of accounts opened recently; Amount of credit requested is high in relation to income
1125190,0.3214,Excessive obligations in relation to income,Excessive obligations in relation to income,True,0.75,Excessive obligations in relation to income; Number of bankcard accounts near their credit limit; Payment history on credit obligations; Credit bureau score and the credit history behind it,Excessive obligations in relation to income; Credit bureau score and the credit history behind it; Purpose of the credit requested; Number of bankcard accounts near their credit limit
5885,0.4977,Number of accounts opened recently,Number of accounts opened recently,True,0.75,Number of accounts opened recently; Excessive obligations in relation to income; Number of recent inquiries on credit bureau report; Amount of credit requested is high in relation to income,Number of accounts opened recently; Number of recent inquiries on credit bureau report; Excessive obligations in relation to income; Credit bureau score and the credit history behind it
1902491,0.3452,Credit bureau score and the credit history behind it,Credit bureau score and the credit history behind it,True,1.0,Credit bureau score and the credit history behind it; Amount of credit requested is high in relation to income; Type of residence; Number of bankcard accounts near their credit limit,Credit bureau score and the credit history behind it; Amount of credit requested is high in relation to income; Type of residence; Number of bankcard accounts near their credit limit
1048353,0.3072,Credit bureau score and the credit history behind it,Credit bureau score and the credit history behind it,True,0.75,Credit bureau score and the credit history behind it; Number of accounts opened recently; Recency of inquiries on credit bureau report; Amount of revolving credit available,Credit bureau score and the credit history behind it; Number of accounts opened recently; Recency of delinquency on credit obligations; Recency of inquiries on credit bureau report
63033,0.3258,Excessive obligations in relation to income,Excessive obligations in relation to income,True,0.75,Excessive obligations in relation to income; Number of accounts opened recently; Type of residence; Number of bankcard accounts near their credit limit,Excessive obligations in relation to income; Number of accounts opened recently; Type of residence; Number of recent inquiries on credit bureau report
1089130,0.3355,Amount of credit requested is high in relation to income,Number of accounts opened recently,False,1.0,Amount of credit requested is high in relation to income; Number of accounts opened recently; Number of recent inquiries on credit bureau report; Type of residence,Number of accounts opened recently; Amount of credit requested is high in relation to income; Number of recent inquiries on credit bureau report; Type of residence
719378,0.3147,Number of accounts opened recently,Number of accounts opened recently,True,1.0,Number of accounts opened recently; Amount of credit requested is high in relation to income; Excessive obligations in relation to income; Credit bureau score and the credit history behind it,Number of accounts opened recently; Amount of credit requested is high in relation to income; Credit bureau score and the credit history behind it; Excessive obligations in relation to income
371832,0.3291,Purpose of the credit requested,Purpose of the credit requested,True,1.0,Purpose of the credit requested; Number of recent inquiries on credit bureau report; Recency of inquiries on credit bureau report; Type of residence,Purpose of the credit requested; Number of recent inquiries on credit bureau report; Recency of inquiries on credit bureau report; Type of residence
1165034,0.5302,Number of accounts opened recently,Number of accounts opened recently,True,1.0,Number of accounts opened recently; Recency of inquiries on credit bureau report; Credit bureau score and the credit history behind it; Amount of revolving credit available,Number of accounts opened recently; Credit bureau score and the credit history behind it; Recency of inquiries on credit bureau report; Amount of revolving credit available
399226,0.3988,Excessive obligations in relation to income,Number of accounts opened recently,False,0.75,Excessive obligations in relation to income; Number of accounts opened recently; Amount of credit requested is high in relation to income; Number of bankcard accounts near their credit limit,Number of accounts opened recently; Excessive obligations in relation to income; Amount of credit requested is high in relation to income; Recency of inquiries on credit bureau report
1047860,0.4059,Number of accounts opened recently,Number of accounts opened recently,True,0.75,Number of accounts opened recently; Amount of credit requested is high in relation to income; Recency of inquiries on credit bureau report; Number of recent inquiries on credit bureau report,Number of accounts opened recently; Recency of inquiries on credit bureau report; Amount of credit requested is high in relation to income; Credit bureau score and the credit history behind it
1556371,0.3947,Number of recent inquiries on credit bureau report,Number of recent inquiries on credit bureau report,True,1.0,Number of recent inquiries on credit bureau report; Amount of credit requested is high in relation to income; Number of accounts opened recently; Proportion of available bankcard credit currently in use,Number of recent inquiries on credit bureau report; Number of accounts opened recently; Amount of credit requested is high in relation to income; Proportion of available bankcard credit currently in use
1306844,0.3927,Amount of credit requested is high in relation to income,Amount of credit requested is high in relation to income,True,0.75,Amount of credit requested is high in relation to income; Type of residence; Payment history on credit obligations; Recency of inquiries on credit bureau report,Amount of credit requested is high in relation to income; Type of residence; Credit bureau score and the credit history behind it; Recency of inquiries on credit bureau report
391465,0.3589,Credit bureau score and the credit history behind it,Credit bureau score and the credit history behind it,True,1.0,Credit bureau score and the credit history behind it; Number of accounts opened recently; Type of residence; Amount of credit requested is high in relation to income,Credit bureau score and the credit history behind it; Number of accounts opened recently; Type of residence; Amount of credit requested is high in relation to income
674505,0.3431,Amount of credit requested is high in relation to income,Amount of credit requested is high in relation to income,True,1.0,Amount of credit requested is high in relation to income; Credit bureau score and the credit history behind it; Type of residence; Length of employment,Amount of credit requested is high in relation to income; Credit bureau score and the credit history behind it; Type of residence; Length of employment
1546010,0.4059,Amount of credit requested is high in relation to income,Amount of credit requested is high in relation to income,True,1.0,Amount of credit requested is high in relation to income; Length of employment; Proportion of available bankcard credit currently in use; Recency of delinquency on credit obligations,Amount of credit requested is high in relation to income; Length of employment; Proportion of available bankcard credit currently in use; Recency of delinquency on credit obligations
2160320,0.3001,Purpose of the credit requested,Purpose of the credit requested,True,1.0,Purpose of the credit requested; Amount of credit requested is high in relation to income; Amount of credit requested; Recency of inquiries on credit bureau report,Purpose of the credit requested; Amount of credit requested is high in relation to income; Amount of credit requested; Recency of inquiries on credit bureau report
1166757,0.3331,Length of employment,Length of employment,True,0.75,Length of employment; Amount of credit requested is high in relation to income; Income insufficient for amount of credit requested; Number of bankcard accounts near their credit limit,Length of employment; Amount of credit requested is high in relation to income; Number of accounts opened recently; Income insufficient for amount of credit requested
674915,0.3679,Excessive obligations in relation to income,Excessive obligations in relation to income,True,1.0,Excessive obligations in relation to income; Credit bureau score and the credit history behind it; Recency of delinquency on credit obligations; Amount of credit requested is high in relation to income,Excessive obligations in relation to income; Credit bureau score and the credit history behind it; Recency of delinquency on credit obligations; Amount of credit requested is high in relation to income
2214594,0.4234,Amount of credit requested is high in relation to income,Number of accounts opened recently,False,1.0,Amount of credit requested is high in relation to income; Number of accounts opened recently; Type of residence; Credit bureau score and the credit history behind it,Number of accounts opened recently; Amount of credit requested is high in relation to income; Credit bureau score and the credit history behind it; Type of residence
1055285,0.3843,Excessive obligations in relation to income,Excessive obligations in relation to income,True,0.75,Excessive obligations in relation to income; Amount of credit requested is high in relation to income; Credit bureau score and the credit history behind it; Number of bankcard accounts near their credit limit,Excessive obligations in relation to income; Amount of credit requested is high in relation to income; Credit bureau score and the credit history behind it; Unable to verify income
195546,0.7034,Number of accounts opened recently,Number of accounts opened recently,True,1.0,Number of accounts opened recently; Amount of credit requested is high in relation to income; Credit bureau score and the credit history behind it; Type of residence,Number of accounts opened recently; Credit bureau score and the credit history behind it; Amount of credit requested is high in relation to income; Type of residence
358390,0.4666,Number of recent inquiries on credit bureau report,Number of recent inquiries on credit bureau report,True,0.75,Number of recent inquiries on credit bureau report; Type of residence; Recency of inquiries on credit bureau report; Excessive obligations in relation to income,Number of recent inquiries on credit bureau report; Recency of inquiries on credit bureau report; Credit bureau score and the credit history behind it; Excessive obligations in relation to income
366620,0.3139,Number of accounts opened recently,Number of accounts opened recently,True,1.0,Number of accounts opened recently; Credit bureau score and the credit history behind it; Proportion of available bankcard credit currently in use; Number of bankcard accounts near their credit limit,Number of accounts opened recently; Credit bureau score and the credit history behind it; Proportion of available bankcard credit currently in use; Number of bankcard accounts near their credit limit
891751,0.3121,Credit bureau score and the credit history behind it,Credit bureau score and the credit history behind it,True,1.0,Credit bureau score and the credit history behind it; Excessive obligations in relation to income; Number of bankcard accounts near their credit limit; Proportion of available bankcard credit currently in use,Credit bureau score and the credit history behind it; Excessive obligations in relation to income; Proportion of available bankcard credit currently in use; Number of bankcard accounts near their credit limit
10423,0.3751,Number of accounts opened recently,Number of accounts opened recently,True,1.0,Number of accounts opened recently; Excessive obligations in relation to income; Credit bureau score and the credit history behind it; Type of residence,Number of accounts opened recently; Credit bureau score and the credit history behind it; Excessive obligations in relation to income; Type of residence
1843745,0.38,Amount of credit requested is high in relation to income,Credit bureau score and the credit history behind it,False,1.0,Amount of credit requested is high in relation to income; Credit bureau score and the credit history behind it; Type of residence; Recency of inquiries on credit bureau report,Credit bureau score and the credit history behind it; Amount of credit requested is high in relation to income; Recency of inquiries on credit bureau report; Type of residence
1202146,0.5013,Excessive obligations in relation to income,Number of accounts opened recently,False,1.0,Excessive obligations in relation to income; Number of accounts opened recently; Amount of credit requested is high in relation to income; Type of residence,Number of accounts opened recently; Excessive obligations in relation to income; Amount of credit requested is high in relation to income; Type of residence
2050842,0.3615,Amount of credit requested is high in relation to income,Amount of credit requested is high in relation to income,True,0.75,Amount of credit requested is high in relation to income; Type of residence; Recency of inquiries on credit bureau report; Excessive obligations in relation to income,Amount of credit requested is high in relation to income; Recency of inquiries on credit bureau report; Type of residence; Number of accounts opened recently
2021844,0.4215,Proportion of available bankcard credit currently in use,Credit bureau score and the credit history behind it,False,1.0,Proportion of available bankcard credit currently in use; Recency of inquiries on credit bureau report; Credit bureau score and the credit history behind it; Number of accounts opened recently,Credit bureau score and the credit history behind it; Proportion of available bankcard credit currently in use; Recency of inquiries on credit bureau report; Number of accounts opened recently
495288,0.3821,Amount of credit requested,Amount of credit requested,True,1.0,Amount of credit requested; Number of accounts opened recently; Credit bureau score and the credit history behind it; Number of recent inquiries on credit bureau report,Amount of credit requested; Number of accounts opened recently; Credit bureau score and the credit history behind it; Number of recent inquiries on credit bureau report
791404,0.4906,Number of accounts opened recently,Number of accounts opened recently,True,1.0,Number of accounts opened recently; Recency of inquiries on credit bureau report; Amount of revolving credit available; Number of recent inquiries on credit bureau report,Number of accounts opened recently; Recency of inquiries on credit bureau report; Amount of revolving credit available; Number of recent inquiries on credit bureau report
1071350,0.3241,Number of accounts opened recently,Number of accounts opened recently,True,0.75,Number of accounts opened recently; Type of residence; Excessive obligations in relation to income; Number of bankcard accounts near their credit limit,Number of accounts opened recently; Type of residence; Unable to verify income; Excessive obligations in relation to income
445735,0.423,Number of accounts opened recently,Number of accounts opened recently,True,1.0,Number of accounts opened recently; Recency of inquiries on credit bureau report; Type of residence; Amount of revolving credit available,Number of accounts opened recently; Recency of inquiries on credit bureau report; Type of residence; Amount of revolving credit available
1160022,0.3129,Amount of credit requested is high in relation to income,Amount of credit requested is high in relation to income,True,1.0,Amount of credit requested is high in relation to income; Recency of inquiries on credit bureau report; Credit bureau score and the credit history behind it; Number of bankcard accounts near their credit limit,Amount of credit requested is high in relation to income; Recency of inquiries on credit bureau report; Credit bureau score and the credit history behind it; Number of bankcard accounts near their credit limit
1948828,0.5287,Purpose of the credit requested,Purpose of the credit requested,True,1.0,Purpose of the credit requested; Amount of credit requested is high in relation to income; Number of accounts opened recently; Excessive obligations in relation to income,Purpose of the credit requested; Amount of credit requested is high in relation to income; Number of accounts opened recently; Excessive obligations in relation to income
1853946,0.5001,Number of accounts opened recently,Number of accounts opened recently,True,1.0,Number of accounts opened recently; Amount of credit requested is high in relation to income; Proportion of available bankcard credit currently in use; Credit bureau score and the credit history behind it,Number of accounts opened recently; Amount of credit requested is high in relation to income; Credit bureau score and the credit history behind it; Proportion of available bankcard credit currently in use
1155337,0.6311,Purpose of the credit requested,Purpose of the credit requested,True,0.75,Purpose of the credit requested; Recency of inquiries on credit bureau report; Amount of credit requested is high in relation to income; Type of residence,Purpose of the credit requested; Recency of inquiries on credit bureau report; Number of accounts opened recently; Amount of credit requested is high in relation to income
99449,0.4792,Amount of credit requested is high in relation to income,Amount of credit requested is high in relation to income,True,0.75,Amount of credit requested is high in relation to income; Recency of inquiries on credit bureau report; Number of accounts opened recently; Amount of revolving credit available,Amount of credit requested is high in relation to income; Recency of inquiries on credit bureau report; Number of accounts opened recently; Credit bureau score and the credit history behind it
501282,0.3129,Amount of credit requested is high in relation to income,Amount of credit requested is high in relation to income,True,0.75,Amount of credit requested is high in relation to income; Type of residence; Amount of credit requested; Number of recent inquiries on credit bureau report,Amount of credit requested is high in relation to income; Number of recent inquiries on credit bureau report; Credit bureau score and the credit history behind it; Type of residence
1306059,0.4636,Number of recent inquiries on credit bureau report,Number of recent inquiries on credit bureau report,True,0.75,Number of recent inquiries on credit bureau report; Number of accounts opened recently; Amount of credit requested is high in relation to income; Excessive obligations in relation to income,Number of recent inquiries on credit bureau report; Number of accounts opened recently; Amount of credit requested is high in relation to income; Credit bureau score and the credit history behind it
1498052,0.3288,Number of accounts opened recently,Number of accounts opened recently,True,0.75,Number of accounts opened recently; Excessive obligations in relation to income; Proportion of available bankcard credit currently in use; Type of residence,Number of accounts opened recently; Excessive obligations in relation to income; Credit bureau score and the credit history behind it; Proportion of available bankcard credit currently in use
1582770,0.3903,Number of accounts opened recently,Number of accounts opened recently,True,0.75,Number of accounts opened recently; Amount of credit requested is high in relation to income; Recency of inquiries on credit bureau report; Proportion of available bankcard credit currently in use,Number of accounts opened recently; Recency of inquiries on credit bureau report; Amount of credit requested is high in relation to income; Amount of revolving credit available
1159668,0.3275,Credit bureau score and the credit history behind it,Credit bureau score and the credit history behind it,True,1.0,Credit bureau score and the credit history behind it; Amount of revolving credit available; Delinquent past or present credit obligations with others; Number of accounts opened recently,Credit bureau score and the credit history behind it; Number of accounts opened recently; Amount of revolving credit available; Delinquent past or present credit obligations with others
411183,0.3281,Number of recent inquiries on credit bureau report,Number of recent inquiries on credit bureau report,True,1.0,Number of recent inquiries on credit bureau report; Number of accounts opened recently; Recency of inquiries on credit bureau report; Credit bureau score and the credit history behind it,Number of recent inquiries on credit bureau report; Number of accounts opened recently; Credit bureau score and the credit history behind it; Recency of inquiries on credit bureau report
387584,0.3219,Amount of credit requested is high in relation to income,Amount of credit requested is high in relation to income,True,1.0,Amount of credit requested is high in relation to income; Excessive obligations in relation to income; Recency of inquiries on credit bureau report; Number of recent inquiries on credit bureau report,Amount of credit requested is high in relation to income; Excessive obligations in relation to income; Recency of inquiries on credit bureau report; Number of recent inquiries on credit bureau report
797457,0.4123,Number of accounts opened recently,Number of accounts opened recently,True,1.0,Number of accounts opened recently; Amount of credit requested is high in relation to income; Credit bureau score and the credit history behind it; Excessive obligations in relation to income,Number of accounts opened recently; Credit bureau score and the credit history behind it; Amount of credit requested is high in relation to income; Excessive obligations in relation to income
1777107,0.4252,Amount of credit requested is high in relation to income,Amount of credit requested is high in relation to income,True,1.0,Amount of credit requested is high in relation to income; Recency of inquiries on credit bureau report; Number of accounts opened recently; Length of employment,Amount of credit requested is high in relation to income; Number of accounts opened recently; Recency of inquiries on credit bureau report; Length of employment
170515,0.3492,Number of accounts opened recently,Number of accounts opened recently,True,1.0,Number of accounts opened recently; Recency of inquiries on credit bureau report; Credit bureau score and the credit history behind it; Number of recent inquiries on credit bureau report,Number of accounts opened recently; Credit bureau score and the credit history behind it; Recency of inquiries on credit bureau report; Number of recent inquiries on credit bureau report
1763410,0.5783,Amount of credit requested is high in relation to income,Number of accounts opened recently,False,0.75,Amount of credit requested is high in relation to income; Number of accounts opened recently; Proportion of available bankcard credit currently in use; Excessive obligations in relation to income,Number of accounts opened recently; Amount of credit requested is high in relation to income; Credit bureau score and the credit history behind it; Proportion of available bankcard credit currently in use
1990979,0.4432,Number of accounts opened recently,Number of accounts opened recently,True,0.75,Number of accounts opened recently; Type of residence; Credit bureau score and the credit history behind it; Amount of credit requested is high in relation to income,Number of accounts opened recently; Credit bureau score and the credit history behind it; Type of residence; Proportion of available bankcard credit currently in use
1980413,0.3705,Credit bureau score and the credit history behind it,Credit bureau score and the credit history behind it,True,0.75,Credit bureau score and the credit history behind it; Type of residence; Excessive obligations in relation to income; Number of bankcard accounts near their credit limit,Credit bureau score and the credit history behind it; Recency of inquiries on credit bureau report; Type of residence; Number of bankcard accounts near their credit limit
1072600,0.4181,Amount of credit requested is high in relation to income,Amount of credit requested is high in relation to income,True,1.0,Amount of credit requested is high in relation to income; Credit bureau score and the credit history behind it; Number of accounts opened recently; Type of residence,Amount of credit requested is high in relation to income; Credit bureau score and the credit history behind it; Number of accounts opened recently; Type of residence
118579,0.3489,Number of accounts opened recently,Number of accounts opened recently,True,0.5,Number of accounts opened recently; Recency of inquiries on credit bureau report; Payment history on credit obligations; Amount of credit requested,Number of accounts opened recently; Recency of inquiries on credit bureau report; Credit bureau score and the credit history behind it; Unable to verify income
1238269,0.4677,Number of accounts opened recently,Number of accounts opened recently,True,1.0,Number of accounts opened recently; Credit bureau score and the credit history behind it; Excessive obligations in relation to income; Number of recent inquiries on credit bureau report,Number of accounts opened recently; Credit bureau score and the credit history behind it; Number of recent inquiries on credit bureau report; Excessive obligations in relation to income
151311,0.4004,Length of employment,Length of employment,True,1.0,Length of employment; Type of residence; Credit bureau score and the credit history behind it; Number of recent inquiries on credit bureau report,Length of employment; Credit bureau score and the credit history behind it; Type of residence; Number of recent inquiries on credit bureau report
971027,0.3091,Number of accounts opened recently,Number of accounts opened recently,True,0.75,Number of accounts opened recently; Credit bureau score and the credit history behind it; Recency of delinquency on credit obligations; Proportion of available bankcard credit currently in use,Number of accounts opened recently; Credit bureau score and the credit history behind it; Recency of delinquency on credit obligations; Income insufficient for amount of credit requested
197927,0.3287,Amount of credit requested is high in relation to income,Amount of credit requested is high in relation to income,True,1.0,Amount of credit requested is high in relation to income; Credit bureau score and the credit history behind it; Recency of inquiries on credit bureau report; Type of residence,Amount of credit requested is high in relation to income; Credit bureau score and the credit history behind it; Recency of inquiries on credit bureau report; Type of residence
2176049,0.3475,Amount of credit requested is high in relation to income,Credit bureau score and the credit history behind it,False,1.0,Amount of credit requested is high in relation to income; Proportion of available bankcard credit currently in use; Credit bureau score and the credit history behind it; Amount of revolving credit available,Credit bureau score and the credit history behind it; Amount of credit requested is high in relation to income; Proportion of available bankcard credit currently in use; Amount of revolving credit available
1307580,0.3015,Amount of credit requested is high in relation to income,Amount of credit requested is high in relation to income,True,0.75,Amount of credit requested is high in relation to income; Recency of inquiries on credit bureau report; Number of accounts opened recently; Excessive obligations in relation to income,Amount of credit requested is high in relation to income; Recency of inquiries on credit bureau report; Number of accounts opened recently; Number of recent inquiries on credit bureau report
564896,0.3378,Amount of credit requested is high in relation to income,Credit bureau score and the credit history behind it,False,1.0,Amount of credit requested is high in relation to income; Type of residence; Credit bureau score and the credit history behind it; Number of bankcard accounts near their credit limit,Credit bureau score and the credit history behind it; Amount of credit requested is high in relation to income; Type of residence; Number of bankcard accounts near their credit limit
1119788,0.3385,Number of accounts opened recently,Number of accounts opened recently,True,0.75,Number of accounts opened recently; Type of residence; Amount of credit requested is high in relation to income; Credit bureau score and the credit history behind it,Number of accounts opened recently; Credit bureau score and the credit history behind it; Type of residence; Unable to verify income
1024875,0.4725,Credit bureau score and the credit history behind it,Credit bureau score and the credit history behind it,True,0.75,Credit bureau score and the credit history behind it; Excessive obligations in relation to income; Amount of credit requested is high in relation to income; Number of bankcard accounts near their credit limit,Credit bureau score and the credit history behind it; Excessive obligations in relation to income; Number of accounts opened recently; Amount of credit requested is high in relation to income
1426645,0.3037,Credit bureau score and the credit history behind it,Credit bureau score and the credit history behind it,True,1.0,Credit bureau score and the credit history behind it; Length of employment; Number of accounts opened recently; Type of residence,Credit bureau score and the credit history behind it; Length of employment; Number of accounts opened recently; Type of residence
1916291,0.6646,Amount of credit requested is high in relation to income,Amount of credit requested is high in relation to income,True,0.75,Amount of credit requested is high in relation to income; Number of accounts opened recently; Credit bureau score and the credit history behind it; Type of residence,Amount of credit requested is high in relation to income; Number of accounts opened recently; Credit bureau score and the credit history behind it; Proportion of available revolving credit currently in use
244353,0.4138,Number of accounts opened recently,Number of accounts opened recently,True,1.0,Number of accounts opened recently; Credit bureau score and the credit history behind it; Type of residence; Amount of revolving credit available,Number of accounts opened recently; Credit bureau score and the credit history behind it; Type of residence; Amount of revolving credit available
1001589,0.3926,Amount of credit requested is high in relation to income,Amount of credit requested is high in relation to income,True,1.0,Amount of credit requested is high in relation to income; Length of employment; Excessive obligations in relation to income; Credit bureau score and the credit history behind it,Amount of credit requested is high in relation to income; Credit bureau score and the credit history behind it; Length of employment; Excessive obligations in relation to income
1893582,0.3544,Excessive obligations in relation to income,Number of accounts opened recently,False,0.75,Excessive obligations in relation to income; Number of accounts opened recently; Recency of inquiries on credit bureau report; Amount of credit requested is high in relation to income,Number of accounts opened recently; Recency of inquiries on credit bureau report; Amount of credit requested is high in relation to income; Type of residence
681828,0.4297,Number of accounts opened recently,Number of accounts opened recently,True,1.0,Number of accounts opened recently; Credit bureau score and the credit history behind it; Type of residence; Unable to verify income,Number of accounts opened recently; Credit bureau score and the credit history behind it; Type of residence; Unable to verify income
754658,0.3938,Amount of credit requested,Amount of credit requested,True,1.0,Amount of credit requested; Type of residence; Number of accounts opened recently; Proportion of available bankcard credit currently in use,Amount of credit requested; Number of accounts opened recently; Type of residence; Proportion of available bankcard credit currently in use
1656142,0.5385,Number of accounts opened recently,Number of accounts opened recently,True,0.75,Number of accounts opened recently; Amount of revolving credit available; Recency of inquiries on credit bureau report; Excessive obligations in relation to income,Number of accounts opened recently; Credit bureau score and the credit history behind it; Recency of inquiries on credit bureau report; Amount of revolving credit available
1159690,0.3964,Number of accounts opened recently,Number of accounts opened recently,True,0.75,Number of accounts opened recently; Excessive obligations in relation to income; Type of residence; Number of bankcard accounts near their credit limit,Number of accounts opened recently; Type of residence; Excessive obligations in relation to income; Credit bureau score and the credit history behind it
2159982,0.4246,Number of accounts opened recently,Number of accounts opened recently,True,1.0,Number of accounts opened recently; Recency of inquiries on credit bureau report; Type of residence; Purpose of the credit requested,Number of accounts opened recently; Recency of inquiries on credit bureau report; Purpose of the credit requested; Type of residence
148058,0.3692,Credit bureau score and the credit history behind it,Credit bureau score and the credit history behind it,True,1.0,Credit bureau score and the credit history behind it; Amount of credit requested is high in relation to income; Excessive obligations in relation to income; Recency of inquiries on credit bureau report,Credit bureau score and the credit history behind it; Amount of credit requested is high in relation to income; Recency of inquiries on credit bureau report; Excessive obligations in relation to income
400439,0.4979,Number of accounts opened recently,Number of accounts opened recently,True,1.0,Number of accounts opened recently; Amount of credit requested; Amount of credit requested is high in relation to income; Credit bureau score and the credit history behind it,Number of accounts opened recently; Amount of credit requested; Credit bureau score and the credit history behind it; Amount of credit requested is high in relation to income
390818,0.4183,Number of accounts opened recently,Number of accounts opened recently,True,1.0,Number of accounts opened recently; Excessive obligations in relation to income; Credit bureau score and the credit history behind it; Type of residence,Number of accounts opened recently; Credit bureau score and the credit history behind it; Excessive obligations in relation to income; Type of residence
2125139,0.4569,Number of accounts opened recently,Number of accounts opened recently,True,0.75,Number of accounts opened recently; Credit bureau score and the credit history behind it; Excessive obligations in relation to income; Type of residence,Number of accounts opened recently; Credit bureau score and the credit history behind it; Excessive obligations in relation to income; Recency of inquiries on credit bureau report
25435,0.4012,Amount of credit requested is high in relation to income,Credit bureau score and the credit history behind it,False,0.75,Amount of credit requested is high in relation to income; Credit bureau score and the credit history behind it; Type of residence; Excessive obligations in relation to income,Credit bureau score and the credit history behind it; Amount of credit requested is high in relation to income; Number of accounts opened recently; Type of residence
1357630,0.409,Number of accounts opened recently,Number of accounts opened recently,True,0.75,Number of accounts opened recently; Amount of credit requested; Amount of credit requested is high in relation to income; Recency of inquiries on credit bureau report,Number of accounts opened recently; Amount of credit requested; Amount of credit requested is high in relation to income; Number of recent inquiries on credit bureau report
623440,0.3866,Number of accounts opened recently,Number of accounts opened recently,True,0.75,Number of accounts opened recently; Credit bureau score and the credit history behind it; Number of bankcard accounts near their credit limit; Amount of credit requested is high in relation to income,Number of accounts opened recently; Credit bureau score and the credit history behind it; Number of bankcard accounts near their credit limit; Payment history on credit obligations
1230124,0.3186,Credit bureau score and the credit history behind it,Credit bureau score and the credit history behind it,True,1.0,Credit bureau score and the credit history behind it; Amount of credit requested is high in relation to income; Excessive obligations in relation to income; Number of accounts opened recently,Credit bureau score and the credit history behind it; Amount of credit requested is high in relation to income; Number of accounts opened recently; Excessive obligations in relation to income
1641892,0.3834,Amount of credit requested is high in relation to income,Credit bureau score and the credit history behind it,False,0.75,Amount of credit requested is high in relation to income; Credit bureau score and the credit history behind it; Proportion of available revolving credit currently in use; Amount of credit requested,Credit bureau score and the credit history behind it; Amount of credit requested is high in relation to income; Proportion of available revolving credit currently in use; Type of residence
82481,0.5627,Excessive obligations in relation to income,Number of accounts opened recently,False,0.75,Excessive obligations in relation to income; Number of accounts opened recently; Credit bureau score and the credit history behind it; Number of bankcard accounts near their credit limit,Number of accounts opened recently; Excessive obligations in relation to income; Credit bureau score and the credit history behind it; Number of recent inquiries on credit bureau report
