row_index,pd_at_horizon,survshap_top1,treeshap_top1,top1_same,top4_overlap,survshap_reasons,treeshap_reasons
1782009,0.3393,Number of accounts opened recently,Number of accounts opened recently,True,0.75,Number of accounts opened recently; Payment history on credit obligations; Recency of inquiries on credit bureau report; Proportion of available revolving credit currently in use,Number of accounts opened recently; Recency of inquiries on credit bureau report; Number of bankcard accounts near their credit limit; Proportion of available revolving credit currently in use
453002,0.3166,Excessive obligations in relation to income,Number of accounts opened recently,False,0.75,Excessive obligations in relation to income; Income insufficient for amount of credit requested; Type of residence; Number of bankcard accounts near their credit limit,Number of accounts opened recently; Excessive obligations in relation to income; Number of bankcard accounts near their credit limit; Type of residence
369383,0.4981,Number of accounts opened recently,Number of accounts opened recently,True,0.75,Number of accounts opened recently; Proportion of available bankcard credit currently in use; Income insufficient for amount of credit requested; Type of residence,Number of accounts opened recently; Proportion of available bankcard credit currently in use; Delinquent past or present credit obligations with others; Income insufficient for amount of credit requested
1503552,0.3451,Number of accounts opened recently,Number of accounts opened recently,True,0.75,Number of accounts opened recently; Type of residence; Number of bankcard accounts near their credit limit; Payment history on credit obligations,Number of accounts opened recently; Amount of credit requested; Type of residence; Number of bankcard accounts near their credit limit
1951320,0.3964,Income insufficient for amount of credit requested,Number of accounts opened recently,False,0.5,Income insufficient for amount of credit requested; Number of accounts opened recently; Excessive obligations in relation to income; Amount of revolving credit available,Number of accounts opened recently; Income insufficient for amount of credit requested; Purpose of the credit requested; Unable to verify income
1968651,0.4102,Number of accounts opened recently,Number of accounts opened recently,True,0.75,Number of accounts opened recently; Type of residence; Excessive obligations in relation to income; Number of recent inquiries on credit bureau report,Number of accounts opened recently; Type of residence; Number of recent inquiries on credit bureau report; Amount of credit requested
1656655,0.3489,Number of accounts opened recently,Number of accounts opened recently,True,0.75,Number of accounts opened recently; Excessive obligations in relation to income; Type of residence; Proportion of available bankcard credit currently in use,Number of accounts opened recently; Type of residence; Excessive obligations in relation to income; Payment history on credit obligations
80373,0.3786,Number of accounts opened recently,Number of accounts opened recently,True,0.75,Number of accounts opened recently; Amount of credit requested; Excessive obligations in relation to income; Type of residence,Number of accounts opened recently; Type of residence; Unable to verify income; Excessive obligations in relation to income
1225750,0.4599,Number of accounts opened recently,Number of accounts opened recently,True,0.5,Number of accounts opened recently; Number of bankcard accounts near their credit limit; Income insufficient for amount of credit requested; Amount of credit requested,Number of accounts opened recently; Number of bankcard accounts near their credit limit; Unable to verify income; Amount of revolving credit available
2025451,0.3132,Amount of credit requested,Recency of inquiries on credit bureau report,False,0.75,Amount of credit requested; Type of residence; Recency of inquiries on credit bureau report; Number of recent inquiries on credit bureau report,Recency of inquiries on credit bureau report; Type of residence; Number of recent inquiries on credit bureau report; Number of bankcard accounts near their credit limit
1994461,0.33,Income insufficient for amount of credit requested,Income insufficient for amount of credit requested,True,0.75,Income insufficient for amount of credit requested; Type of residence; Unable to verify income; Payment history on credit obligations,Income insufficient for amount of credit requested; Unable to verify income; Type of residence; Number of accounts opened recently
1036510,0.3517,Number of accounts opened recently,Number of accounts opened recently,True,0.75,Number of accounts opened recently; Amount of revolving credit available; Proportion of available bankcard credit currently in use; Total balances on credit obligations,Number of accounts opened recently; Amount of credit requested; Amount of revolving credit available; Proportion of available bankcard credit currently in use
418268,0.4309,Income insufficient for amount of credit requested,Number of accounts opened recently,False,0.75,Income insufficient for amount of credit requested; Type of residence; Number of bankcard accounts near their credit limit; Amount of credit requested,Number of accounts opened recently; Income insufficient for amount of credit requested; Type of residence; Number of bankcard accounts near their credit limit
2219304,0.4816,Number of accounts opened recently,Number of accounts opened recently,True,0.75,Number of accounts opened recently; Excessive obligations in relation to income; Recency of inquiries on credit bureau report; Income insufficient for amount of credit requested,Number of accounts opened recently; Recency of inquiries on credit bureau report; Excessive obligations in relation to income; Unable to verify income
727588,0.4811,Number of accounts opened recently,Number of accounts opened recently,True,1.0,Number of accounts opened recently; Type of residence; Proportion of available bankcard credit currently in use; Number of bankcard accounts near their credit limit,Number of accounts opened recently; Type of residence; Number of bankcard accounts near their credit limit; Proportion of available bankcard credit currently in use
2160928,0.3096,Excessive obligations in relation to income,Excessive obligations in relation to income,True,1.0,Excessive obligations in relation to income; Number of bankcard accounts near their credit limit; Income insufficient for amount of credit requested; Number of accounts opened recently,Excessive obligations in relation to income; Number of accounts opened recently; Number of bankcard accounts near their credit limit; Income insufficient for amount of credit requested
1342068,0.3019,Income insufficient for amount of credit requested,Income insufficient for amount of credit requested,True,1.0,Income insufficient for amount of credit requested; Proportion of available revolving credit currently in use; Number of bankcard accounts near their credit limit; Amount of revolving credit available,Income insufficient for amount of credit requested; Proportion of available revolving credit currently in use; Number of bankcard accounts near their credit limit; Amount of revolving credit available
1853358,0.4915,Number of recent inquiries on credit bureau report,Number of recent inquiries on credit bureau report,True,1.0,Number of recent inquiries on credit bureau report; Income insufficient for amount of credit requested; Recency of inquiries on credit bureau report; Number of accounts opened recently,Number of recent inquiries on credit bureau report; Income insufficient for amount of credit requested; Recency of inquiries on credit bureau report; Number of accounts opened recently
2115437,0.3784,Number of accounts opened recently,Number of accounts opened recently,True,1.0,Number of accounts opened recently; Number of recent inquiries on credit bureau report; Excessive obligations in relation to income; Unable to verify income,Number of accounts opened recently; Number of recent inquiries on credit bureau report; Excessive obligations in relation to income; Unable to verify income
2235996,0.4124,Number of accounts opened recently,Number of accounts opened recently,True,0.75,Number of accounts opened recently; Excessive obligations in relation to income; Proportion of available bankcard credit currently in use; Amount of credit requested,Number of accounts opened recently; Excessive obligations in relation to income; Purpose of the credit requested; Proportion of available bankcard credit currently in use
1347447,0.3063,Income insufficient for amount of credit requested,Income insufficient for amount of credit requested,True,1.0,Income insufficient for amount of credit requested; Excessive obligations in relation to income; Number of bankcard accounts near their credit limit; Unable to verify income,Income insufficient for amount of credit requested; Excessive obligations in relation to income; Number of bankcard accounts near their credit limit; Unable to verify income
560631,0.3303,Number of accounts opened recently,Number of accounts opened recently,True,0.75,Number of accounts opened recently; Type of residence; Number of recent inquiries on credit bureau report; Number of bankcard accounts near their credit limit,Number of accounts opened recently; Number of recent inquiries on credit bureau report; Type of residence; Unable to verify income
1952134,0.3346,Amount of revolving credit available,Amount of revolving credit available,True,0.75,Amount of revolving credit available; Type of residence; Excessive obligations in relation to income; Income insufficient for amount of credit requested,Amount of revolving credit available; Unable to verify income; Income insufficient for amount of credit requested; Excessive obligations in relation to income
132139,0.5795,Number of recent inquiries on credit bureau report,Number of accounts opened recently,False,0.75,Number of recent inquiries on credit bureau report; Number of accounts opened recently; Recency of inquiries on credit bureau report; Amount of revolving credit available,Number of accounts opened recently; Number of recent inquiries on credit bureau report; Amount of credit requested; Recency of inquiries on credit bureau report
2201608,0.4133,Number of accounts opened recently,Number of accounts opened recently,True,0.75,Number of accounts opened recently; Excessive obligations in relation to income; Type of residence; Total balances on credit obligations,Number of accounts opened recently; Excessive obligations in relation to income; Type of residence; Amount of credit requested
1863382,0.3873,Income insufficient for amount of credit requested,Income insufficient for amount of credit requested,True,1.0,Income insufficient for amount of credit requested; Number of recent inquiries on credit bureau report; Proportion of available revolving credit currently in use; Number of bankcard accounts near their credit limit,Income insufficient for amount of credit requested; Number of recent inquiries on credit bureau report; Proportion of available revolving credit currently in use; Number of bankcard accounts near their credit limit
850176,0.3186,Income insufficient for amount of credit requested,Number of accounts opened recently,False,0.75,Income insufficient for amount of credit requested; Amount of credit requested; Number of accounts opened recently; Excessive obligations in relation to income,Number of accounts opened recently; Income insufficient for amount of credit requested; Excessive obligations in relation to income; Number of bankcard accounts near their credit limit
1219906,0.3688,Number of recent inquiries on credit bureau report,Recency of inquiries on credit bureau report,False,0.75,Number of recent inquiries on credit bureau report; Proportion of available bankcard credit currently in use; Recency of inquiries on credit bureau report; Amount of credit requested,Recency of inquiries on credit bureau report; Number of recent inquiries on credit bureau report; Proportion of available bankcard credit currently in use; Type of residence
650723,0.3255,Excessive obligations in relation to income,Excessive obligations in relation to income,True,0.75,Excessive obligations in relation to income; Income insufficient for amount of credit requested; Proportion of available bankcard credit currently in use; Proportion of available revolving credit currently in use,Excessive obligations in relation to income; Income insufficient for amount of credit requested; Recency of a serious derogatory credit item; Proportion of available bankcard credit currently in use
2075669,0.3059,Income insufficient for amount of credit requested,Income insufficient for amount of credit requested,True,1.0,Income insufficient for amount of credit requested; Type of residence; Amount of credit requested; Number of accounts opened recently,Income insufficient for amount of credit requested; Number of accounts opened recently; Type of residence; Amount of credit requested
324110,0.3016,Number of bankcard accounts near their credit limit,Proportion of available revolving credit currently in use,False,1.0,Number of bankcard accounts near their credit limit; Proportion of available revolving credit currently in use; Recency of inquiries on credit bureau report; Type of residence,Proportion of available revolving credit currently in use; Recency of inquiries on credit bureau report; Number of bankcard accounts near their credit limit; Type of residence
231677,0.3141,Amount of credit requested,Recency of delinquency on credit obligations,False,0.75,Amount of credit requested; Number of bankcard accounts near their credit limit; Proportion of available revolving credit currently in use; Recency of delinquency on credit obligations,Recency of delinquency on credit obligations; Proportion of available revolving credit currently in use; Number of bankcard accounts near their credit limit; Amount of revolving credit available
295466,0.3386,Income insufficient for amount of credit requested,Income insufficient for amount of credit requested,True,1.0,Income insufficient for amount of credit requested; Number of bankcard accounts near their credit limit; Proportion of available revolving credit currently in use; Amount of credit requested,Income insufficient for amount of credit requested; Number of bankcard accounts near their credit limit; Proportion of available revolving credit currently in use; Amount of credit requested
1068166,0.3511,Number of accounts opened recently,Number of accounts opened recently,True,1.0,Number of accounts opened recently; Excessive obligations in relation to income; Number of bankcard accounts near their credit limit; Proportion of available revolving credit currently in use,Number of accounts opened recently; Excessive obligations in relation to income; Number of bankcard accounts near their credit limit; Proportion of available revolving credit currently in use
1935123,0.3294,Amount of credit requested,Amount of credit requested,True,0.75,Amount of credit requested; Proportion of available bankcard credit currently in use; Number of recent inquiries on credit bureau report; Proportion of available revolving credit currently in use,Amount of credit requested; Number of recent inquiries on credit bureau report; Unable to verify income; Proportion of available bankcard credit currently in use
1154128,0.3018,Type of residence,Type of residence,True,0.75,Type of residence; Amount of revolving credit available; Number of bankcard accounts near their credit limit; Unable to verify income,Type of residence; Number of bankcard accounts near their credit limit; Amount of revolving credit available; Number of accounts opened recently
823167,0.3022,Amount of credit requested,Amount of revolving credit available,False,1.0,Amount of credit requested; Amount of revolving credit available; Type of residence; Income insufficient for amount of credit requested,Amount of revolving credit available; Type of residence; Amount of credit requested; Income insufficient for amount of credit requested
832121,0.4538,Number of accounts opened recently,Number of accounts opened recently,True,0.75,Number of accounts opened recently; Type of residence; Excessive obligations in relation to income; Amount of credit requested,Number of accounts opened recently; Amount of credit requested; Type of residence; Income insufficient for amount of credit requested
1957907,0.4028,Number of accounts opened recently,Number of accounts opened recently,True,0.75,Number of accounts opened recently; Number of recent inquiries on credit bureau report; Excessive obligations in relation to income; Amount of credit requested,Number of accounts opened recently; Number of recent inquiries on credit bureau report; Excessive obligations in relation to income; Unable to verify income
100831,0.4202,Number of accounts opened recently,Number of accounts opened recently,True,1.0,Number of accounts opened recently; Number of recent inquiries on credit bureau report; Recency of inquiries on credit bureau report; Amount of revolving credit available,Number of accounts opened recently; Number of recent inquiries on credit bureau report; Recency of inquiries on credit bureau report; Amount of revolving credit available
1218287,0.3244,Income insufficient for amount of credit requested,Income insufficient for amount of credit requested,True,0.5,Income insufficient for amount of credit requested; Number of bankcard accounts near their credit limit; Excessive obligations in relation to income; Recency of delinquency on credit obligations,Income insufficient for amount of credit requested; Number of bankcard accounts near their credit limit; Recency of a serious derogatory credit item; Unable to verify income
1666152,0.5001,Recency of inquiries on credit bureau report,Recency of inquiries on credit bureau report,True,0.75,Recency of inquiries on credit bureau report; Number of accounts opened recently; Proportion of available bankcard credit currently in use; Type of residence,Recency of inquiries on credit bureau report; Number of accounts opened recently; Amount of credit requested; Proportion of available bankcard credit currently in use
1116072,0.3764,Purpose of the credit requested,Purpose of the credit requested,True,0.75,Purpose of the credit requested; Type of residence; Number of recent inquiries on credit bureau report; Amount of revolving credit available,Purpose of the credit requested; Amount of credit requested; Type of residence; Amount of revolving credit available
1020215,0.3061,Income insufficient for amount of credit requested,Income insufficient for amount of credit requested,True,0.75,Income insufficient for amount of credit requested; Amount of revolving credit available; Number of accounts opened recently; Proportion of available bankcard credit currently in use,Income insufficient for amount of credit requested; Number of accounts opened recently; Amount of revolving credit available; Recency of a serious derogatory credit item
497327,0.3012,Number of accounts opened recently,Number of accounts opened recently,True,1.0,Number of accounts opened recently; Excessive obligations in relation to income; Recency of inquiries on credit bureau report; Number of recent inquiries on credit bureau report,Number of accounts opened recently; Recency of inquiries on credit bureau report; Excessive obligations in relation to income; Number of recent inquiries on credit bureau report
300092,0.301,Number of accounts opened recently,Number of accounts opened recently,True,1.0,Number of accounts opened recently; Type of residence; Recency of inquiries on credit bureau report; Amount of credit requested,Number of accounts opened recently; Amount of credit requested; Recency of inquiries on credit bureau report; Type of residence
1838245,0.3703,Number of accounts opened recently,Number of accounts opened recently,True,0.75,Number of accounts opened recently; Number of bankcard accounts near their credit limit; Recency of a serious derogatory credit item; Number of recent inquiries on credit bureau report,Number of accounts opened recently; Recency of a serious derogatory credit item; Unable to verify income; Number of bankcard accounts near their credit limit
1064924,0.3859,Excessive obligations in relation to income,Excessive obligations in relation to income,True,1.0,Excessive obligations in relation to income; Proportion of available bankcard credit currently in use; Income insufficient for amount of credit requested; Number of bankcard accounts near their credit limit,Excessive obligations in relation to income; Proportion of available bankcard credit currently in use; Number of bankcard accounts near their credit limit; Income insufficient for amount of credit requested
202999,0.32,Number of bankcard accounts near their credit limit,Number of accounts opened recently,False,0.75,Number of bankcard accounts near their credit limit; Proportion of available bankcard credit currently in use; Type of residence; Proportion of available revolving credit currently in use,Number of accounts opened recently; Proportion of available revolving credit currently in use; Number of bankcard accounts near their credit limit; Proportion of available bankcard credit currently in use
539169,0.4137,Number of accounts opened recently,Number of accounts opened recently,True,1.0,Number of accounts opened recently; Number of recent inquiries on credit bureau report; Recency of inquiries on credit bureau report; Amount of credit requested,Number of accounts opened recently; Number of recent inquiries on credit bureau report; Recency of inquiries on credit bureau report; Amount of credit requested
1550681,0.3976,Number of accounts opened recently,Number of accounts opened recently,True,0.75,Number of accounts opened recently; Type of residence; Recency of inquiries on credit bureau report; Proportion of available bankcard credit currently in use,Number of accounts opened recently; Recency of inquiries on credit bureau report; Type of residence; Amount of revolving credit available
589562,0.3184,Number of accounts opened recently,Number of accounts opened recently,True,0.75,Number of accounts opened recently; Type of residence; Number of bankcard accounts near their credit limit; Amount of revolving credit available,Number of accounts opened recently; Number of bankcard accounts near their credit limit; Type of residence; Unable to verify income
334813,0.3954,Number of accounts opened recently,Number of accounts opened recently,True,1.0,Number of accounts opened recently; Income insufficient for amount of credit requested; Type of residence; Amount of revolving credit available,Number of accounts opened recently; Income insufficient for amount of credit requested; Type of residence; Amount of revolving credit available
553469,0.3142,Proportion of available bankcard credit currently in use,Proportion of available bankcard credit currently in use,True,0.25,Proportion of available bankcard credit currently in use; Income insufficient for amount of credit requested; Type of residence; Excessive obligations in relation to income,Proportion of available bankcard credit currently in use; Number of accounts opened recently; Unable to verify income; Amount of revolving credit available
417505,0.3605,Number of accounts opened recently,Number of accounts opened recently,True,1.0,Number of accounts opened recently; Excessive obligations in relation to income; Type of residence; Number of recent inquiries on credit bureau report,Number of accounts opened recently; Excessive obligations in relation to income; Type of residence; Number of recent inquiries on credit bureau report
156790,0.3074,Proportion of available bankcard credit currently in use,Proportion of available bankcard credit currently in use,True,0.75,Proportion of available bankcard credit currently in use; Number of accounts opened recently; Proportion of available revolving credit currently in use; Number of bankcard accounts near their credit limit,Proportion of available bankcard credit currently in use; Number of accounts opened recently; Amount of credit requested; Proportion of available revolving credit currently in use
149357,0.6577,Number of accounts opened recently,Number of accounts opened recently,True,0.75,Number of accounts opened recently; Number of recent inquiries on credit bureau report; Recency of inquiries on credit bureau report; Amount of credit requested,Number of accounts opened recently; Number of recent inquiries on credit bureau report; Amount of credit requested; Income insufficient for amount of credit requested
944090,0.3529,Income insufficient for amount of credit requested,Income insufficient for amount of credit requested,True,1.0,Income insufficient for amount of credit requested; Excessive obligations in relation to income; Number of bankcard accounts near their credit limit; Recency of inquiries on credit bureau report,Income insufficient for amount of credit requested; Excessive obligations in relation to income; Number of bankcard accounts near their credit limit; Recency of inquiries on credit bureau report
2192416,0.4108,Number of accounts opened recently,Number of accounts opened recently,True,0.75,Number of accounts opened recently; Amount of credit requested; Type of residence; Income insufficient for amount of credit requested,Number of accounts opened recently; Amount of credit requested; Type of residence; Amount of revolving credit available
652921,0.4339,Number of accounts opened recently,Number of accounts opened recently,True,0.75,Number of accounts opened recently; Recency of inquiries on credit bureau report; Excessive obligations in relation to income; Amount of revolving credit available,Number of accounts opened recently; Recency of inquiries on credit bureau report; Unable to verify income; Amount of revolving credit available
636594,0.3212,Amount of credit requested,Recency of inquiries on credit bureau report,False,0.5,Amount of credit requested; Delinquent past or present credit obligations with others; Recency of inquiries on credit bureau report; Type of residence,Recency of inquiries on credit bureau report; Delinquent past or present credit obligations with others; Amount of revolving credit available; Purpose of the credit requested
74544,0.4239,Excessive obligations in relation to income,Excessive obligations in relation to income,True,1.0,Excessive obligations in relation to income; Number of bankcard accounts near their credit limit; Proportion of available revolving credit currently in use; Amount of credit requested,Excessive obligations in relation to income; Number of bankcard accounts near their credit limit; Proportion of available revolving credit currently in use; Amount of credit requested
961872,0.4539,Number of accounts opened recently,Number of accounts opened recently,True,1.0,Number of accounts opened recently; Recency of inquiries on credit bureau report; Number of recent inquiries on credit bureau report; Number of bankcard accounts near their credit limit,Number of accounts opened recently; Recency of inquiries on credit bureau report; Number of bankcard accounts near their credit limit; Number of recent inquiries on credit bureau report
1050646,0.3149,Excessive obligations in relation to income,Number of accounts opened recently,False,1.0,Excessive obligations in relation to income; Number of accounts opened recently; Number of bankcard accounts near their credit limit; Income insufficient for amount of credit requested,Number of accounts opened recently; Excessive obligations in relation to income; Number of bankcard accounts near their credit limit; Income insufficient for amount of credit requested
411078,0.4163,Number of accounts opened recently,Number of accounts opened recently,True,0.75,Number of accounts opened recently; Proportion of available bankcard credit currently in use; Type of residence; Amount of credit requested,Number of accounts opened recently; Amount of credit requested; Unable to verify income; Type of residence
1157065,0.4667,Excessive obligations in relation to income,Number of accounts opened recently,False,0.75,Excessive obligations in relation to income; Number of accounts opened recently; Number of bankcard accounts near their credit limit; Type of residence,Number of accounts opened recently; Excessive obligations in relation to income; Number of bankcard accounts near their credit limit; Unable to verify income
97630,0.3512,Excessive obligations in relation to income,Number of accounts opened recently,False,1.0,Excessive obligations in relation to income; Number of accounts opened recently; Recency of inquiries on credit bureau report; Income insufficient for amount of credit requested,Number of accounts opened recently; Excessive obligations in relation to income; Recency of inquiries on credit bureau report; Income insufficient for amount of credit requested
1040984,0.348,Excessive obligations in relation to income,Excessive obligations in relation to income,True,0.75,Excessive obligations in relation to income; Purpose of the credit requested; Number of accounts opened recently; Income insufficient for amount of credit requested,Excessive obligations in relation to income; Purpose of the credit requested; Number of accounts opened recently; Number of bankcard accounts near their credit limit
1256020,0.4644,Number of accounts opened recently,Number of accounts opened recently,True,1.0,Number of accounts opened recently; Recency of delinquency on credit obligations; Delinquent past or present credit obligations with others; Purpose of the credit requested,Number of accounts opened recently; Recency of delinquency on credit obligations; Delinquent past or present credit obligations with others; Purpose of the credit requested
1242928,0.3597,Amount of credit requested,Number of accounts opened recently,False,0.75,Amount of credit requested; Number of accounts opened recently; Type of residence; Excessive obligations in relation to income,Number of accounts opened recently; Amount of credit requested; Type of residence; Income insufficient for amount of credit requested
1737721,0.4934,Income insufficient for amount of credit requested,Number of accounts opened recently,False,0.75,Income insufficient for amount of credit requested; Number of accounts opened recently; Recency of inquiries on credit bureau report; Amount of revolving credit available,Number of accounts opened recently; Proportion of available revolving credit currently in use; Recency of inquiries on credit bureau report; Amount of revolving credit available
1762537,0.3862,Proportion of available bankcard credit currently in use,Proportion of available bankcard credit currently in use,True,0.75,Proportion of available bankcard credit currently in use; Number of bankcard accounts near their credit limit; Amount of revolving credit available; Income insufficient for amount of credit requested,Proportion of available bankcard credit currently in use; Number of bankcard accounts near their credit limit; Income insufficient for amount of credit requested; Number of accounts opened recently
18962,0.3721,Excessive obligations in relation to income,Number of accounts opened recently,False,1.0,Excessive obligations in relation to income; Number of accounts opened recently; Recency of inquiries on credit bureau report; Number of bankcard accounts near their credit limit,Number of accounts opened recently; Excessive obligations in relation to income; Recency of inquiries on credit bureau report; Number of bankcard accounts near their credit limit
623745,0.3041,Number of accounts opened recently,Number of accounts opened recently,True,1.0,Number of accounts opened recently; Number of recent inquiries on credit bureau report; Purpose of the credit requested; Recency of inquiries on credit bureau report,Number of accounts opened recently; Purpose of the credit requested; Number of recent inquiries on credit bureau report; Recency of inquiries on credit bureau report
130058,0.3128,Number of accounts opened recently,Number of accounts opened recently,True,1.0,Number of accounts opened recently; Excessive obligations in relation to income; Income insufficient for amount of credit requested; Number of bankcard accounts near their credit limit,Number of accounts opened recently; Income insufficient for amount of credit requested; Number of bankcard accounts near their credit limit; Excessive obligations in relation to income
1749418,0.3058,Number of recent inquiries on credit bureau report,Number of recent inquiries on credit bureau report,True,1.0,Number of recent inquiries on credit bureau report; Number of accounts opened recently; Type of residence; Amount of revolving credit available,Number of recent inquiries on credit bureau report; Number of accounts opened recently; Type of residence; Amount of revolving credit available
1056859,0.3695,Number of accounts opened recently,Number of accounts opened recently,True,1.0,Number of accounts opened recently; Excessive obligations in relation to income; Recency of inquiries on credit bureau report; Number of recent inquiries on credit bureau report,Number of accounts opened recently; Excessive obligations in relation to income; Recency of inquiries on credit bureau report; Number of recent inquiries on credit bureau report
1608333,0.4395,Number of accounts opened recently,Number of accounts opened recently,True,0.75,Number of accounts opened recently; Excessive obligations in relation to income; Income insufficient for amount of credit requested; Number of bankcard accounts near their credit limit,Number of accounts opened recently; Income insufficient for amount of credit requested; Excessive obligations in relation to income; Unable to verify income
1871000,0.3305,Number of accounts opened recently,Number of accounts opened recently,True,0.75,Number of accounts opened recently; Number of bankcard accounts near their credit limit; Income insufficient for amount of credit requested; Excessive obligations in relation to income,Number of accounts opened recently; Number of bankcard accounts near their credit limit; Proportion of available revolving credit currently in use; Income insufficient for amount of credit requested
1935258,0.3096,Purpose of the credit requested,Purpose of the credit requested,True,0.75,Purpose of the credit requested; Proportion of available revolving credit currently in use; Amount of credit requested; Excessive obligations in relation to income,Purpose of the credit requested; Amount of credit requested; Proportion of available revolving credit currently in use; Unable to verify income
1440198,0.35,Purpose of the credit requested,Purpose of the credit requested,True,0.75,Purpose of the credit requested; Recency of inquiries on credit bureau report; Income insufficient for amount of credit requested; Proportion of available bankcard credit currently in use,Purpose of the credit requested; Recency of inquiries on credit bureau report; Number of accounts opened recently; Income insufficient for amount of credit requested
744933,0.3118,Excessive obligations in relation to income,Excessive obligations in relation to income,True,0.75,Excessive obligations in relation to income; Number of bankcard accounts near their credit limit; Income insufficient for amount of credit requested; Type of residence,Excessive obligations in relation to income; Number of bankcard accounts near their credit limit; Amount of credit requested; Type of residence
125685,0.3062,Number of recent inquiries on credit bureau report,Recency of inquiries on credit bureau report,False,0.75,Number of recent inquiries on credit bureau report; Recency of inquiries on credit bureau report; Number of bankcard accounts near their credit limit; Proportion of available revolving credit currently in use,Recency of inquiries on credit bureau report; Amount of credit requested; Number of recent inquiries on credit bureau report; Number of bankcard accounts near their credit limit
561609,0.3337,Excessive obligations in relation to income,Number of accounts opened recently,False,1.0,Excessive obligations in relation to income; Number of bankcard accounts near their credit limit; Number of accounts opened recently; Proportion of available revolving credit currently in use,Number of accounts opened recently; Proportion of available revolving credit currently in use; Excessive obligations in relation to income; Number of bankcard accounts near their credit limit
1288115,0.3148,Income insufficient for amount of credit requested,Income insufficient for amount of credit requested,True,0.75,Income insufficient for amount of credit requested; Number of recent inquiries on credit bureau report; Recency of inquiries on credit bureau report; Number of bankcard accounts near their credit limit,Income insufficient for amount of credit requested; Number of recent inquiries on credit bureau report; Recency of inquiries on credit bureau report; Number of accounts opened recently
1921191,0.6078,Income insufficient for amount of credit requested,Recency of inquiries on credit bureau report,False,1.0,Income insufficient for amount of credit requested; Recency of inquiries on credit bureau report; Amount of credit requested; Number of accounts opened recently,Recency of inquiries on credit bureau report; Number of accounts opened recently; Income insufficient for amount of credit requested; Amount of credit requested
1003186,0.3403,Amount of credit requested,Amount of credit requested,True,0.75,Amount of credit requested; Income insufficient for amount of credit requested; Unable to verify income; Excessive obligations in relation to income,Amount of credit requested; Income insufficient for amount of credit requested; Unable to verify income; Number of bankcard accounts near their credit limit
1142786,0.4014,Income insufficient for amount of credit requested,Income insufficient for amount of credit requested,True,1.0,Income insufficient for amount of credit requested; Number of bankcard accounts near their credit limit; Type of residence; Proportion of available revolving credit currently in use,Income insufficient for amount of credit requested; Number of bankcard accounts near their credit limit; Type of residence; Proportion of available revolving credit currently in use
138512,0.4017,Number of accounts opened recently,Number of accounts opened recently,True,1.0,Number of accounts opened recently; Type of residence; Number of bankcard accounts near their credit limit; Amount of revolving credit available,Number of accounts opened recently; Type of residence; Amount of revolving credit available; Number of bankcard accounts near their credit limit
2170648,0.3612,Number of accounts opened recently,Number of accounts opened recently,True,0.75,Number of accounts opened recently; Number of recent inquiries on credit bureau report; Excessive obligations in relation to income; Number of bankcard accounts near their credit limit,Number of accounts opened recently; Number of recent inquiries on credit bureau report; Excessive obligations in relation to income; Recency of inquiries on credit bureau report
1019123,0.34,Excessive obligations in relation to income,Excessive obligations in relation to income,True,0.75,Excessive obligations in relation to income; Income insufficient for amount of credit requested; Amount of revolving credit available; Payment history on credit obligations,Excessive obligations in relation to income; Income insufficient for amount of credit requested; Amount of revolving credit available; Number of accounts opened recently
1092177,0.3027,Proportion of available revolving credit currently in use,Proportion of available revolving credit currently in use,True,0.75,Proportion of available revolving credit currently in use; Excessive obligations in relation to income; Type of residence; Number of bankcard accounts near their credit limit,Proportion of available revolving credit currently in use; Number of accounts opened recently; Excessive obligations in relation to income; Type of residence
2133577,0.469,Number of accounts opened recently,Number of accounts opened recently,True,0.75,Number of accounts opened recently; Recency of inquiries on credit bureau report; Type of residence; Purpose of the credit requested,Number of accounts opened recently; Purpose of the credit requested; Recency of inquiries on credit bureau report; Income insufficient for amount of credit requested
170309,0.4002,Number of accounts opened recently,Number of accounts opened recently,True,0.75,Number of accounts opened recently; Number of recent inquiries on credit bureau report; Amount of credit requested; Income insufficient for amount of credit requested,Number of accounts opened recently; Number of recent inquiries on credit bureau report; Income insufficient for amount of credit requested; Unable to verify income
2029559,0.3544,Income insufficient for amount of credit requested,Number of accounts opened recently,False,0.75,Income insufficient for amount of credit requested; Number of accounts opened recently; Number of bankcard accounts near their credit limit; Excessive obligations in relation to income,Number of accounts opened recently; Income insufficient for amount of credit requested; Number of bankcard accounts near their credit limit; Proportion of available revolving credit currently in use
1106036,0.3126,Number of accounts opened recently,Number of accounts opened recently,True,0.75,Number of accounts opened recently; Amount of credit requested; Recency of inquiries on credit bureau report; Excessive obligations in relation to income,Number of accounts opened recently; Recency of inquiries on credit bureau report; Amount of credit requested; Number of recent inquiries on credit bureau report
228433,0.5083,Number of accounts opened recently,Number of accounts opened recently,True,0.75,Number of accounts opened recently; Amount of credit requested; Excessive obligations in relation to income; Number of bankcard accounts near their credit limit,Number of accounts opened recently; Amount of credit requested; Income insufficient for amount of credit requested; Number of bankcard accounts near their credit limit
365970,0.3574,Proportion of available bankcard credit currently in use,Proportion of available bankcard credit currently in use,True,1.0,Proportion of available bankcard credit currently in use; Recency of inquiries on credit bureau report; Proportion of available revolving credit currently in use; Number of bankcard accounts near their credit limit,Proportion of available bankcard credit currently in use; Recency of inquiries on credit bureau report; Proportion of available revolving credit currently in use; Number of bankcard accounts near their credit limit
665121,0.3926,Number of accounts opened recently,Number of accounts opened recently,True,1.0,Number of accounts opened recently; Number of recent inquiries on credit bureau report; Recency of inquiries on credit bureau report; Number of bankcard accounts near their credit limit,Number of accounts opened recently; Number of recent inquiries on credit bureau report; Recency of inquiries on credit bureau report; Number of bankcard accounts near their credit limit
1080777,0.4745,Type of residence,Amount of revolving credit available,False,0.75,Type of residence; Amount of revolving credit available; Number of bankcard accounts near their credit limit; Number of accounts opened recently,Amount of revolving credit available; Type of residence; Number of accounts opened recently; Proportion of available revolving credit currently in use
408310,0.4936,Number of accounts opened recently,Number of accounts opened recently,True,1.0,Number of accounts opened recently; Income insufficient for amount of credit requested; Excessive obligations in relation to income; Number of bankcard accounts near their credit limit,Number of accounts opened recently; Income insufficient for amount of credit requested; Number of bankcard accounts near their credit limit; Excessive obligations in relation to income
1783237,0.3767,Income insufficient for amount of credit requested,Income insufficient for amount of credit requested,True,1.0,Income insufficient for amount of credit requested; Type of residence; Number of recent inquiries on credit bureau report; Number of bankcard accounts near their credit limit,Income insufficient for amount of credit requested; Number of recent inquiries on credit bureau report; Type of residence; Number of bankcard accounts near their credit limit
209033,0.3386,Number of accounts opened recently,Number of accounts opened recently,True,0.5,Number of accounts opened recently; Excessive obligations in relation to income; Number of bankcard accounts near their credit limit; Amount of credit requested,Number of accounts opened recently; Number of bankcard accounts near their credit limit; Payment history on credit obligations; Unable to verify income
505596,0.3575,Purpose of the credit requested,Purpose of the credit requested,True,0.75,Purpose of the credit requested; Number of bankcard accounts near their credit limit; Income insufficient for amount of credit requested; Proportion of available revolving credit currently in use,Purpose of the credit requested; Number of bankcard accounts near their credit limit; Income insufficient for amount of credit requested; Number of accounts opened recently
546906,0.3178,Excessive obligations in relation to income,Purpose of the credit requested,False,1.0,Excessive obligations in relation to income; Purpose of the credit requested; Type of residence; Number of bankcard accounts near their credit limit,Purpose of the credit requested; Excessive obligations in relation to income; Type of residence; Number of bankcard accounts near their credit limit
1888330,0.3188,Income insufficient for amount of credit requested,Income insufficient for amount of credit requested,True,1.0,Income insufficient for amount of credit requested; Excessive obligations in relation to income; Number of bankcard accounts near their credit limit; Number of recent inquiries on credit bureau report,Income insufficient for amount of credit requested; Excessive obligations in relation to income; Number of bankcard accounts near their credit limit; Number of recent inquiries on credit bureau report
1322932,0.5121,Number of accounts opened recently,Number of accounts opened recently,True,1.0,Number of accounts opened recently; Income insufficient for amount of credit requested; Excessive obligations in relation to income; Type of residence,Number of accounts opened recently; Income insufficient for amount of credit requested; Excessive obligations in relation to income; Type of residence
513777,0.3046,Income insufficient for amount of credit requested,Income insufficient for amount of credit requested,True,1.0,Income insufficient for amount of credit requested; Excessive obligations in relation to income; Number of accounts opened recently; Number of bankcard accounts near their credit limit,Income insufficient for amount of credit requested; Number of accounts opened recently; Excessive obligations in relation to income; Number of bankcard accounts near their credit limit
1502107,0.3124,Recency of inquiries on credit bureau report,Recency of inquiries on credit bureau report,True,0.75,Recency of inquiries on credit bureau report; Number of bankcard accounts near their credit limit; Type of residence; Excessive obligations in relation to income,Recency of inquiries on credit bureau report; Number of accounts opened recently; Number of bankcard accounts near their credit limit; Type of residence
1510867,0.4262,Income insufficient for amount of credit requested,Income insufficient for amount of credit requested,True,1.0,Income insufficient for amount of credit requested; Amount of revolving credit available; Number of accounts opened recently; Unable to verify income,Income insufficient for amount of credit requested; Number of accounts opened recently; Amount of revolving credit available; Unable to verify income
2234043,0.3866,Income insufficient for amount of credit requested,Income insufficient for amount of credit requested,True,1.0,Income insufficient for amount of credit requested; Number of accounts opened recently; Recency of inquiries on credit bureau report; Unable to verify income,Income insufficient for amount of credit requested; Number of accounts opened recently; Recency of inquiries on credit bureau report; Unable to verify income
56930,0.3378,Excessive obligations in relation to income,Recency of inquiries on credit bureau report,False,1.0,Excessive obligations in relation to income; Income insufficient for amount of credit requested; Recency of inquiries on credit bureau report; Number of bankcard accounts near their credit limit,Recency of inquiries on credit bureau report; Excessive obligations in relation to income; Income insufficient for amount of credit requested; Number of bankcard accounts near their credit limit
1322455,0.411,Number of bankcard accounts near their credit limit,Number of accounts opened recently,False,0.75,Number of bankcard accounts near their credit limit; Number of accounts opened recently; Income insufficient for amount of credit requested; Total balances on credit obligations,Number of accounts opened recently; Number of bankcard accounts near their credit limit; Unable to verify income; Income insufficient for amount of credit requested
1410580,0.3538,Recency of inquiries on credit bureau report,Recency of inquiries on credit bureau report,True,1.0,Recency of inquiries on credit bureau report; Number of bankcard accounts near their credit limit; Number of recent inquiries on credit bureau report; Number of accounts opened recently,Recency of inquiries on credit bureau report; Number of accounts opened recently; Number of bankcard accounts near their credit limit; Number of recent inquiries on credit bureau report
1390424,0.3565,Recency of inquiries on credit bureau report,Recency of inquiries on credit bureau report,True,0.75,Recency of inquiries on credit bureau report; Proportion of available bankcard credit currently in use; Amount of credit requested; Purpose of the credit requested,Recency of inquiries on credit bureau report; Amount of credit requested; Purpose of the credit requested; Amount of revolving credit available
1368592,0.3345,Income insufficient for amount of credit requested,Income insufficient for amount of credit requested,True,1.0,Income insufficient for amount of credit requested; Excessive obligations in relation to income; Number of bankcard accounts near their credit limit; Proportion of available revolving credit currently in use,Income insufficient for amount of credit requested; Number of bankcard accounts near their credit limit; Excessive obligations in relation to income; Proportion of available revolving credit currently in use
183202,0.5752,Number of accounts opened recently,Number of accounts opened recently,True,1.0,Number of accounts opened recently; Number of recent inquiries on credit bureau report; Recency of inquiries on credit bureau report; Type of residence,Number of accounts opened recently; Number of recent inquiries on credit bureau report; Recency of inquiries on credit bureau report; Type of residence
1762151,0.3723,Amount of credit requested,Recency of inquiries on credit bureau report,False,0.75,Amount of credit requested; Recency of inquiries on credit bureau report; Number of bankcard accounts near their credit limit; Number of accounts opened recently,Recency of inquiries on credit bureau report; Number of accounts opened recently; Number of bankcard accounts near their credit limit; Amount of revolving credit available
944806,0.3545,Number of accounts opened recently,Number of accounts opened recently,True,1.0,Number of accounts opened recently; Purpose of the credit requested; Number of bankcard accounts near their credit limit; Type of residence,Number of accounts opened recently; Purpose of the credit requested; Type of residence; Number of bankcard accounts near their credit limit
2181200,0.3192,Excessive obligations in relation to income,Number of accounts opened recently,False,1.0,Excessive obligations in relation to income; Number of accounts opened recently; Number of bankcard accounts near their credit limit; Type of residence,Number of accounts opened recently; Excessive obligations in relation to income; Number of bankcard accounts near their credit limit; Type of residence
74583,0.4791,Number of recent inquiries on credit bureau report,Number of accounts opened recently,False,1.0,Number of recent inquiries on credit bureau report; Number of accounts opened recently; Recency of inquiries on credit bureau report; Income insufficient for amount of credit requested,Number of accounts opened recently; Number of recent inquiries on credit bureau report; Recency of inquiries on credit bureau report; Income insufficient for amount of credit requested
843978,0.3004,Number of bankcard accounts near their credit limit,Number of accounts opened recently,False,0.75,Number of bankcard accounts near their credit limit; Number of accounts opened recently; Type of residence; Income insufficient for amount of credit requested,Number of accounts opened recently; Number of bankcard accounts near their credit limit; Type of residence; Payment history on credit obligations
1192744,0.5664,Excessive obligations in relation to income,Number of accounts opened recently,False,1.0,Excessive obligations in relation to income; Number of accounts opened recently; Type of residence; Unable to verify income,Number of accounts opened recently; Excessive obligations in relation to income; Type of residence; Unable to verify income
1182714,0.3043,Excessive obligations in relation to income,Excessive obligations in relation to income,True,0.75,Excessive obligations in relation to income; Number of bankcard accounts near their credit limit; Type of residence; Income insufficient for amount of credit requested,Excessive obligations in relation to income; Number of bankcard accounts near their credit limit; Number of accounts opened recently; Type of residence
1399083,0.365,Number of accounts opened recently,Number of accounts opened recently,True,1.0,Number of accounts opened recently; Number of bankcard accounts near their credit limit; Recency of inquiries on credit bureau report; Proportion of available revolving credit currently in use,Number of accounts opened recently; Recency of inquiries on credit bureau report; Number of bankcard accounts near their credit limit; Proportion of available revolving credit currently in use
193670,0.3628,Proportion of available bankcard credit currently in use,Recency of delinquency on credit obligations,False,0.75,Proportion of available bankcard credit currently in use; Recency of delinquency on credit obligations; Income insufficient for amount of credit requested; Type of residence,Recency of delinquency on credit obligations; Proportion of available bankcard credit currently in use; Income insufficient for amount of credit requested; Amount of credit requested
89882,0.3253,Proportion of available revolving credit currently in use,Amount of credit requested,False,1.0,Proportion of available revolving credit currently in use; Type of residence; Amount of credit requested; Number of accounts opened recently,Amount of credit requested; Number of accounts opened recently; Proportion of available revolving credit currently in use; Type of residence
18234,0.4313,Income insufficient for amount of credit requested,Income insufficient for amount of credit requested,True,0.75,Income insufficient for amount of credit requested; Amount of credit requested; Number of bankcard accounts near their credit limit; Type of residence,Income insufficient for amount of credit requested; Number of accounts opened recently; Number of bankcard accounts near their credit limit; Type of residence
1124897,0.3726,Number of accounts opened recently,Number of accounts opened recently,True,1.0,Number of accounts opened recently; Number of recent inquiries on credit bureau report; Recency of inquiries on credit bureau report; Number of bankcard accounts near their credit limit,Number of accounts opened recently; Number of recent inquiries on credit bureau report; Recency of inquiries on credit bureau report; Number of bankcard accounts near their credit limit
404832,0.3091,Number of accounts opened recently,Number of accounts opened recently,True,1.0,Number of accounts opened recently; Number of recent inquiries on credit bureau report; Recency of inquiries on credit bureau report; Number of bankcard accounts near their credit limit,Number of accounts opened recently; Number of recent inquiries on credit bureau report; Recency of inquiries on credit bureau report; Number of bankcard accounts near their credit limit
300169,0.3036,Recency of delinquency on credit obligations,Recency of delinquency on credit obligations,True,0.75,Recency of delinquency on credit obligations; Proportion of available bankcard credit currently in use; Income insufficient for amount of credit requested; Delinquent past or present credit obligations with others,Recency of delinquency on credit obligations; Income insufficient for amount of credit requested; Proportion of available bankcard credit currently in use; Amount of credit requested
75581,0.378,Excessive obligations in relation to income,Number of accounts opened recently,False,1.0,Excessive obligations in relation to income; Income insufficient for amount of credit requested; Number of accounts opened recently; Recency of inquiries on credit bureau report,Number of accounts opened recently; Excessive obligations in relation to income; Recency of inquiries on credit bureau report; Income insufficient for amount of credit requested
1182597,0.4718,Income insufficient for amount of credit requested,Income insufficient for amount of credit requested,True,1.0,Income insufficient for amount of credit requested; Type of residence; Number of bankcard accounts near their credit limit; Proportion of available revolving credit currently in use,Income insufficient for amount of credit requested; Type of residence; Proportion of available revolving credit currently in use; Number of bankcard accounts near their credit limit
552774,0.3906,Number of accounts opened recently,Number of accounts opened recently,True,0.75,Number of accounts opened recently; Recency of delinquency on credit obligations; Type of residence; Excessive obligations in relation to income,Number of accounts opened recently; Recency of delinquency on credit obligations; Recency of inquiries on credit bureau report; Excessive obligations in relation to income
1176861,0.3364,Number of accounts opened recently,Number of accounts opened recently,True,1.0,Number of accounts opened recently; Type of residence; Amount of credit requested; Number of bankcard accounts near their credit limit,Number of accounts opened recently; Type of residence; Number of bankcard accounts near their credit limit; Amount of credit requested
2203696,0.3872,Number of accounts opened recently,Number of accounts opened recently,True,1.0,Number of accounts opened recently; Amount of credit requested; Number of bankcard accounts near their credit limit; Unable to verify income,Number of accounts opened recently; Unable to verify income; Amount of credit requested; Number of bankcard accounts near their credit limit
205338,0.4247,Number of bankcard accounts near their credit limit,Proportion of available revolving credit currently in use,False,0.75,Number of bankcard accounts near their credit limit; Type of residence; Proportion of available revolving credit currently in use; Proportion of available bankcard credit currently in use,Proportion of available revolving credit currently in use; Number of bankcard accounts near their credit limit; Type of residence; Recency of inquiries on credit bureau report
1899395,0.4328,Income insufficient for amount of credit requested,Income insufficient for amount of credit requested,True,0.75,Income insufficient for amount of credit requested; Number of bankcard accounts near their credit limit; Number of accounts opened recently; Payment history on credit obligations,Income insufficient for amount of credit requested; Number of accounts opened recently; Number of bankcard accounts near their credit limit; Unable to verify income
1898562,0.4856,Amount of credit requested,Amount of credit requested,True,0.75,Amount of credit requested; Income insufficient for amount of credit requested; Type of residence; Number of recent inquiries on credit bureau report,Amount of credit requested; Income insufficient for amount of credit requested; Number of accounts opened recently; Number of recent inquiries on credit bureau report
1367680,0.3531,Number of accounts opened recently,Number of accounts opened recently,True,1.0,Number of accounts opened recently; Income insufficient for amount of credit requested; Number of bankcard accounts near their credit limit; Amount of revolving credit available,Number of accounts opened recently; Income insufficient for amount of credit requested; Number of bankcard accounts near their credit limit; Amount of revolving credit available
1965915,0.3776,Number of accounts opened recently,Number of accounts opened recently,True,1.0,Number of accounts opened recently; Type of residence; Number of recent inquiries on credit bureau report; Amount of credit requested,Number of accounts opened recently; Amount of credit requested; Number of recent inquiries on credit bureau report; Type of residence
29226,0.6063,Income insufficient for amount of credit requested,Number of accounts opened recently,False,1.0,Income insufficient for amount of credit requested; Recency of inquiries on credit bureau report; Number of accounts opened recently; Number of bankcard accounts near their credit limit,Number of accounts opened recently; Recency of inquiries on credit bureau report; Income insufficient for amount of credit requested; Number of bankcard accounts near their credit limit
1711412,0.3246,Number of accounts opened recently,Number of accounts opened recently,True,0.75,Number of accounts opened recently; Income insufficient for amount of credit requested; Type of residence; Payment history on credit obligations,Number of accounts opened recently; Type of residence; Income insufficient for amount of credit requested; Unable to verify income
1552195,0.3277,Number of accounts opened recently,Number of accounts opened recently,True,0.75,Number of accounts opened recently; Excessive obligations in relation to income; Number of bankcard accounts near their credit limit; Income insufficient for amount of credit requested,Number of accounts opened recently; Excessive obligations in relation to income; Number of bankcard accounts near their credit limit; Proportion of available revolving credit currently in use
259724,0.6124,Number of accounts opened recently,Number of accounts opened recently,True,1.0,Number of accounts opened recently; Type of residence; Number of bankcard accounts near their credit limit; Proportion of available bankcard credit currently in use,Number of accounts opened recently; Type of residence; Number of bankcard accounts near their credit limit; Proportion of available bankcard credit currently in use
931646,0.3358,Number of accounts opened recently,Number of accounts opened recently,True,0.5,Number of accounts opened recently; Proportion of available bankcard credit currently in use; Amount of credit requested; Type of residence,Number of accounts opened recently; Proportion of available bankcard credit currently in use; Unable to verify income; Recency of a serious derogatory credit item
701117,0.368,Amount of revolving credit available,Proportion of available revolving credit currently in use,False,0.75,Amount of revolving credit available; Proportion of available revolving credit currently in use; Income insufficient for amount of credit requested; Number of bankcard accounts near their credit limit,Proportion of available revolving credit currently in use; Amount of revolving credit available; Number of bankcard accounts near their credit limit; Unable to verify income
1159187,0.3356,Number of accounts opened recently,Number of accounts opened recently,True,1.0,Number of accounts opened recently; Income insufficient for amount of credit requested; Type of residence; Number of bankcard accounts near their credit limit,Number of accounts opened recently; Income insufficient for amount of credit requested; Number of bankcard accounts near their credit limit; Type of residence
34509,0.504,Number of accounts opened recently,Number of accounts opened recently,True,0.5,Number of accounts opened recently; Amount of credit requested; Amount of revolving credit available; Excessive obligations in relation to income,Number of accounts opened recently; Unable to verify income; Payment history on credit obligations; Amount of revolving credit available
1287463,0.4196,Income insufficient for amount of credit requested,Income insufficient for amount of credit requested,True,0.75,Income insufficient for amount of credit requested; Type of residence; Recency of inquiries on credit bureau report; Amount of credit requested,Income insufficient for amount of credit requested; Number of accounts opened recently; Recency of inquiries on credit bureau report; Type of residence
965430,0.4366,Number of accounts opened recently,Number of accounts opened recently,True,0.75,Number of accounts opened recently; Number of recent inquiries on credit bureau report; Recency of inquiries on credit bureau report; Excessive obligations in relation to income,Number of accounts opened recently; Number of recent inquiries on credit bureau report; Recency of inquiries on credit bureau report; Amount of credit requested
873440,0.5069,Number of recent inquiries on credit bureau report,Number of recent inquiries on credit bureau report,True,0.75,Number of recent inquiries on credit bureau report; Recency of inquiries on credit bureau report; Income insufficient for amount of credit requested; Excessive obligations in relation to income,Number of recent inquiries on credit bureau report; Income insufficient for amount of credit requested; Recency of inquiries on credit bureau report; Number of accounts opened recently
1065406,0.3854,Amount of revolving credit available,Amount of revolving credit available,True,1.0,Amount of revolving credit available; Type of residence; Number of accounts opened recently; Payment history on credit obligations,Amount of revolving credit available; Number of accounts opened recently; Type of residence; Payment history on credit obligations
449239,0.3805,Number of recent inquiries on credit bureau report,Number of recent inquiries on credit bureau report,True,0.75,Number of recent inquiries on credit bureau report; Recency of inquiries on credit bureau report; Type of residence; Income insufficient for amount of credit requested,Number of recent inquiries on credit bureau report; Recency of inquiries on credit bureau report; Type of residence; Number of bankcard accounts near their credit limit
343241,0.3315,Excessive obligations in relation to income,Excessive obligations in relation to income,True,0.75,Excessive obligations in relation to income; Number of accounts opened recently; Amount of credit requested; Income insufficient for amount of credit requested,Excessive obligations in relation to income; Number of accounts opened recently; Income insufficient for amount of credit requested; Number of bankcard accounts near their credit limit
1047335,0.3449,Number of accounts opened recently,Number of accounts opened recently,True,0.75,Number of accounts opened recently; Excessive obligations in relation to income; Type of residence; Income insufficient for amount of credit requested,Number of accounts opened recently; Excessive obligations in relation to income; Type of residence; Unable to verify income
42617,0.3814,Delinquent past or present credit obligations with others,Delinquent past or present credit obligations with others,True,0.75,Delinquent past or present credit obligations with others; Amount of revolving credit available; Proportion of available bankcard credit currently in use; Recency of delinquency on credit obligations,Delinquent past or present credit obligations with others; Amount of revolving credit available; Proportion of available bankcard credit currently in use; Purpose of the credit requested
1397289,0.3286,Number of accounts opened recently,Number of accounts opened recently,True,0.75,Number of accounts opened recently; Type of residence; Income insufficient for amount of credit requested; Proportion of available bankcard credit currently in use,Number of accounts opened recently; Type of residence; Income insufficient for amount of credit requested; Amount of revolving credit available
23786,0.3197,Amount of credit requested,Amount of credit requested,True,0.75,Amount of credit requested; Type of residence; Amount of revolving credit available; Payment history on credit obligations,Amount of credit requested; Type of residence; Amount of revolving credit available; Unable to verify income
1987552,0.6188,Number of accounts opened recently,Number of accounts opened recently,True,0.75,Number of accounts opened recently; Amount of credit requested; Income insufficient for amount of credit requested; Type of residence,Number of accounts opened recently; Amount of credit requested; Amount of revolving credit available; Income insufficient for amount of credit requested
1967211,0.4919,Number of accounts opened recently,Number of accounts opened recently,True,1.0,Number of accounts opened recently; Income insufficient for amount of credit requested; Excessive obligations in relation to income; Recency of inquiries on credit bureau report,Number of accounts opened recently; Recency of inquiries on credit bureau report; Income insufficient for amount of credit requested; Excessive obligations in relation to income
2167579,0.4441,Proportion of available bankcard credit currently in use,Amount of credit requested,False,0.75,Proportion of available bankcard credit currently in use; Amount of credit requested; Type of residence; Income insufficient for amount of credit requested,Amount of credit requested; Proportion of available bankcard credit currently in use; Number of accounts opened recently; Type of residence
1141745,0.3256,Amount of revolving credit available,Amount of revolving credit available,True,0.75,Amount of revolving credit available; Number of bankcard accounts near their credit limit; Recency of delinquency on credit obligations; Excessive obligations in relation to income,Amount of revolving credit available; Recency of delinquency on credit obligations; Number of bankcard accounts near their credit limit; Unable to verify income
1020542,0.3198,Number of accounts opened recently,Number of accounts opened recently,True,0.75,Number of accounts opened recently; Type of residence; Proportion of available bankcard credit currently in use; Income insufficient for amount of credit requested,Number of accounts opened recently; Type of residence; Income insufficient for amount of credit requested; Unable to verify income
1658984,0.4885,Number of accounts opened recently,Number of accounts opened recently,True,0.75,Number of accounts opened recently; Number of recent inquiries on credit bureau report; Income insufficient for amount of credit requested; Proportion of available bankcard credit currently in use,Number of accounts opened recently; Number of recent inquiries on credit bureau report; Income insufficient for amount of credit requested; Recency of inquiries on credit bureau report
1146983,0.3961,Excessive obligations in relation to income,Excessive obligations in relation to income,True,1.0,Excessive obligations in relation to income; Type of residence; Proportion of available revolving credit currently in use; Number of bankcard accounts near their credit limit,Excessive obligations in relation to income; Proportion of available revolving credit currently in use; Type of residence; Number of bankcard accounts near their credit limit
1556508,0.5294,Number of accounts opened recently,Number of accounts opened recently,True,0.75,Number of accounts opened recently; Recency of inquiries on credit bureau report; Number of recent inquiries on credit bureau report; Type of residence,Number of accounts opened recently; Recency of inquiries on credit bureau report; Income insufficient for amount of credit requested; Number of recent inquiries on credit bureau report
225664,0.3294,Number of accounts opened recently,Number of accounts opened recently,True,0.75,Number of accounts opened recently; Recency of delinquency on credit obligations; Delinquent past or present credit obligations with others; Amount of revolving credit available,Number of accounts opened recently; Recency of delinquency on credit obligations; Delinquent past or present credit obligations with others; Purpose of the credit requested
738585,0.6635,Number of accounts opened recently,Number of accounts opened recently,True,0.75,Number of accounts opened recently; Income insufficient for amount of credit requested; Type of residence; Excessive obligations in relation to income,Number of accounts opened recently; Income insufficient for amount of credit requested; Recency of delinquency on credit obligations; Type of residence
139845,0.3585,Number of accounts opened recently,Number of accounts opened recently,True,1.0,Number of accounts opened recently; Number of recent inquiries on credit bureau report; Recency of inquiries on credit bureau report; Number of bankcard accounts near their credit limit,Number of accounts opened recently; Number of recent inquiries on credit bureau report; Recency of inquiries on credit bureau report; Number of bankcard accounts near their credit limit
405775,0.3484,Income insufficient for amount of credit requested,Income insufficient for amount of credit requested,True,1.0,Income insufficient for amount of credit requested; Excessive obligations in relation to income; Number of bankcard accounts near their credit limit; Proportion of available bankcard credit currently in use,Income insufficient for amount of credit requested; Excessive obligations in relation to income; Number of bankcard accounts near their credit limit; Proportion of available bankcard credit currently in use
406627,0.3808,Number of accounts opened recently,Number of accounts opened recently,True,1.0,Number of accounts opened recently; Excessive obligations in relation to income; Income insufficient for amount of credit requested; Recency of inquiries on credit bureau report,Number of accounts opened recently; Excessive obligations in relation to income; Recency of inquiries on credit bureau report; Income insufficient for amount of credit requested
1512223,0.3703,Number of accounts opened recently,Number of accounts opened recently,True,1.0,Number of accounts opened recently; Excessive obligations in relation to income; Type of residence; Number of recent inquiries on credit bureau report,Number of accounts opened recently; Excessive obligations in relation to income; Type of residence; Number of recent inquiries on credit bureau report
1954962,0.3179,Type of residence,Number of accounts opened recently,False,0.75,Type of residence; Number of bankcard accounts near their credit limit; Number of accounts opened recently; Excessive obligations in relation to income,Number of accounts opened recently; Type of residence; Number of bankcard accounts near their credit limit; Unable to verify income
1916380,0.3809,Income insufficient for amount of credit requested,Income insufficient for amount of credit requested,True,0.75,Income insufficient for amount of credit requested; Excessive obligations in relation to income; Amount of credit requested; Recency of inquiries on credit bureau report,Income insufficient for amount of credit requested; Excessive obligations in relation to income; Recency of inquiries on credit bureau report; Number of accounts opened recently
150768,0.3999,Number of accounts opened recently,Number of accounts opened recently,True,1.0,Number of accounts opened recently; Number of bankcard accounts near their credit limit; Type of residence; Amount of credit requested,Number of accounts opened recently; Amount of credit requested; Type of residence; Number of bankcard accounts near their credit limit
1349525,0.3246,Income insufficient for amount of credit requested,Income insufficient for amount of credit requested,True,1.0,Income insufficient for amount of credit requested; Excessive obligations in relation to income; Number of bankcard accounts near their credit limit; Amount of credit requested,Income insufficient for amount of credit requested; Number of bankcard accounts near their credit limit; Excessive obligations in relation to income; Amount of credit requested
1813949,0.4161,Number of accounts opened recently,Number of accounts opened recently,True,0.75,Number of accounts opened recently; Amount of revolving credit available; Unable to verify income; Proportion of available bankcard credit currently in use,Number of accounts opened recently; Unable to verify income; Amount of revolving credit available; Amount of credit requested
1111464,0.6196,Number of accounts opened recently,Number of accounts opened recently,True,1.0,Number of accounts opened recently; Excessive obligations in relation to income; Purpose of the credit requested; Income insufficient for amount of credit requested,Number of accounts opened recently; Excessive obligations in relation to income; Purpose of the credit requested; Income insufficient for amount of credit requested
2234407,0.4125,Number of accounts opened recently,Number of accounts opened recently,True,0.75,Number of accounts opened recently; Proportion of available bankcard credit currently in use; Amount of revolving credit available; Recency of inquiries on credit bureau report,Number of accounts opened recently; Amount of revolving credit available; Proportion of available bankcard credit currently in use; Purpose of the credit requested
577756,0.5211,Number of accounts opened recently,Number of accounts opened recently,True,0.75,Number of accounts opened recently; Proportion of available bankcard credit currently in use; Recency of inquiries on credit bureau report; Amount of credit requested,Number of accounts opened recently; Recency of inquiries on credit bureau report; Proportion of available bankcard credit currently in use; Amount of revolving credit available
1316166,0.3219,Income insufficient for amount of credit requested,Number of accounts opened recently,False,1.0,Income insufficient for amount of credit requested; Number of accounts opened recently; Type of residence; Number of bankcard accounts near their credit limit,Number of accounts opened recently; Type of residence; Income insufficient for amount of credit requested; Number of bankcard accounts near their credit limit
1283076,0.4259,Number of accounts opened recently,Number of accounts opened recently,True,0.75,Number of accounts opened recently; Number of bankcard accounts near their credit limit; Proportion of available revolving credit currently in use; Excessive obligations in relation to income,Number of accounts opened recently; Number of bankcard accounts near their credit limit; Proportion of available revolving credit currently in use; Payment history on credit obligations
608127,0.5507,Number of recent inquiries on credit bureau report,Number of accounts opened recently,False,1.0,Number of recent inquiries on credit bureau report; Recency of inquiries on credit bureau report; Proportion of available bankcard credit currently in use; Number of accounts opened recently,Number of accounts opened recently; Number of recent inquiries on credit bureau report; Recency of inquiries on credit bureau report; Proportion of available bankcard credit currently in use
411413,0.5368,Number of accounts opened recently,Number of accounts opened recently,True,0.75,Number of accounts opened recently; Type of residence; Amount of credit requested; Number of bankcard accounts near their credit limit,Number of accounts opened recently; Amount of credit requested; Type of residence; Amount of revolving credit available
1109323,0.3764,Amount of credit requested,Number of accounts opened recently,False,1.0,Amount of credit requested; Number of accounts opened recently; Recency of inquiries on credit bureau report; Amount of revolving credit available,Number of accounts opened recently; Amount of credit requested; Recency of inquiries on credit bureau report; Amount of revolving credit available
1907970,0.3385,Income insufficient for amount of credit requested,Income insufficient for amount of credit requested,True,1.0,Income insufficient for amount of credit requested; Type of residence; Number of bankcard accounts near their credit limit; Proportion of available revolving credit currently in use,Income insufficient for amount of credit requested; Type of residence; Number of bankcard accounts near their credit limit; Proportion of available revolving credit currently in use
1200927,0.3353,Number of accounts opened recently,Number of accounts opened recently,True,0.75,Number of accounts opened recently; Number of recent inquiries on credit bureau report; Amount of credit requested; Recency of inquiries on credit bureau report,Number of accounts opened recently; Number of recent inquiries on credit bureau report; Recency of inquiries on credit bureau report; Purpose of the credit requested
321404,0.3768,Excessive obligations in relation to income,Excessive obligations in relation to income,True,1.0,Excessive obligations in relation to income; Number of accounts opened recently; Type of residence; Number of bankcard accounts near their credit limit,Excessive obligations in relation to income; Number of accounts opened recently; Number of bankcard accounts near their credit limit; Type of residence
1036261,0.3378,Number of accounts opened recently,Number of accounts opened recently,True,0.75,Number of accounts opened recently; Excessive obligations in relation to income; Amount of credit requested; Type of residence,Number of accounts opened recently; Excessive obligations in relation to income; Type of residence; Income insufficient for amount of credit requested
1107777,0.3043,Number of accounts opened recently,Number of accounts opened recently,True,0.75,Number of accounts opened recently; Amount of revolving credit available; Recency of delinquency on credit obligations; Number of bankcard accounts near their credit limit,Number of accounts opened recently; Recency of delinquency on credit obligations; Unable to verify income; Amount of revolving credit available
2155792,0.303,Number of accounts opened recently,Number of accounts opened recently,True,1.0,Number of accounts opened recently; Excessive obligations in relation to income; Income insufficient for amount of credit requested; Number of bankcard accounts near their credit limit,Number of accounts opened recently; Excessive obligations in relation to income; Income insufficient for amount of credit requested; Number of bankcard accounts near their credit limit
138784,0.578,Number of accounts opened recently,Number of accounts opened recently,True,1.0,Number of accounts opened recently; Type of residence; Income insufficient for amount of credit requested; Number of recent inquiries on credit bureau report,Number of accounts opened recently; Income insufficient for amount of credit requested; Type of residence; Number of recent inquiries on credit bureau report
2059057,0.4777,Number of accounts opened recently,Number of accounts opened recently,True,1.0,Number of accounts opened recently; Excessive obligations in relation to income; Income insufficient for amount of credit requested; Amount of revolving credit available,Number of accounts opened recently; Excessive obligations in relation to income; Income insufficient for amount of credit requested; Amount of revolving credit available
868646,0.3411,Income insufficient for amount of credit requested,Income insufficient for amount of credit requested,True,0.75,Income insufficient for amount of credit requested; Excessive obligations in relation to income; Amount of revolving credit available; Delinquent past or present credit obligations with others,Income insufficient for amount of credit requested; Amount of revolving credit available; Excessive obligations in relation to income; Recency of a serious derogatory credit item
146178,0.3434,Number of accounts opened recently,Number of accounts opened recently,True,0.75,Number of accounts opened recently; Recency of inquiries on credit bureau report; Number of bankcard accounts near their credit limit; Payment history on credit obligations,Number of accounts opened recently; Recency of inquiries on credit bureau report; Unable to verify income; Payment history on credit obligations
2081492,0.31,Income insufficient for amount of credit requested,Proportion of available revolving credit currently in use,False,1.0,Income insufficient for amount of credit requested; Proportion of available revolving credit currently in use; Number of bankcard accounts near their credit limit; Amount of credit requested,Proportion of available revolving credit currently in use; Income insufficient for amount of credit requested; Amount of credit requested; Number of bankcard accounts near their credit limit
971796,0.3521,Number of accounts opened recently,Number of accounts opened recently,True,1.0,Number of accounts opened recently; Proportion of available bankcard credit currently in use; Recency of inquiries on credit bureau report; Number of recent inquiries on credit bureau report,Number of accounts opened recently; Recency of inquiries on credit bureau report; Proportion of available bankcard credit currently in use; Number of recent inquiries on credit bureau report
43374,0.3315,Number of accounts opened recently,Number of accounts opened recently,True,0.75,Number of accounts opened recently; Proportion of available bankcard credit currently in use; Excessive obligations in relation to income; Number of bankcard accounts near their credit limit,Number of accounts opened recently; Proportion of available bankcard credit currently in use; Excessive obligations in relation to income; Amount of credit requested
838095,0.4655,Number of accounts opened recently,Number of accounts opened recently,True,1.0,Number of accounts opened recently; Recency of inquiries on credit bureau report; Amount of credit requested; Income insufficient for amount of credit requested,Number of accounts opened recently; Recency of inquiries on credit bureau report; Amount of credit requested; Income insufficient for amount of credit requested
1988051,0.3005,Type of residence,Purpose of the credit requested,False,0.25,Type of residence; Income insufficient for amount of credit requested; Number of bankcard accounts near their credit limit; Amount of revolving credit available,Purpose of the credit requested; Type of residence; Unable to verify income; Recency of inquiries on credit bureau report
1288795,0.3119,Income insufficient for amount of credit requested,Income insufficient for amount of credit requested,True,1.0,Income insufficient for amount of credit requested; Recency of inquiries on credit bureau report; Number of recent inquiries on credit bureau report; Number of bankcard accounts near their credit limit,Income insufficient for amount of credit requested; Recency of inquiries on credit bureau report; Number of recent inquiries on credit bureau report; Number of bankcard accounts near their credit limit
1265745,0.3026,Income insufficient for amount of credit requested,Purpose of the credit requested,False,0.75,Income insufficient for amount of credit requested; Purpose of the credit requested; Amount of credit requested; Amount of revolving credit available,Purpose of the credit requested; Income insufficient for amount of credit requested; Amount of revolving credit available; Number of accounts opened recently
1783602,0.3179,Income insufficient for amount of credit requested,Number of recent inquiries on credit bureau report,False,1.0,Income insufficient for amount of credit requested; Number of recent inquiries on credit bureau report; Proportion of available bankcard credit currently in use; Proportion of available revolving credit currently in use,Number of recent inquiries on credit bureau report; Proportion of available bankcard credit currently in use; Income insufficient for amount of credit requested; Proportion of available revolving credit currently in use
1843989,0.4969,Income insufficient for amount of credit requested,Purpose of the credit requested,False,0.75,Income insufficient for amount of credit requested; Purpose of the credit requested; Type of residence; Number of bankcard accounts near their credit limit,Purpose of the credit requested; Income insufficient for amount of credit requested; Number of accounts opened recently; Type of residence
1361278,0.3427,Number of bankcard accounts near their credit limit,Number of accounts opened recently,False,0.75,Number of bankcard accounts near their credit limit; Number of accounts opened recently; Type of residence; Number of recent inquiries on credit bureau report,Number of accounts opened recently; Recency of inquiries on credit bureau report; Number of bankcard accounts near their credit limit; Type of residence
1660231,0.3134,Number of accounts opened recently,Number of accounts opened recently,True,0.75,Number of accounts opened recently; Excessive obligations in relation to income; Amount of revolving credit available; Total balances on credit obligations,Number of accounts opened recently; Excessive obligations in relation to income; Amount of revolving credit available; Purpose of the credit requested
1574111,0.3736,Number of accounts opened recently,Number of accounts opened recently,True,0.75,Number of accounts opened recently; Excessive obligations in relation to income; Amount of credit requested; Number of bankcard accounts near their credit limit,Number of accounts opened recently; Excessive obligations in relation to income; Number of bankcard accounts near their credit limit; Recency of inquiries on credit bureau report
1277673,0.3296,Number of accounts opened recently,Number of accounts opened recently,True,1.0,Number of accounts opened recently; Type of residence; Number of bankcard accounts near their credit limit; Amount of revolving credit available,Number of accounts opened recently; Type of residence; Number of bankcard accounts near their credit limit; Amount of revolving credit available
1982556,0.3177,Number of accounts opened recently,Number of accounts opened recently,True,1.0,Number of accounts opened recently; Type of residence; Amount of revolving credit available; Purpose of the credit requested,Number of accounts opened recently; Type of residence; Purpose of the credit requested; Amount of revolving credit available
1349584,0.3289,Recency of inquiries on credit bureau report,Amount of credit requested,False,0.75,Recency of inquiries on credit bureau report; Type of residence; Number of accounts opened recently; Recency of delinquency on credit obligations,Amount of credit requested; Recency of inquiries on credit bureau report; Number of accounts opened recently; Type of residence
1418508,0.3206,Income insufficient for amount of credit requested,Income insufficient for amount of credit requested,True,0.75,Income insufficient for amount of credit requested; Amount of credit requested; Type of residence; Number of accounts opened recently,Income insufficient for amount of credit requested; Number of accounts opened recently; Unable to verify income; Type of residence
1569654,0.3447,Recency of inquiries on credit bureau report,Recency of inquiries on credit bureau report,True,0.75,Recency of inquiries on credit bureau report; Number of bankcard accounts near their credit limit; Number of accounts opened recently; Number of recent inquiries on credit bureau report,Recency of inquiries on credit bureau report; Number of accounts opened recently; Number of bankcard accounts near their credit limit; Unable to verify income
2237053,0.4541,Number of recent inquiries on credit bureau report,Number of recent inquiries on credit bureau report,True,0.75,Number of recent inquiries on credit bureau report; Recency of inquiries on credit bureau report; Type of residence; Excessive obligations in relation to income,Number of recent inquiries on credit bureau report; Amount of credit requested; Recency of inquiries on credit bureau report; Excessive obligations in relation to income
272790,0.4265,Income insufficient for amount of credit requested,Recency of inquiries on credit bureau report,False,0.75,Income insufficient for amount of credit requested; Recency of inquiries on credit bureau report; Amount of revolving credit available; Number of bankcard accounts near their credit limit,Recency of inquiries on credit bureau report; Income insufficient for amount of credit requested; Proportion of available revolving credit currently in use; Number of bankcard accounts near their credit limit
312866,0.4429,Excessive obligations in relation to income,Excessive obligations in relation to income,True,1.0,Excessive obligations in relation to income; Income insufficient for amount of credit requested; Number of recent inquiries on credit bureau report; Type of residence,Excessive obligations in relation to income; Number of recent inquiries on credit bureau report; Income insufficient for amount of credit requested; Type of residence
1312237,0.4187,Number of accounts opened recently,Number of accounts opened recently,True,0.75,Number of accounts opened recently; Income insufficient for amount of credit requested; Number of recent inquiries on credit bureau report; Amount of revolving credit available,Number of accounts opened recently; Income insufficient for amount of credit requested; Number of recent inquiries on credit bureau report; Purpose of the credit requested
886542,0.4311,Number of accounts opened recently,Number of accounts opened recently,True,1.0,Number of accounts opened recently; Excessive obligations in relation to income; Recency of inquiries on credit bureau report; Recency of delinquency on credit obligations,Number of accounts opened recently; Recency of inquiries on credit bureau report; Excessive obligations in relation to income; Recency of delinquency on credit obligations
1224870,0.6531,Number of accounts opened recently,Number of accounts opened recently,True,0.75,Number of accounts opened recently; Excessive obligations in relation to income; Proportion of available bankcard credit currently in use; Amount of revolving credit available,Number of accounts opened recently; Amount of credit requested; Amount of revolving credit available; Proportion of available bankcard credit currently in use
192259,0.3291,Number of accounts opened recently,Number of accounts opened recently,True,0.75,Number of accounts opened recently; Number of recent inquiries on credit bureau report; Recency of inquiries on credit bureau report; Number of bankcard accounts near their credit limit,Number of accounts opened recently; Number of recent inquiries on credit bureau report; Recency of inquiries on credit bureau report; Recency of a serious derogatory credit item
123412,0.3131,Income insufficient for amount of credit requested,Income insufficient for amount of credit requested,True,0.75,Income insufficient for amount of credit requested; Number of bankcard accounts near their credit limit; Amount of credit requested; Bankruptcy,Income insufficient for amount of credit requested; Number of bankcard accounts near their credit limit; Recency of delinquency on credit obligations; Amount of credit requested
173968,0.6011,Number of accounts opened recently,Number of accounts opened recently,True,1.0,Number of accounts opened recently; Proportion of available bankcard credit currently in use; Excessive obligations in relation to income; Unable to verify income,Number of accounts opened recently; Proportion of available bankcard credit currently in use; Excessive obligations in relation to income; Unable to verify income
1198635,0.4018,Amount of credit requested,Amount of credit requested,True,0.75,Amount of credit requested; Number of bankcard accounts near their credit limit; Number of accounts opened recently; Type of residence,Amount of credit requested; Number of accounts opened recently; Number of bankcard accounts near their credit limit; Income insufficient for amount of credit requested
1908180,0.3449,Income insufficient for amount of credit requested,Income insufficient for amount of credit requested,True,0.75,Income insufficient for amount of credit requested; Amount of credit requested; Recency of inquiries on credit bureau report; Proportion of available bankcard credit currently in use,Income insufficient for amount of credit requested; Recency of inquiries on credit bureau report; Number of accounts opened recently; Proportion of available bankcard credit currently in use
481136,0.3544,Excessive obligations in relation to income,Proportion of available revolving credit currently in use,False,0.75,Excessive obligations in relation to income; Proportion of available revolving credit currently in use; Number of bankcard accounts near their credit limit; Income insufficient for amount of credit requested,Proportion of available revolving credit currently in use; Excessive obligations in relation to income; Amount of credit requested; Number of bankcard accounts near their credit limit
2090504,0.3226,Excessive obligations in relation to income,Excessive obligations in relation to income,True,1.0,Excessive obligations in relation to income; Recency of inquiries on credit bureau report; Number of accounts opened recently; Number of recent inquiries on credit bureau report,Excessive obligations in relation to income; Recency of inquiries on credit bureau report; Number of accounts opened recently; Number of recent inquiries on credit bureau report
242710,0.3722,Excessive obligations in relation to income,Excessive obligations in relation to income,True,0.75,Excessive obligations in relation to income; Income insufficient for amount of credit requested; Amount of credit requested; Number of bankcard accounts near their credit limit,Excessive obligations in relation to income; Income insufficient for amount of credit requested; Number of accounts opened recently; Amount of credit requested
1061428,0.4366,Type of residence,Number of accounts opened recently,False,0.75,Type of residence; Amount of credit requested; Number of bankcard accounts near their credit limit; Income insufficient for amount of credit requested,Number of accounts opened recently; Number of bankcard accounts near their credit limit; Income insufficient for amount of credit requested; Type of residence
110259,0.3173,Income insufficient for amount of credit requested,Income insufficient for amount of credit requested,True,1.0,Income insufficient for amount of credit requested; Excessive obligations in relation to income; Number of bankcard accounts near their credit limit; Unable to verify income,Income insufficient for amount of credit requested; Excessive obligations in relation to income; Number of bankcard accounts near their credit limit; Unable to verify income
1811919,0.4157,Excessive obligations in relation to income,Excessive obligations in relation to income,True,1.0,Excessive obligations in relation to income; Income insufficient for amount of credit requested; Number of bankcard accounts near their credit limit; Type of residence,Excessive obligations in relation to income; Income insufficient for amount of credit requested; Number of bankcard accounts near their credit limit; Type of residence
1685298,0.3119,Number of accounts opened recently,Number of accounts opened recently,True,1.0,Number of accounts opened recently; Income insufficient for amount of credit requested; Number of bankcard accounts near their credit limit; Unable to verify income,Number of accounts opened recently; Income insufficient for amount of credit requested; Number of bankcard accounts near their credit limit; Unable to verify income
579651,0.3291,Purpose of the credit requested,Purpose of the credit requested,True,1.0,Purpose of the credit requested; Income insufficient for amount of credit requested; Number of recent inquiries on credit bureau report; Recency of inquiries on credit bureau report,Purpose of the credit requested; Recency of inquiries on credit bureau report; Number of recent inquiries on credit bureau report; Income insufficient for amount of credit requested
1918080,0.3103,Number of accounts opened recently,Number of accounts opened recently,True,1.0,Number of accounts opened recently; Income insufficient for amount of credit requested; Number of recent inquiries on credit bureau report; Recency of inquiries on credit bureau report,Number of accounts opened recently; Income insufficient for amount of credit requested; Recency of inquiries on credit bureau report; Number of recent inquiries on credit bureau report
778407,0.3493,Number of accounts opened recently,Number of accounts opened recently,True,0.75,Number of accounts opened recently; Type of residence; Recency of inquiries on credit bureau report; Number of recent inquiries on credit bureau report,Number of accounts opened recently; Recency of inquiries on credit bureau report; Type of residence; Recency of a serious derogatory credit item
1789213,0.3532,Income insufficient for amount of credit requested,Income insufficient for amount of credit requested,True,1.0,Income insufficient for amount of credit requested; Excessive obligations in relation to income; Recency of inquiries on credit bureau report; Number of bankcard accounts near their credit limit,Income insufficient for amount of credit requested; Recency of inquiries on credit bureau report; Number of bankcard accounts near their credit limit; Excessive obligations in relation to income
1194009,0.3738,Income insufficient for amount of credit requested,Income insufficient for amount of credit requested,True,0.75,Income insufficient for amount of credit requested; Number of bankcard accounts near their credit limit; Amount of credit requested; Proportion of available revolving credit currently in use,Income insufficient for amount of credit requested; Number of bankcard accounts near their credit limit; Proportion of available revolving credit currently in use; Amount of revolving credit available
2232121,0.6316,Number of accounts opened recently,Number of accounts opened recently,True,0.75,Number of accounts opened recently; Excessive obligations in relation to income; Recency of delinquency on credit obligations; Proportion of available bankcard credit currently in use,Number of accounts opened recently; Amount of credit requested; Excessive obligations in relation to income; Recency of delinquency on credit obligations
1153666,0.471,Amount of credit requested,Amount of credit requested,True,0.75,Amount of credit requested; Type of residence; Proportion of available revolving credit currently in use; Income insufficient for amount of credit requested,Amount of credit requested; Proportion of available revolving credit currently in use; Type of residence; Number of bankcard accounts near their credit limit
1254776,0.3493,Income insufficient for amount of credit requested,Income insufficient for amount of credit requested,True,0.75,Income insufficient for amount of credit requested; Number of bankcard accounts near their credit limit; Amount of credit requested; Type of residence,Income insufficient for amount of credit requested; Number of bankcard accounts near their credit limit; Number of accounts opened recently; Type of residence
399254,0.4072,Purpose of the credit requested,Purpose of the credit requested,True,0.5,Purpose of the credit requested; Number of accounts opened recently; Type of residence; Excessive obligations in relation to income,Purpose of the credit requested; Number of accounts opened recently; Recency of inquiries on credit bureau report; Amount of credit requested
143001,0.4751,Number of accounts opened recently,Number of accounts opened recently,True,1.0,Number of accounts opened recently; Income insufficient for amount of credit requested; Excessive obligations in relation to income; Number of bankcard accounts near their credit limit,Number of accounts opened recently; Income insufficient for amount of credit requested; Excessive obligations in relation to income; Number of bankcard accounts near their credit limit
411763,0.6061,Number of accounts opened recently,Number of accounts opened recently,True,1.0,Number of accounts opened recently; Number of recent inquiries on credit bureau report; Income insufficient for amount of credit requested; Number of bankcard accounts near their credit limit,Number of accounts opened recently; Number of recent inquiries on credit bureau report; Income insufficient for amount of credit requested; Number of bankcard accounts near their credit limit
2218430,0.3142,Number of accounts opened recently,Number of accounts opened recently,True,0.75,Number of accounts opened recently; Income insufficient for amount of credit requested; Number of bankcard accounts near their credit limit; Excessive obligations in relation to income,Number of accounts opened recently; Income insufficient for amount of credit requested; Recency of inquiries on credit bureau report; Number of bankcard accounts near their credit limit
99737,0.4575,Number of accounts opened recently,Number of accounts opened recently,True,0.75,Number of accounts opened recently; Number of recent inquiries on credit bureau report; Recency of inquiries on credit bureau report; Excessive obligations in relation to income,Number of accounts opened recently; Number of recent inquiries on credit bureau report; Recency of inquiries on credit bureau report; Amount of credit requested
308116,0.3283,Recency of inquiries on credit bureau report,Recency of inquiries on credit bureau report,True,0.5,Recency of inquiries on credit bureau report; Proportion of available bankcard credit currently in use; Number of accounts opened recently; Number of recent inquiries on credit bureau report,Recency of inquiries on credit bureau report; Amount of credit requested; Number of accounts opened recently; Unable to verify income
436510,0.3899,Number of accounts opened recently,Number of accounts opened recently,True,1.0,Number of accounts opened recently; Proportion of available bankcard credit currently in use; Type of residence; Amount of credit requested,Number of accounts opened recently; Amount of credit requested; Proportion of available bankcard credit currently in use; Type of residence
138393,0.3906,Number of accounts opened recently,Number of accounts opened recently,True,1.0,Number of accounts opened recently; Excessive obligations in relation to income; Income insufficient for amount of credit requested; Recency of inquiries on credit bureau report,Number of accounts opened recently; Recency of inquiries on credit bureau report; Income insufficient for amount of credit requested; Excessive obligations in relation to income
1873124,0.4191,Proportion of available bankcard credit currently in use,Proportion of available bankcard credit currently in use,True,0.75,Proportion of available bankcard credit currently in use; Proportion of available revolving credit currently in use; Number of bankcard accounts near their credit limit; Income insufficient for amount of credit requested,Proportion of available bankcard credit currently in use; Proportion of available revolving credit currently in use; Number of accounts opened recently; Number of bankcard accounts near their credit limit
1108766,0.6869,Proportion of available bankcard credit currently in use,Proportion of available bankcard credit currently in use,True,0.75,Proportion of available bankcard credit currently in use; Excessive obligations in relation to income; Number of recent inquiries on credit bureau report; Type of residence,Proportion of available bankcard credit currently in use; Number of recent inquiries on credit bureau report; Excessive obligations in relation to income; Recency of inquiries on credit bureau report
291593,0.3465,Number of accounts opened recently,Number of accounts opened recently,True,1.0,Number of accounts opened recently; Income insufficient for amount of credit requested; Recency of inquiries on credit bureau report; Number of recent inquiries on credit bureau report,Number of accounts opened recently; Recency of inquiries on credit bureau report; Income insufficient for amount of credit requested; Number of recent inquiries on credit bureau report
1854598,0.3597,Recency of delinquency on credit obligations,Recency of delinquency on credit obligations,True,1.0,Recency of delinquency on credit obligations; Delinquent past or present credit obligations with others; Amount of credit requested; Number of accounts opened recently,Recency of delinquency on credit obligations; Amount of credit requested; Delinquent past or present credit obligations with others; Number of accounts opened recently
2154656,0.3771,Income insufficient for amount of credit requested,Income insufficient for amount of credit requested,True,0.75,Income insufficient for amount of credit requested; Proportion of available bankcard credit currently in use; Number of bankcard accounts near their credit limit; Excessive obligations in relation to income,Income insufficient for amount of credit requested; Proportion of available bankcard credit currently in use; Number of bankcard accounts near their credit limit; Number of accounts opened recently
980709,0.3385,Amount of credit requested,Amount of credit requested,True,1.0,Amount of credit requested; Excessive obligations in relation to income; Number of bankcard accounts near their credit limit; Unable to verify income,Amount of credit requested; Unable to verify income; Number of bankcard accounts near their credit limit; Excessive obligations in relation to income
289622,0.4004,Number of accounts opened recently,Number of accounts opened recently,True,0.75,Number of accounts opened recently; Number of recent inquiries on credit bureau report; Recency of inquiries on credit bureau report; Type of residence,Number of accounts opened recently; Number of recent inquiries on credit bureau report; Recency of inquiries on credit bureau report; Recency of delinquency on credit obligations
80488,0.3456,Number of accounts opened recently,Number of accounts opened recently,True,1.0,Number of accounts opened recently; Amount of revolving credit available; Recency of delinquency on credit obligations; Type of residence,Number of accounts opened recently; Recency of delinquency on credit obligations; Amount of revolving credit available; Type of residence
997357,0.3585,Type of residence,Type of residence,True,0.75,Type of residence; Amount of revolving credit available; Proportion of available bankcard credit currently in use; Number of accounts opened recently,Type of residence; Amount of revolving credit available; Number of accounts opened recently; Unable to verify income
616756,0.3866,Income insufficient for amount of credit requested,Number of accounts opened recently,False,0.75,Income insufficient for amount of credit requested; Number of accounts opened recently; Type of residence; Number of bankcard accounts near their credit limit,Number of accounts opened recently; Income insufficient for amount of credit requested; Type of residence; Recency of inquiries on credit bureau report
68649,0.387,Amount of credit requested,Recency of inquiries on credit bureau report,False,1.0,Amount of credit requested; Recency of inquiries on credit bureau report; Number of bankcard accounts near their credit limit; Proportion of available revolving credit currently in use,Recency of inquiries on credit bureau report; Amount of credit requested; Number of bankcard accounts near their credit limit; Proportion of available revolving credit currently in use
191236,0.38,Number of accounts opened recently,Number of accounts opened recently,True,1.0,Number of accounts opened recently; Type of residence; Excessive obligations in relation to income; Recency of inquiries on credit bureau report,Number of accounts opened recently; Recency of inquiries on credit bureau report; Type of residence; Excessive obligations in relation to income
1046734,0.6519,Number of recent inquiries on credit bureau report,Number of recent inquiries on credit bureau report,True,1.0,Number of recent inquiries on credit bureau report; Number of accounts opened recently; Excessive obligations in relation to income; Recency of inquiries on credit bureau report,Number of recent inquiries on credit bureau report; Number of accounts opened recently; Excessive obligations in relation to income; Recency of inquiries on credit bureau report
1742292,0.4122,Income insufficient for amount of credit requested,Number of accounts opened recently,False,0.75,Income insufficient for amount of credit requested; Proportion of available bankcard credit currently in use; Number of accounts opened recently; Amount of credit requested,Number of accounts opened recently; Income insufficient for amount of credit requested; Proportion of available bankcard credit currently in use; Recency of inquiries on credit bureau report
2115791,0.3755,Delinquent past or present credit obligations with others,Delinquent past or present credit obligations with others,True,0.75,Delinquent past or present credit obligations with others; Proportion of available bankcard credit currently in use; Income insufficient for amount of credit requested; Number of accounts opened recently,Delinquent past or present credit obligations with others; Number of accounts opened recently; Recency of inquiries on credit bureau report; Proportion of available bankcard credit currently in use
1827756,0.3941,Number of accounts opened recently,Number of accounts opened recently,True,1.0,Number of accounts opened recently; Recency of inquiries on credit bureau report; Number of recent inquiries on credit bureau report; Amount of credit requested,Number of accounts opened recently; Recency of inquiries on credit bureau report; Amount of credit requested; Number of recent inquiries on credit bureau report
1950747,0.3271,Proportion of available bankcard credit currently in use,Proportion of available bankcard credit currently in use,True,0.75,Proportion of available bankcard credit currently in use; Delinquent past or present credit obligations with others; Number of bankcard accounts near their credit limit; Recency of delinquency on credit obligations,Proportion of available bankcard credit currently in use; Number of bankcard accounts near their credit limit; Delinquent past or present credit obligations with others; Recency of a serious derogatory credit item
2146384,0.3757,Purpose of the credit requested,Purpose of the credit requested,True,0.75,Purpose of the credit requested; Income insufficient for amount of credit requested; Recency of inquiries on credit bureau report; Number of recent inquiries on credit bureau report,Purpose of the credit requested; Income insufficient for amount of credit requested; Recency of inquiries on credit bureau report; Number of accounts opened recently
520923,0.3301,Number of accounts opened recently,Number of accounts opened recently,True,0.75,Number of accounts opened recently; Excessive obligations in relation to income; Number of bankcard accounts near their credit limit; Number of recent inquiries on credit bureau report,Number of accounts opened recently; Number of recent inquiries on credit bureau report; Number of bankcard accounts near their credit limit; Proportion of available revolving credit currently in use
1375777,0.3374,Proportion of available bankcard credit currently in use,Number of accounts opened recently,False,1.0,Proportion of available bankcard credit currently in use; Number of accounts opened recently; Recency of inquiries on credit bureau report; Number of recent inquiries on credit bureau report,Number of accounts opened recently; Proportion of available bankcard credit currently in use; Recency of inquiries on credit bureau report; Number of recent inquiries on credit bureau report
360596,0.5312,Number of accounts opened recently,Number of accounts opened recently,True,0.75,Number of accounts opened recently; Recency of inquiries on credit bureau report; Income insufficient for amount of credit requested; Proportion of available bankcard credit currently in use,Number of accounts opened recently; Recency of inquiries on credit bureau report; Income insufficient for amount of credit requested; Unable to verify income
692875,0.3309,Number of bankcard accounts near their credit limit,Number of accounts opened recently,False,0.75,Number of bankcard accounts near their credit limit; Proportion of available bankcard credit currently in use; Number of accounts opened recently; Amount of revolving credit available,Number of accounts opened recently; Number of bankcard accounts near their credit limit; Proportion of available bankcard credit currently in use; Purpose of the credit requested
664550,0.4234,Proportion of available bankcard credit currently in use,Recency of inquiries on credit bureau report,False,1.0,Proportion of available bankcard credit currently in use; Recency of inquiries on credit bureau report; Delinquent past or present credit obligations with others; Recency of delinquency on credit obligations,Recency of inquiries on credit bureau report; Delinquent past or present credit obligations with others; Proportion of available bankcard credit currently in use; Recency of delinquency on credit obligations
1993382,0.484,Number of accounts opened recently,Number of accounts opened recently,True,0.75,Number of accounts opened recently; Excessive obligations in relation to income; Type of residence; Amount of revolving credit available,Number of accounts opened recently; Excessive obligations in relation to income; Unable to verify income; Amount of revolving credit available
886838,0.4019,Number of recent inquiries on credit bureau report,Number of recent inquiries on credit bureau report,True,0.75,Number of recent inquiries on credit bureau report; Purpose of the credit requested; Amount of credit requested; Type of residence,Number of recent inquiries on credit bureau report; Purpose of the credit requested; Recency of inquiries on credit bureau report; Type of residence
1030071,0.3286,Income insufficient for amount of credit requested,Number of accounts opened recently,False,0.75,Income insufficient for amount of credit requested; Number of accounts opened recently; Number of bankcard accounts near their credit limit; Amount of revolving credit available,Number of accounts opened recently; Income insufficient for amount of credit requested; Number of bankcard accounts near their credit limit; Type of residence
1579677,0.4692,Number of accounts opened recently,Number of accounts opened recently,True,1.0,Number of accounts opened recently; Number of recent inquiries on credit bureau report; Recency of inquiries on credit bureau report; Number of bankcard accounts near their credit limit,Number of accounts opened recently; Number of recent inquiries on credit bureau report; Recency of inquiries on credit bureau report; Number of bankcard accounts near their credit limit
1300674,0.5621,Number of accounts opened recently,Number of accounts opened recently,True,1.0,Number of accounts opened recently; Income insufficient for amount of credit requested; Number of recent inquiries on credit bureau report; Excessive obligations in relation to income,Number of accounts opened recently; Number of recent inquiries on credit bureau report; Income insufficient for amount of credit requested; Excessive obligations in relation to income
1498075,0.3049,Number of accounts opened recently,Number of accounts opened recently,True,0.75,Number of accounts opened recently; Amount of revolving credit available; Payment history on credit obligations; Unable to verify income,Number of accounts opened recently; Amount of credit requested; Amount of revolving credit available; Unable to verify income
1954512,0.3586,Income insufficient for amount of credit requested,Income insufficient for amount of credit requested,True,0.75,Income insufficient for amount of credit requested; Type of residence; Number of bankcard accounts near their credit limit; Recency of inquiries on credit bureau report,Income insufficient for amount of credit requested; Type of residence; Unable to verify income; Recency of inquiries on credit bureau report
1768764,0.483,Number of accounts opened recently,Number of accounts opened recently,True,0.75,Number of accounts opened recently; Income insufficient for amount of credit requested; Excessive obligations in relation to income; Type of residence,Number of accounts opened recently; Income insufficient for amount of credit requested; Recency of inquiries on credit bureau report; Type of residence
387354,0.5054,Income insufficient for amount of credit requested,Income insufficient for amount of credit requested,True,0.75,Income insufficient for amount of credit requested; Proportion of available bankcard credit currently in use; Number of bankcard accounts near their credit limit; Type of residence,Income insufficient for amount of credit requested; Proportion of available bankcard credit currently in use; Number of bankcard accounts near their credit limit; Proportion of available revolving credit currently in use
644644,0.3102,Number of accounts opened recently,Number of accounts opened recently,True,1.0,Number of accounts opened recently; Excessive obligations in relation to income; Type of residence; Number of recent inquiries on credit bureau report,Number of accounts opened recently; Excessive obligations in relation to income; Type of residence; Number of recent inquiries on credit bureau report
323695,0.3596,Amount of credit requested,Amount of credit requested,True,0.75,Amount of credit requested; Income insufficient for amount of credit requested; Type of residence; Recency of inquiries on credit bureau report,Amount of credit requested; Purpose of the credit requested; Type of residence; Recency of inquiries on credit bureau report
1149781,0.3431,Number of recent inquiries on credit bureau report,Number of recent inquiries on credit bureau report,True,0.75,Number of recent inquiries on credit bureau report; Type of residence; Amount of credit requested; Excessive obligations in relation to income,Number of recent inquiries on credit bureau report; Type of residence; Income insufficient for amount of credit requested; Amount of credit requested
342342,0.4472,Number of accounts opened recently,Amount of credit requested,False,0.75,Number of accounts opened recently; Recency of inquiries on credit bureau report; Amount of credit requested; Type of residence,Amount of credit requested; Number of accounts opened recently; Recency of inquiries on credit bureau report; Amount of revolving credit available
610601,0.4836,Number of accounts opened recently,Number of accounts opened recently,True,0.75,Number of accounts opened recently; Amount of revolving credit available; Type of residence; Proportion of available revolving credit currently in use,Number of accounts opened recently; Amount of revolving credit available; Type of residence; Number of bankcard accounts near their credit limit
807272,0.3178,Proportion of available bankcard credit currently in use,Recency of delinquency on credit obligations,False,1.0,Proportion of available bankcard credit currently in use; Delinquent past or present credit obligations with others; Recency of delinquency on credit obligations; Amount of credit requested,Recency of delinquency on credit obligations; Delinquent past or present credit obligations with others; Proportion of available bankcard credit currently in use; Amount of credit requested
2228564,0.3207,Income insufficient for amount of credit requested,Number of accounts opened recently,False,0.75,Income insufficient for amount of credit requested; Excessive obligations in relation to income; Number of accounts opened recently; Amount of credit requested,Number of accounts opened recently; Income insufficient for amount of credit requested; Number of recent inquiries on credit bureau report; Excessive obligations in relation to income
41384,0.5061,Number of accounts opened recently,Number of accounts opened recently,True,1.0,Number of accounts opened recently; Income insufficient for amount of credit requested; Excessive obligations in relation to income; Number of bankcard accounts near their credit limit,Number of accounts opened recently; Income insufficient for amount of credit requested; Number of bankcard accounts near their credit limit; Excessive obligations in relation to income
1999342,0.3602,Number of accounts opened recently,Number of accounts opened recently,True,1.0,Number of accounts opened recently; Recency of inquiries on credit bureau report; Number of bankcard accounts near their credit limit; Unable to verify income,Number of accounts opened recently; Recency of inquiries on credit bureau report; Number of bankcard accounts near their credit limit; Unable to verify income
34967,0.5173,Number of accounts opened recently,Number of accounts opened recently,True,1.0,Number of accounts opened recently; Amount of credit requested; Income insufficient for amount of credit requested; Number of bankcard accounts near their credit limit,Number of accounts opened recently; Amount of credit requested; Income insufficient for amount of credit requested; Number of bankcard accounts near their credit limit
2133197,0.3855,Number of accounts opened recently,Number of accounts opened recently,True,0.75,Number of accounts opened recently; Recency of inquiries on credit bureau report; Amount of revolving credit available; Total balances on credit obligations,Number of accounts opened recently; Recency of inquiries on credit bureau report; Amount of revolving credit available; Recency of delinquency on credit obligations
1723655,0.3017,Purpose of the credit requested,Number of accounts opened recently,False,0.75,Purpose of the credit requested; Number of accounts opened recently; Type of residence; Excessive obligations in relation to income,Number of accounts opened recently; Purpose of the credit requested; Type of residence; Number of recent inquiries on credit bureau report
1890909,0.4163,Amount of credit requested,Number of accounts opened recently,False,1.0,Amount of credit requested; Recency of inquiries on credit bureau report; Number of accounts opened recently; Income insufficient for amount of credit requested,Number of accounts opened recently; Recency of inquiries on credit bureau report; Amount of credit requested; Income insufficient for amount of credit requested
2219364,0.3881,Number of accounts opened recently,Number of accounts opened recently,True,1.0,Number of accounts opened recently; Excessive obligations in relation to income; Income insufficient for amount of credit requested; Type of residence,Number of accounts opened recently; Excessive obligations in relation to income; Type of residence; Income insufficient for amount of credit requested
2170657,0.349,Recency of inquiries on credit bureau report,Recency of inquiries on credit bureau report,True,0.5,Recency of inquiries on credit bureau report; Number of recent inquiries on credit bureau report; Payment history on credit obligations; Purpose of the credit requested,Recency of inquiries on credit bureau report; Amount of credit requested; Purpose of the credit requested; Unable to verify income
637462,0.4996,Recency of inquiries on credit bureau report,Recency of inquiries on credit bureau report,True,0.75,Recency of inquiries on credit bureau report; Recency of delinquency on credit obligations; Proportion of available bankcard credit currently in use; Delinquent past or present credit obligations with others,Recency of inquiries on credit bureau report; Recency of delinquency on credit obligations; Number of accounts opened recently; Delinquent past or present credit obligations with others
819225,0.4522,Number of accounts opened recently,Number of accounts opened recently,True,0.75,Number of accounts opened recently; Income insufficient for amount of credit requested; Recency of inquiries on credit bureau report; Proportion of available bankcard credit currently in use,Number of accounts opened recently; Income insufficient for amount of credit requested; Recency of inquiries on credit bureau report; Unable to verify income
1841498,0.4327,Number of accounts opened recently,Number of accounts opened recently,True,1.0,Number of accounts opened recently; Income insufficient for amount of credit requested; Excessive obligations in relation to income; Type of residence,Number of accounts opened recently; Income insufficient for amount of credit requested; Excessive obligations in relation to income; Type of residence
1348125,0.3756,Number of accounts opened recently,Number of accounts opened recently,True,1.0,Number of accounts opened recently; Excessive obligations in relation to income; Income insufficient for amount of credit requested; Type of residence,Number of accounts opened recently; Income insufficient for amount of credit requested; Excessive obligations in relation to income; Type of residence
1901745,0.4159,Number of accounts opened recently,Number of accounts opened recently,True,1.0,Number of accounts opened recently; Recency of inquiries on credit bureau report; Income insufficient for amount of credit requested; Number of recent inquiries on credit bureau report,Number of accounts opened recently; Recency of inquiries on credit bureau report; Income insufficient for amount of credit requested; Number of recent inquiries on credit bureau report
325288,0.3735,Number of accounts opened recently,Number of accounts opened recently,True,0.5,Number of accounts opened recently; Number of bankcard accounts near their credit limit; Excessive obligations in relation to income; Payment history on credit obligations,Number of accounts opened recently; Number of bankcard accounts near their credit limit; Purpose of the credit requested; Amount of credit requested
1850289,0.3616,Amount of credit requested,Amount of credit requested,True,1.0,Amount of credit requested; Income insufficient for amount of credit requested; Recency of delinquency on credit obligations; Proportion of available bankcard credit currently in use,Amount of credit requested; Recency of delinquency on credit obligations; Income insufficient for amount of credit requested; Proportion of available bankcard credit currently in use
1028718,0.4945,Number of accounts opened recently,Number of accounts opened recently,True,0.25,Number of accounts opened recently; Proportion of available bankcard credit currently in use; Excessive obligations in relation to income; Unable to verify income,Number of accounts opened recently; Amount of credit requested; Amount of revolving credit available; Purpose of the credit requested
408999,0.3032,Excessive obligations in relation to income,Excessive obligations in relation to income,True,0.75,Excessive obligations in relation to income; Income insufficient for amount of credit requested; Type of residence; Number of bankcard accounts near their credit limit,Excessive obligations in relation to income; Income insufficient for amount of credit requested; Recency of inquiries on credit bureau report; Type of residence
994087,0.5276,Number of accounts opened recently,Number of accounts opened recently,True,0.75,Number of accounts opened recently; Type of residence; Recency of inquiries on credit bureau report; Purpose of the credit requested,Number of accounts opened recently; Amount of credit requested; Recency of inquiries on credit bureau report; Purpose of the credit requested
1995053,0.4961,Income insufficient for amount of credit requested,Number of accounts opened recently,False,1.0,Income insufficient for amount of credit requested; Number of accounts opened recently; Number of bankcard accounts near their credit limit; Type of residence,Number of accounts opened recently; Income insufficient for amount of credit requested; Number of bankcard accounts near their credit limit; Type of residence
730294,0.3703,Number of accounts opened recently,Number of accounts opened recently,True,0.75,Number of accounts opened recently; Recency of inquiries on credit bureau report; Income insufficient for amount of credit requested; Number of bankcard accounts near their credit limit,Number of accounts opened recently; Recency of inquiries on credit bureau report; Income insufficient for amount of credit requested; Unable to verify income
1351776,0.442,Income insufficient for amount of credit requested,Income insufficient for amount of credit requested,True,1.0,Income insufficient for amount of credit requested; Type of residence; Amount of revolving credit available; Number of accounts opened recently,Income insufficient for amount of credit requested; Number of accounts opened recently; Type of residence; Amount of revolving credit available
823206,0.4117,Number of accounts opened recently,Number of accounts opened recently,True,0.75,Number of accounts opened recently; Amount of credit requested; Purpose of the credit requested; Excessive obligations in relation to income,Number of accounts opened recently; Purpose of the credit requested; Excessive obligations in relation to income; Proportion of available bankcard credit currently in use
42142,0.6551,Number of accounts opened recently,Number of accounts opened recently,True,0.75,Number of accounts opened recently; Excessive obligations in relation to income; Income insufficient for amount of credit requested; Amount of credit requested,Number of accounts opened recently; Excessive obligations in relation to income; Income insufficient for amount of credit requested; Type of residence
336368,0.4753,Income insufficient for amount of credit requested,Income insufficient for amount of credit requested,True,1.0,Income insufficient for amount of credit requested; Excessive obligations in relation to income; Number of bankcard accounts near their credit limit; Proportion of available bankcard credit currently in use,Income insufficient for amount of credit requested; Excessive obligations in relation to income; Number of bankcard accounts near their credit limit; Proportion of available bankcard credit currently in use
1764800,0.3477,Income insufficient for amount of credit requested,Income insufficient for amount of credit requested,True,1.0,Income insufficient for amount of credit requested; Excessive obligations in relation to income; Type of residence; Number of bankcard accounts near their credit limit,Income insufficient for amount of credit requested; Excessive obligations in relation to income; Number of bankcard accounts near their credit limit; Type of residence
1403610,0.3799,Income insufficient for amount of credit requested,Income insufficient for amount of credit requested,True,0.75,Income insufficient for amount of credit requested; Amount of credit requested; Number of accounts opened recently; Type of residence,Income insufficient for amount of credit requested; Number of accounts opened recently; Type of residence; Purpose of the credit requested
1204203,0.3402,Income insufficient for amount of credit requested,Income insufficient for amount of credit requested,True,1.0,Income insufficient for amount of credit requested; Number of bankcard accounts near their credit limit; Excessive obligations in relation to income; Type of residence,Income insufficient for amount of credit requested; Number of bankcard accounts near their credit limit; Excessive obligations in relation to income; Type of residence
994604,0.4396,Income insufficient for amount of credit requested,Number of accounts opened recently,False,0.5,Income insufficient for amount of credit requested; Excessive obligations in relation to income; Type of residence; Number of bankcard accounts near their credit limit,Number of accounts opened recently; Recency of inquiries on credit bureau report; Income insufficient for amount of credit requested; Number of bankcard accounts near their credit limit
28195,0.3621,Income insufficient for amount of credit requested,Income insufficient for amount of credit requested,True,0.75,Income insufficient for amount of credit requested; Number of accounts opened recently; Number of bankcard accounts near their credit limit; Amount of credit requested,Income insufficient for amount of credit requested; Number of accounts opened recently; Number of bankcard accounts near their credit limit; Unable to verify income
35831,0.3114,Number of accounts opened recently,Number of accounts opened recently,True,1.0,Number of accounts opened recently; Proportion of available bankcard credit currently in use; Unable to verify income; Proportion of available revolving credit currently in use,Number of accounts opened recently; Proportion of available bankcard credit currently in use; Unable to verify income; Proportion of available revolving credit currently in use
1492506,0.3469,Income insufficient for amount of credit requested,Income insufficient for amount of credit requested,True,0.75,Income insufficient for amount of credit requested; Proportion of available bankcard credit currently in use; Recency of inquiries on credit bureau report; Type of residence,Income insufficient for amount of credit requested; Recency of inquiries on credit bureau report; Proportion of available bankcard credit currently in use; Number of accounts opened recently
2145252,0.3035,Proportion of available bankcard credit currently in use,Proportion of available bankcard credit currently in use,True,0.75,Proportion of available bankcard credit currently in use; Number of bankcard accounts near their credit limit; Income insufficient for amount of credit requested; Proportion of available revolving credit currently in use,Proportion of available bankcard credit currently in use; Number of bankcard accounts near their credit limit; Income insufficient for amount of credit requested; Unable to verify income
139006,0.3396,Number of accounts opened recently,Number of accounts opened recently,True,0.75,Number of accounts opened recently; Amount of credit requested; Income insufficient for amount of credit requested; Payment history on credit obligations,Number of accounts opened recently; Amount of credit requested; Income insufficient for amount of credit requested; Unable to verify income
646757,0.415,Number of accounts opened recently,Number of accounts opened recently,True,0.5,Number of accounts opened recently; Type of residence; Payment history on credit obligations; Number of bankcard accounts near their credit limit,Number of accounts opened recently; Type of residence; Amount of credit requested; Unable to verify income
1181343,0.3967,Excessive obligations in relation to income,Number of accounts opened recently,False,1.0,Excessive obligations in relation to income; Number of accounts opened recently; Type of residence; Number of bankcard accounts near their credit limit,Number of accounts opened recently; Excessive obligations in relation to income; Type of residence; Number of bankcard accounts near their credit limit
2113329,0.4488,Purpose of the credit requested,Purpose of the credit requested,True,1.0,Purpose of the credit requested; Number of recent inquiries on credit bureau report; Recency of inquiries on credit bureau report; Number of accounts opened recently,Purpose of the credit requested; Number of recent inquiries on credit bureau report; Recency of inquiries on credit bureau report; Number of accounts opened recently
286185,0.3321,Number of accounts opened recently,Number of accounts opened recently,True,1.0,Number of accounts opened recently; Number of bankcard accounts near their credit limit; Amount of credit requested; Payment history on credit obligations,Number of accounts opened recently; Number of bankcard accounts near their credit limit; Amount of credit requested; Payment history on credit obligations
1406943,0.4267,Type of residence,Number of accounts opened recently,False,0.75,Type of residence; Amount of credit requested; Income insufficient for amount of credit requested; Amount of revolving credit available,Number of accounts opened recently; Amount of credit requested; Type of residence; Income insufficient for amount of credit requested
1763687,0.3225,Income insufficient for amount of credit requested,Income insufficient for amount of credit requested,True,0.75,Income insufficient for amount of credit requested; Proportion of available revolving credit currently in use; Number of bankcard accounts near their credit limit; Payment history on credit obligations,Income insufficient for amount of credit requested; Proportion of available revolving credit currently in use; Number of bankcard accounts near their credit limit; Number of accounts opened recently
1022806,0.5759,Number of accounts opened recently,Number of accounts opened recently,True,1.0,Number of accounts opened recently; Amount of credit requested; Type of residence; Number of bankcard accounts near their credit limit,Number of accounts opened recently; Amount of credit requested; Number of bankcard accounts near their credit limit; Type of residence
265065,0.3135,Excessive obligations in relation to income,Excessive obligations in relation to income,True,1.0,Excessive obligations in relation to income; Income insufficient for amount of credit requested; Number of bankcard accounts near their credit limit; Type of residence,Excessive obligations in relation to income; Income insufficient for amount of credit requested; Number of bankcard accounts near their credit limit; Type of residence
661956,0.5276,Number of accounts opened recently,Number of accounts opened recently,True,1.0,Number of accounts opened recently; Amount of revolving credit available; Recency of inquiries on credit bureau report; Number of bankcard accounts near their credit limit,Number of accounts opened recently; Amount of revolving credit available; Recency of inquiries on credit bureau report; Number of bankcard accounts near their credit limit
348880,0.4409,Income insufficient for amount of credit requested,Income insufficient for amount of credit requested,True,0.75,Income insufficient for amount of credit requested; Type of residence; Amount of revolving credit available; Proportion of available bankcard credit currently in use,Income insufficient for amount of credit requested; Type of residence; Amount of revolving credit available; Number of bankcard accounts near their credit limit
205032,0.3002,Number of accounts opened recently,Number of accounts opened recently,True,0.75,Number of accounts opened recently; Recency of inquiries on credit bureau report; Amount of credit requested; Number of recent inquiries on credit bureau report,Number of accounts opened recently; Recency of inquiries on credit bureau report; Purpose of the credit requested; Number of recent inquiries on credit bureau report
199011,0.4802,Number of accounts opened recently,Number of accounts opened recently,True,1.0,Number of accounts opened recently; Excessive obligations in relation to income; Recency of inquiries on credit bureau report; Number of bankcard accounts near their credit limit,Number of accounts opened recently; Recency of inquiries on credit bureau report; Excessive obligations in relation to income; Number of bankcard accounts near their credit limit
2223661,0.5287,Number of recent inquiries on credit bureau report,Number of recent inquiries on credit bureau report,True,1.0,Number of recent inquiries on credit bureau report; Proportion of available bankcard credit currently in use; Recency of inquiries on credit bureau report; Income insufficient for amount of credit requested,Number of recent inquiries on credit bureau report; Recency of inquiries on credit bureau report; Proportion of available bankcard credit currently in use; Income insufficient for amount of credit requested
2228013,0.3639,Type of residence,Type of residence,True,0.75,Type of residence; Excessive obligations in relation to income; Proportion of available bankcard credit currently in use; Number of recent inquiries on credit bureau report,Type of residence; Excessive obligations in relation to income; Amount of credit requested; Number of recent inquiries on credit bureau report
297264,0.3227,Income insufficient for amount of credit requested,Income insufficient for amount of credit requested,True,0.5,Income insufficient for amount of credit requested; Amount of credit requested; Excessive obligations in relation to income; Type of residence,Income insufficient for amount of credit requested; Excessive obligations in relation to income; Recency of inquiries on credit bureau report; Unable to verify income
2054628,0.5879,Number of accounts opened recently,Number of accounts opened recently,True,1.0,Number of accounts opened recently; Number of recent inquiries on credit bureau report; Recency of inquiries on credit bureau report; Unable to verify income,Number of accounts opened recently; Number of recent inquiries on credit bureau report; Recency of inquiries on credit bureau report; Unable to verify income
1062249,0.3898,Number of accounts opened recently,Number of accounts opened recently,True,1.0,Number of accounts opened recently; Number of recent inquiries on credit bureau report; Number of bankcard accounts near their credit limit; Recency of inquiries on credit bureau report,Number of accounts opened recently; Number of recent inquiries on credit bureau report; Number of bankcard accounts near their credit limit; Recency of inquiries on credit bureau report
1054389,0.4613,Number of accounts opened recently,Number of accounts opened recently,True,1.0,Number of accounts opened recently; Type of residence; Excessive obligations in relation to income; Number of bankcard accounts near their credit limit,Number of accounts opened recently; Type of residence; Number of bankcard accounts near their credit limit; Excessive obligations in relation to income
1273592,0.312,Number of accounts opened recently,Number of accounts opened recently,True,1.0,Number of accounts opened recently; Income insufficient for amount of credit requested; Type of residence; Amount of revolving credit available,Number of accounts opened recently; Income insufficient for amount of credit requested; Type of residence; Amount of revolving credit available
1407985,0.3258,Proportion of available bankcard credit currently in use,Number of accounts opened recently,False,0.5,Proportion of available bankcard credit currently in use; Recency of inquiries on credit bureau report; Excessive obligations in relation to income; Number of accounts opened recently,Number of accounts opened recently; Recency of inquiries on credit bureau report; Amount of credit requested; Unable to verify income
253225,0.4417,Recency of inquiries on credit bureau report,Recency of inquiries on credit bureau report,True,0.75,Recency of inquiries on credit bureau report; Proportion of available bankcard credit currently in use; Type of residence; Number of accounts opened recently,Recency of inquiries on credit bureau report; Number of accounts opened recently; Amount of revolving credit available; Type of residence
390290,0.3645,Number of accounts opened recently,Number of accounts opened recently,True,1.0,Number of accounts opened recently; Income insufficient for amount of credit requested; Type of residence; Amount of revolving credit available,Number of accounts opened recently; Income insufficient for amount of credit requested; Type of residence; Amount of revolving credit available
148097,0.4664,Number of accounts opened recently,Number of accounts opened recently,True,0.75,Number of accounts opened recently; Number of bankcard accounts near their credit limit; Proportion of available revolving credit currently in use; Excessive obligations in relation to income,Number of accounts opened recently; Amount of credit requested; Number of bankcard accounts near their credit limit; Proportion of available revolving credit currently in use
429022,0.3251,Number of accounts opened recently,Number of accounts opened recently,True,0.75,Number of accounts opened recently; Excessive obligations in relation to income; Amount of credit requested; Income insufficient for amount of credit requested,Number of accounts opened recently; Excessive obligations in relation to income; Income insufficient for amount of credit requested; Purpose of the credit requested
570372,0.4694,Number of accounts opened recently,Number of accounts opened recently,True,0.75,Number of accounts opened recently; Proportion of available bankcard credit currently in use; Recency of delinquency on credit obligations; Unable to verify income,Number of accounts opened recently; Amount of credit requested; Proportion of available bankcard credit currently in use; Recency of delinquency on credit obligations
1058511,0.4047,Number of accounts opened recently,Number of accounts opened recently,True,1.0,Number of accounts opened recently; Excessive obligations in relation to income; Number of recent inquiries on credit bureau report; Income insufficient for amount of credit requested,Number of accounts opened recently; Number of recent inquiries on credit bureau report; Excessive obligations in relation to income; Income insufficient for amount of credit requested
1454884,0.4015,Number of recent inquiries on credit bureau report,Number of recent inquiries on credit bureau report,True,1.0,Number of recent inquiries on credit bureau report; Excessive obligations in relation to income; Number of accounts opened recently; Recency of inquiries on credit bureau report,Number of recent inquiries on credit bureau report; Number of accounts opened recently; Excessive obligations in relation to income; Recency of inquiries on credit bureau report
1646036,0.3095,Proportion of available revolving credit currently in use,Proportion of available revolving credit currently in use,True,0.5,Proportion of available revolving credit currently in use; Amount of credit requested; Income insufficient for amount of credit requested; Type of residence,Proportion of available revolving credit currently in use; Purpose of the credit requested; Income insufficient for amount of credit requested; Number of recent inquiries on credit bureau report
1279211,0.3024,Amount of credit requested,Amount of credit requested,True,0.75,Amount of credit requested; Number of bankcard accounts near their credit limit; Amount of revolving credit available; Recency of delinquency on credit obligations,Amount of credit requested; Recency of delinquency on credit obligations; Delinquent past or present credit obligations with others; Number of bankcard accounts near their credit limit
1553608,0.3505,Number of accounts opened recently,Number of accounts opened recently,True,1.0,Number of accounts opened recently; Excessive obligations in relation to income; Income insufficient for amount of credit requested; Type of residence,Number of accounts opened recently; Excessive obligations in relation to income; Income insufficient for amount of credit requested; Type of residence
398630,0.4031,Income insufficient for amount of credit requested,Income insufficient for amount of credit requested,True,1.0,Income insufficient for amount of credit requested; Recency of inquiries on credit bureau report; Number of bankcard accounts near their credit limit; Amount of revolving credit available,Income insufficient for amount of credit requested; Recency of inquiries on credit bureau report; Number of bankcard accounts near their credit limit; Amount of revolving credit available
1902633,0.8107,Number of accounts opened recently,Number of accounts opened recently,True,1.0,Number of accounts opened recently; Proportion of available revolving credit currently in use; Income insufficient for amount of credit requested; Recency of inquiries on credit bureau report,Number of accounts opened recently; Proportion of available revolving credit currently in use; Recency of inquiries on credit bureau report; Income insufficient for amount of credit requested
1214259,0.3565,Income insufficient for amount of credit requested,Number of recent inquiries on credit bureau report,False,1.0,Income insufficient for amount of credit requested; Excessive obligations in relation to income; Number of recent inquiries on credit bureau report; Recency of inquiries on credit bureau report,Number of recent inquiries on credit bureau report; Recency of inquiries on credit bureau report; Income insufficient for amount of credit requested; Excessive obligations in relation to income
395050,0.3511,Number of accounts opened recently,Number of accounts opened recently,True,1.0,Number of accounts opened recently; Amount of revolving credit available; Recency of inquiries on credit bureau report; Recency of delinquency on credit obligations,Number of accounts opened recently; Amount of revolving credit available; Recency of delinquency on credit obligations; Recency of inquiries on credit bureau report
367841,0.3199,Number of accounts opened recently,Number of accounts opened recently,True,0.75,Number of accounts opened recently; Number of recent inquiries on credit bureau report; Recency of inquiries on credit bureau report; Proportion of available bankcard credit currently in use,Number of accounts opened recently; Number of recent inquiries on credit bureau report; Recency of inquiries on credit bureau report; Unable to verify income
1028694,0.4298,Purpose of the credit requested,Purpose of the credit requested,True,0.75,Purpose of the credit requested; Number of accounts opened recently; Excessive obligations in relation to income; Type of residence,Purpose of the credit requested; Number of accounts opened recently; Excessive obligations in relation to income; Number of bankcard accounts near their credit limit
1976860,0.3381,Number of accounts opened recently,Number of accounts opened recently,True,0.75,Number of accounts opened recently; Excessive obligations in relation to income; Number of bankcard accounts near their credit limit; Proportion of available revolving credit currently in use,Number of accounts opened recently; Number of bankcard accounts near their credit limit; Number of recent inquiries on credit bureau report; Proportion of available revolving credit currently in use
1768184,0.4326,Number of accounts opened recently,Number of accounts opened recently,True,1.0,Number of accounts opened recently; Number of recent inquiries on credit bureau report; Number of bankcard accounts near their credit limit; Recency of inquiries on credit bureau report,Number of accounts opened recently; Number of recent inquiries on credit bureau report; Number of bankcard accounts near their credit limit; Recency of inquiries on credit bureau report
1927271,0.6314,Number of accounts opened recently,Number of accounts opened recently,True,1.0,Number of accounts opened recently; Number of recent inquiries on credit bureau report; Recency of inquiries on credit bureau report; Purpose of the credit requested,Number of accounts opened recently; Number of recent inquiries on credit bureau report; Recency of inquiries on credit bureau report; Purpose of the credit requested
955551,0.3261,Number of accounts opened recently,Number of accounts opened recently,True,0.5,Number of accounts opened recently; Income insufficient for amount of credit requested; Excessive obligations in relation to income; Type of residence,Number of accounts opened recently; Income insufficient for amount of credit requested; Unable to verify income; Payment history on credit obligations
1815903,0.3237,Proportion of available bankcard credit currently in use,Proportion of available bankcard credit currently in use,True,1.0,Proportion of available bankcard credit currently in use; Excessive obligations in relation to income; Number of bankcard accounts near their credit limit; Type of residence,Proportion of available bankcard credit currently in use; Excessive obligations in relation to income; Number of bankcard accounts near their credit limit; Type of residence
1613795,0.3063,Income insufficient for amount of credit requested,Number of recent inquiries on credit bureau report,False,0.75,Income insufficient for amount of credit requested; Number of recent inquiries on credit bureau report; Proportion of available revolving credit currently in use; Proportion of available bankcard credit currently in use,Number of recent inquiries on credit bureau report; Income insufficient for amount of credit requested; Proportion of available bankcard credit currently in use; Unable to verify income
454957,0.5588,Amount of revolving credit available,Amount of credit requested,False,0.75,Amount of revolving credit available; Type of residence; Proportion of available revolving credit currently in use; Number of accounts opened recently,Amount of credit requested; Amount of revolving credit available; Number of accounts opened recently; Proportion of available revolving credit currently in use
1064008,0.542,Number of accounts opened recently,Number of accounts opened recently,True,0.75,Number of accounts opened recently; Number of bankcard accounts near their credit limit; Income insufficient for amount of credit requested; Amount of credit requested,Number of accounts opened recently; Number of bankcard accounts near their credit limit; Recency of inquiries on credit bureau report; Income insufficient for amount of credit requested
1193071,0.4209,Amount of credit requested,Amount of credit requested,True,0.75,Amount of credit requested; Type of residence; Number of accounts opened recently; Number of bankcard accounts near their credit limit,Amount of credit requested; Number of accounts opened recently; Type of residence; Amount of revolving credit available
1913592,0.4742,Income insufficient for amount of credit requested,Number of accounts opened recently,False,1.0,Income insufficient for amount of credit requested; Excessive obligations in relation to income; Number of accounts opened recently; Type of residence,Number of accounts opened recently; Income insufficient for amount of credit requested; Excessive obligations in relation to income; Type of residence
1493557,0.3493,Income insufficient for amount of credit requested,Income insufficient for amount of credit requested,True,1.0,Income insufficient for amount of credit requested; Recency of inquiries on credit bureau report; Number of bankcard accounts near their credit limit; Unable to verify income,Income insufficient for amount of credit requested; Recency of inquiries on credit bureau report; Unable to verify income; Number of bankcard accounts near their credit limit
191990,0.3013,Income insufficient for amount of credit requested,Income insufficient for amount of credit requested,True,1.0,Income insufficient for amount of credit requested; Excessive obligations in relation to income; Number of accounts opened recently; Unable to verify income,Income insufficient for amount of credit requested; Excessive obligations in relation to income; Number of accounts opened recently; Unable to verify income
1264734,0.3829,Number of accounts opened recently,Number of accounts opened recently,True,0.75,Number of accounts opened recently; Excessive obligations in relation to income; Number of bankcard accounts near their credit limit; Total balances on credit obligations,Number of accounts opened recently; Excessive obligations in relation to income; Number of bankcard accounts near their credit limit; Amount of credit requested
700179,0.3531,Number of accounts opened recently,Number of accounts opened recently,True,1.0,Number of accounts opened recently; Excessive obligations in relation to income; Number of recent inquiries on credit bureau report; Recency of inquiries on credit bureau report,Number of accounts opened recently; Recency of inquiries on credit bureau report; Number of recent inquiries on credit bureau report; Excessive obligations in relation to income
223686,0.5286,Excessive obligations in relation to income,Number of accounts opened recently,False,0.75,Excessive obligations in relation to income; Number of bankcard accounts near their credit limit; Number of accounts opened recently; Income insufficient for amount of credit requested,Number of accounts opened recently; Excessive obligations in relation to income; Number of bankcard accounts near their credit limit; Unable to verify income
1871194,0.4824,Proportion of available bankcard credit currently in use,Number of accounts opened recently,False,1.0,Proportion of available bankcard credit currently in use; Number of accounts opened recently; Proportion of available revolving credit currently in use; Number of bankcard accounts near their credit limit,Number of accounts opened recently; Proportion of available bankcard credit currently in use; Proportion of available revolving credit currently in use; Number of bankcard accounts near their credit limit
375855,0.6172,Number of accounts opened recently,Number of accounts opened recently,True,1.0,Number of accounts opened recently; Income insufficient for amount of credit requested; Amount of revolving credit available; Recency of inquiries on credit bureau report,Number of accounts opened recently; Recency of inquiries on credit bureau report; Income insufficient for amount of credit requested; Amount of revolving credit available
609623,0.3052,Number of accounts opened recently,Number of accounts opened recently,True,0.75,Number of accounts opened recently; Proportion of available bankcard credit currently in use; Delinquent past or present credit obligations with others; Amount of credit requested,Number of accounts opened recently; Delinquent past or present credit obligations with others; Proportion of available bankcard credit currently in use; Unable to verify income
338764,0.4463,Number of accounts opened recently,Number of accounts opened recently,True,0.75,Number of accounts opened recently; Excessive obligations in relation to income; Type of residence; Number of bankcard accounts near their credit limit,Number of accounts opened recently; Number of bankcard accounts near their credit limit; Excessive obligations in relation to income; Income insufficient for amount of credit requested
378522,0.5042,Number of accounts opened recently,Number of accounts opened recently,True,1.0,Number of accounts opened recently; Excessive obligations in relation to income; Delinquent past or present credit obligations with others; Recency of delinquency on credit obligations,Number of accounts opened recently; Recency of delinquency on credit obligations; Delinquent past or present credit obligations with others; Excessive obligations in relation to income
515731,0.3571,Excessive obligations in relation to income,Excessive obligations in relation to income,True,1.0,Excessive obligations in relation to income; Number of bankcard accounts near their credit limit; Number of accounts opened recently; Type of residence,Excessive obligations in relation to income; Number of accounts opened recently; Number of bankcard accounts near their credit limit; Type of residence
1151573,0.4061,Number of accounts opened recently,Number of accounts opened recently,True,1.0,Number of accounts opened recently; Number of bankcard accounts near their credit limit; Amount of revolving credit available; Unable to verify income,Number of accounts opened recently; Number of bankcard accounts near their credit limit; Amount of revolving credit available; Unable to verify income
663024,0.4244,Number of accounts opened recently,Number of accounts opened recently,True,1.0,Number of accounts opened recently; Recency of inquiries on credit bureau report; Type of residence; Unable to verify income,Number of accounts opened recently; Recency of inquiries on credit bureau report; Type of residence; Unable to verify income
1603121,0.3461,Number of recent inquiries on credit bureau report,Recency of inquiries on credit bureau report,False,0.75,Number of recent inquiries on credit bureau report; Recency of inquiries on credit bureau report; Type of residence; Number of bankcard accounts near their credit limit,Recency of inquiries on credit bureau report; Number of recent inquiries on credit bureau report; Unable to verify income; Type of residence
75989,0.36,Income insufficient for amount of credit requested,Income insufficient for amount of credit requested,True,1.0,Income insufficient for amount of credit requested; Recency of inquiries on credit bureau report; Type of residence; Excessive obligations in relation to income,Income insufficient for amount of credit requested; Recency of inquiries on credit bureau report; Type of residence; Excessive obligations in relation to income
1813397,0.3593,Number of accounts opened recently,Number of accounts opened recently,True,0.75,Number of accounts opened recently; Income insufficient for amount of credit requested; Type of residence; Excessive obligations in relation to income,Number of accounts opened recently; Income insufficient for amount of credit requested; Type of residence; Unable to verify income
128164,0.4054,Number of accounts opened recently,Number of accounts opened recently,True,0.75,Number of accounts opened recently; Excessive obligations in relation to income; Recency of inquiries on credit bureau report; Bankruptcy,Number of accounts opened recently; Excessive obligations in relation to income; Recency of inquiries on credit bureau report; Recency of delinquency on credit obligations
1159289,0.3555,Income insufficient for amount of credit requested,Income insufficient for amount of credit requested,True,0.75,Income insufficient for amount of credit requested; Excessive obligations in relation to income; Number of accounts opened recently; Amount of revolving credit available,Income insufficient for amount of credit requested; Excessive obligations in relation to income; Number of accounts opened recently; Recency of inquiries on credit bureau report
1951630,0.3157,Excessive obligations in relation to income,Excessive obligations in relation to income,True,0.75,Excessive obligations in relation to income; Amount of credit requested; Type of residence; Number of bankcard accounts near their credit limit,Excessive obligations in relation to income; Type of residence; Number of accounts opened recently; Number of bankcard accounts near their credit limit
552823,0.4111,Number of accounts opened recently,Number of accounts opened recently,True,1.0,Number of accounts opened recently; Income insufficient for amount of credit requested; Type of residence; Excessive obligations in relation to income,Number of accounts opened recently; Income insufficient for amount of credit requested; Type of residence; Excessive obligations in relation to income
1838748,0.3724,Income insufficient for amount of credit requested,Income insufficient for amount of credit requested,True,1.0,Income insufficient for amount of credit requested; Number of bankcard accounts near their credit limit; Type of residence; Number of accounts opened recently,Income insufficient for amount of credit requested; Number of accounts opened recently; Number of bankcard accounts near their credit limit; Type of residence
445030,0.3101,Number of accounts opened recently,Number of accounts opened recently,True,0.75,Number of accounts opened recently; Excessive obligations in relation to income; Type of residence; Amount of revolving credit available,Number of accounts opened recently; Type of residence; Amount of revolving credit available; Recency of inquiries on credit bureau report
1532044,0.3657,Number of accounts opened recently,Number of accounts opened recently,True,0.75,Number of accounts opened recently; Excessive obligations in relation to income; Number of recent inquiries on credit bureau report; Number of bankcard accounts near their credit limit,Number of accounts opened recently; Excessive obligations in relation to income; Number of recent inquiries on credit bureau report; Amount of credit requested
1859185,0.3531,Recency of inquiries on credit bureau report,Recency of inquiries on credit bureau report,True,0.75,Recency of inquiries on credit bureau report; Income insufficient for amount of credit requested; Number of recent inquiries on credit bureau report; Number of bankcard accounts near their credit limit,Recency of inquiries on credit bureau report; Number of accounts opened recently; Number of recent inquiries on credit bureau report; Income insufficient for amount of credit requested
1792374,0.3453,Recency of inquiries on credit bureau report,Amount of credit requested,False,1.0,Recency of inquiries on credit bureau report; Recency of delinquency on credit obligations; Delinquent past or present credit obligations with others; Amount of credit requested,Amount of credit requested; Recency of inquiries on credit bureau report; Delinquent past or present credit obligations with others; Recency of delinquency on credit obligations
692915,0.3051,Number of accounts opened recently,Number of accounts opened recently,True,0.75,Number of accounts opened recently; Recency of inquiries on credit bureau report; Income insufficient for amount of credit requested; Excessive obligations in relation to income,Number of accounts opened recently; Recency of inquiries on credit bureau report; Purpose of the credit requested; Income insufficient for amount of credit requested
778261,0.37,Type of residence,Type of residence,True,0.75,Type of residence; Amount of revolving credit available; Income insufficient for amount of credit requested; Unable to verify income,Type of residence; Amount of credit requested; Unable to verify income; Amount of revolving credit available
47261,0.5206,Recency of inquiries on credit bureau report,Recency of inquiries on credit bureau report,True,0.75,Recency of inquiries on credit bureau report; Type of residence; Number of recent inquiries on credit bureau report; Number of accounts opened recently,Recency of inquiries on credit bureau report; Amount of credit requested; Type of residence; Number of recent inquiries on credit bureau report
979621,0.5025,Number of accounts opened recently,Number of accounts opened recently,True,1.0,Number of accounts opened recently; Recency of inquiries on credit bureau report; Number of recent inquiries on credit bureau report; Amount of credit requested,Number of accounts opened recently; Amount of credit requested; Recency of inquiries on credit bureau report; Number of recent inquiries on credit bureau report
239833,0.3776,Number of accounts opened recently,Number of accounts opened recently,True,1.0,Number of accounts opened recently; Recency of inquiries on credit bureau report; Amount of revolving credit available; Payment history on credit obligations,Number of accounts opened recently; Recency of inquiries on credit bureau report; Payment history on credit obligations; Amount of revolving credit available
761801,0.397,Number of accounts opened recently,Number of accounts opened recently,True,0.75,Number of accounts opened recently; Purpose of the credit requested; Excessive obligations in relation to income; Payment history on credit obligations,Number of accounts opened recently; Purpose of the credit requested; Excessive obligations in relation to income; Unable to verify income
1439964,0.3704,Number of accounts opened recently,Number of accounts opened recently,True,0.75,Number of accounts opened recently; Excessive obligations in relation to income; Number of bankcard accounts near their credit limit; Amount of credit requested,Number of accounts opened recently; Excessive obligations in relation to income; Recency of inquiries on credit bureau report; Number of bankcard accounts near their credit limit
1044120,0.307,Number of accounts opened recently,Number of accounts opened recently,True,0.75,Number of accounts opened recently; Number of recent inquiries on credit bureau report; Type of residence; Proportion of available bankcard credit currently in use,Number of accounts opened recently; Number of recent inquiries on credit bureau report; Purpose of the credit requested; Type of residence
984619,0.4212,Number of accounts opened recently,Number of accounts opened recently,True,0.75,Number of accounts opened recently; Income insufficient for amount of credit requested; Type of residence; Amount of credit requested,Number of accounts opened recently; Type of residence; Income insufficient for amount of credit requested; Unable to verify income
876377,0.3601,Number of accounts opened recently,Number of accounts opened recently,True,0.75,Number of accounts opened recently; Amount of credit requested; Excessive obligations in relation to income; Payment history on credit obligations,Number of accounts opened recently; Amount of credit requested; Unable to verify income; Excessive obligations in relation to income
221203,0.3609,Excessive obligations in relation to income,Excessive obligations in relation to income,True,0.75,Excessive obligations in relation to income; Number of bankcard accounts near their credit limit; Income insufficient for amount of credit requested; Proportion of available revolving credit currently in use,Excessive obligations in relation to income; Income insufficient for amount of credit requested; Number of bankcard accounts near their credit limit; Number of accounts opened recently
443371,0.3026,Number of accounts opened recently,Number of accounts opened recently,True,0.75,Number of accounts opened recently; Amount of credit requested; Number of bankcard accounts near their credit limit; Payment history on credit obligations,Number of accounts opened recently; Amount of credit requested; Number of bankcard accounts near their credit limit; Unable to verify income
1484215,0.4572,Type of residence,Recency of inquiries on credit bureau report,False,0.75,Type of residence; Recency of inquiries on credit bureau report; Income insufficient for amount of credit requested; Number of recent inquiries on credit bureau report,Recency of inquiries on credit bureau report; Type of residence; Income insufficient for amount of credit requested; Amount of credit requested
1149773,0.3155,Excessive obligations in relation to income,Number of accounts opened recently,False,0.75,Excessive obligations in relation to income; Type of residence; Number of accounts opened recently; Income insufficient for amount of credit requested,Number of accounts opened recently; Amount of credit requested; Type of residence; Excessive obligations in relation to income
1137636,0.3098,Excessive obligations in relation to income,Number of accounts opened recently,False,1.0,Excessive obligations in relation to income; Number of accounts opened recently; Income insufficient for amount of credit requested; Number of bankcard accounts near their credit limit,Number of accounts opened recently; Excessive obligations in relation to income; Income insufficient for amount of credit requested; Number of bankcard accounts near their credit limit
2236703,0.3811,Income insufficient for amount of credit requested,Income insufficient for amount of credit requested,True,0.75,Income insufficient for amount of credit requested; Number of bankcard accounts near their credit limit; Type of residence; Excessive obligations in relation to income,Income insufficient for amount of credit requested; Number of bankcard accounts near their credit limit; Type of residence; Unable to verify income
1946139,0.4677,Recency of inquiries on credit bureau report,Recency of inquiries on credit bureau report,True,0.75,Recency of inquiries on credit bureau report; Amount of revolving credit available; Number of recent inquiries on credit bureau report; Number of accounts opened recently,Recency of inquiries on credit bureau report; Number of accounts opened recently; Purpose of the credit requested; Amount of revolving credit available
769150,0.407,Income insufficient for amount of credit requested,Number of accounts opened recently,False,0.75,Income insufficient for amount of credit requested; Excessive obligations in relation to income; Number of accounts opened recently; Amount of credit requested,Number of accounts opened recently; Income insufficient for amount of credit requested; Excessive obligations in relation to income; Recency of inquiries on credit bureau report
1226920,0.3937,Excessive obligations in relation to income,Number of accounts opened recently,False,0.75,Excessive obligations in relation to income; Number of accounts opened recently; Unable to verify income; Amount of revolving credit available,Number of accounts opened recently; Excessive obligations in relation to income; Unable to verify income; Amount of credit requested
2071043,0.5087,Recency of inquiries on credit bureau report,Recency of inquiries on credit bureau report,True,0.75,Recency of inquiries on credit bureau report; Income insufficient for amount of credit requested; Proportion of available bankcard credit currently in use; Amount of revolving credit available,Recency of inquiries on credit bureau report; Income insufficient for amount of credit requested; Proportion of available bankcard credit currently in use; Number of accounts opened recently
1988550,0.5027,Number of accounts opened recently,Number of accounts opened recently,True,0.75,Number of accounts opened recently; Recency of inquiries on credit bureau report; Excessive obligations in relation to income; Unable to verify income,Number of accounts opened recently; Amount of credit requested; Excessive obligations in relation to income; Recency of inquiries on credit bureau report
105632,0.5869,Number of accounts opened recently,Number of accounts opened recently,True,0.75,Number of accounts opened recently; Recency of inquiries on credit bureau report; Number of recent inquiries on credit bureau report; Proportion of available bankcard credit currently in use,Number of accounts opened recently; Recency of inquiries on credit bureau report; Amount of credit requested; Number of recent inquiries on credit bureau report
1687899,0.3075,Number of accounts opened recently,Number of accounts opened recently,True,0.75,Number of accounts opened recently; Excessive obligations in relation to income; Recency of inquiries on credit bureau report; Income insufficient for amount of credit requested,Number of accounts opened recently; Recency of inquiries on credit bureau report; Excessive obligations in relation to income; Number of bankcard accounts near their credit limit
1861320,0.3912,Number of recent inquiries on credit bureau report,Recency of inquiries on credit bureau report,False,0.75,Number of recent inquiries on credit bureau report; Income insufficient for amount of credit requested; Excessive obligations in relation to income; Recency of inquiries on credit bureau report,Recency of inquiries on credit bureau report; Number of recent inquiries on credit bureau report; Income insufficient for amount of credit requested; Unable to verify income
745635,0.4095,Number of accounts opened recently,Number of accounts opened recently,True,1.0,Number of accounts opened recently; Income insufficient for amount of credit requested; Proportion of available bankcard credit currently in use; Excessive obligations in relation to income,Number of accounts opened recently; Income insufficient for amount of credit requested; Proportion of available bankcard credit currently in use; Excessive obligations in relation to income
3094,0.4648,Number of accounts opened recently,Number of accounts opened recently,True,1.0,Number of accounts opened recently; Excessive obligations in relation to income; Type of residence; Amount of credit requested,Number of accounts opened recently; Type of residence; Excessive obligations in relation to income; Amount of credit requested
379513,0.3249,Income insufficient for amount of credit requested,Amount of credit requested,False,0.75,Income insufficient for amount of credit requested; Amount of credit requested; Amount of revolving credit available; Excessive obligations in relation to income,Amount of credit requested; Income insufficient for amount of credit requested; Amount of revolving credit available; Unable to verify income
634000,0.3063,Proportion of available bankcard credit currently in use,Proportion of available bankcard credit currently in use,True,1.0,Proportion of available bankcard credit currently in use; Income insufficient for amount of credit requested; Amount of revolving credit available; Type of residence,Proportion of available bankcard credit currently in use; Amount of revolving credit available; Income insufficient for amount of credit requested; Type of residence
454820,0.3705,Number of accounts opened recently,Number of accounts opened recently,True,1.0,Number of accounts opened recently; Income insufficient for amount of credit requested; Type of residence; Number of bankcard accounts near their credit limit,Number of accounts opened recently; Type of residence; Income insufficient for amount of credit requested; Number of bankcard accounts near their credit limit
1485581,0.3317,Type of residence,Amount of credit requested,False,0.75,Type of residence; Proportion of available bankcard credit currently in use; Income insufficient for amount of credit requested; Unable to verify income,Amount of credit requested; Unable to verify income; Type of residence; Proportion of available bankcard credit currently in use
1190442,0.3383,Income insufficient for amount of credit requested,Income insufficient for amount of credit requested,True,1.0,Income insufficient for amount of credit requested; Excessive obligations in relation to income; Number of bankcard accounts near their credit limit; Amount of credit requested,Income insufficient for amount of credit requested; Excessive obligations in relation to income; Number of bankcard accounts near their credit limit; Amount of credit requested
245946,0.3487,Number of accounts opened recently,Number of accounts opened recently,True,0.75,Number of accounts opened recently; Income insufficient for amount of credit requested; Amount of credit requested; Type of residence,Number of accounts opened recently; Income insufficient for amount of credit requested; Recency of inquiries on credit bureau report; Type of residence
1918529,0.31,Income insufficient for amount of credit requested,Income insufficient for amount of credit requested,True,0.75,Income insufficient for amount of credit requested; Proportion of available revolving credit currently in use; Proportion of available bankcard credit currently in use; Amount of credit requested,Income insufficient for amount of credit requested; Proportion of available revolving credit currently in use; Proportion of available bankcard credit currently in use; Number of accounts opened recently
352008,0.3762,Income insufficient for amount of credit requested,Income insufficient for amount of credit requested,True,0.75,Income insufficient for amount of credit requested; Amount of credit requested; Number of accounts currently open; Unable to verify income,Income insufficient for amount of credit requested; Amount of credit requested; Recency of inquiries on credit bureau report; Unable to verify income
2104888,0.3301,Income insufficient for amount of credit requested,Income insufficient for amount of credit requested,True,0.75,Income insufficient for amount of credit requested; Excessive obligations in relation to income; Type of residence; Number of bankcard accounts near their credit limit,Income insufficient for amount of credit requested; Excessive obligations in relation to income; Type of residence; Proportion of available bankcard credit currently in use
389204,0.3122,Excessive obligations in relation to income,Excessive obligations in relation to income,True,1.0,Excessive obligations in relation to income; Number of accounts opened recently; Income insufficient for amount of credit requested; Number of bankcard accounts near their credit limit,Excessive obligations in relation to income; Number of accounts opened recently; Income insufficient for amount of credit requested; Number of bankcard accounts near their credit limit
462168,0.369,Excessive obligations in relation to income,Excessive obligations in relation to income,True,0.75,Excessive obligations in relation to income; Type of residence; Number of accounts opened recently; Recency of inquiries on credit bureau report,Excessive obligations in relation to income; Type of residence; Amount of credit requested; Number of accounts opened recently
314922,0.3914,Excessive obligations in relation to income,Number of accounts opened recently,False,1.0,Excessive obligations in relation to income; Number of accounts opened recently; Type of residence; Income insufficient for amount of credit requested,Number of accounts opened recently; Excessive obligations in relation to income; Type of residence; Income insufficient for amount of credit requested
2193430,0.5375,Excessive obligations in relation to income,Number of accounts opened recently,False,1.0,Excessive obligations in relation to income; Number of accounts opened recently; Income insufficient for amount of credit requested; Recency of inquiries on credit bureau report,Number of accounts opened recently; Excessive obligations in relation to income; Income insufficient for amount of credit requested; Recency of inquiries on credit bureau report
152171,0.3269,Proportion of available bankcard credit currently in use,Purpose of the credit requested,False,1.0,Proportion of available bankcard credit currently in use; Income insufficient for amount of credit requested; Purpose of the credit requested; Number of accounts opened recently,Purpose of the credit requested; Number of accounts opened recently; Proportion of available bankcard credit currently in use; Income insufficient for amount of credit requested
596939,0.3042,Number of accounts opened recently,Number of accounts opened recently,True,1.0,Number of accounts opened recently; Income insufficient for amount of credit requested; Recency of inquiries on credit bureau report; Type of residence,Number of accounts opened recently; Income insufficient for amount of credit requested; Recency of inquiries on credit bureau report; Type of residence
1975920,0.3652,Number of accounts opened recently,Number of accounts opened recently,True,0.75,Number of accounts opened recently; Amount of credit requested; Amount of revolving credit available; Type of residence,Number of accounts opened recently; Amount of revolving credit available; Purpose of the credit requested; Type of residence
1914489,0.3087,Amount of credit requested,Amount of credit requested,True,1.0,Amount of credit requested; Income insufficient for amount of credit requested; Recency of delinquency on credit obligations; Delinquent past or present credit obligations with others,Amount of credit requested; Delinquent past or present credit obligations with others; Recency of delinquency on credit obligations; Income insufficient for amount of credit requested
1887402,0.4238,Number of bankcard accounts near their credit limit,Number of bankcard accounts near their credit limit,True,1.0,Number of bankcard accounts near their credit limit; Type of residence; Proportion of available revolving credit currently in use; Number of recent inquiries on credit bureau report,Number of bankcard accounts near their credit limit; Number of recent inquiries on credit bureau report; Proportion of available revolving credit currently in use; Type of residence
220775,0.5769,Number of accounts opened recently,Number of accounts opened recently,True,1.0,Number of accounts opened recently; Number of recent inquiries on credit bureau report; Purpose of the credit requested; Income insufficient for amount of credit requested,Number of accounts opened recently; Number of recent inquiries on credit bureau report; Purpose of the credit requested; Income insufficient for amount of credit requested
1468758,0.3391,Number of accounts opened recently,Number of accounts opened recently,True,0.75,Number of accounts opened recently; Type of residence; Excessive obligations in relation to income; Income insufficient for amount of credit requested,Number of accounts opened recently; Type of residence; Recency of delinquency on credit obligations; Income insufficient for amount of credit requested
1951372,0.3698,Number of accounts opened recently,Number of accounts opened recently,True,0.75,Number of accounts opened recently; Excessive obligations in relation to income; Recency of inquiries on credit bureau report; Number of bankcard accounts near their credit limit,Number of accounts opened recently; Recency of inquiries on credit bureau report; Excessive obligations in relation to income; Amount of credit requested
1113113,0.377,Number of accounts opened recently,Number of accounts opened recently,True,1.0,Number of accounts opened recently; Excessive obligations in relation to income; Income insufficient for amount of credit requested; Type of residence,Number of accounts opened recently; Excessive obligations in relation to income; Income insufficient for amount of credit requested; Type of residence
1314737,0.3378,Number of recent inquiries on credit bureau report,Number of recent inquiries on credit bureau report,True,0.75,Number of recent inquiries on credit bureau report; Number of bankcard accounts near their credit limit; Recency of inquiries on credit bureau report; Amount of credit requested,Number of recent inquiries on credit bureau report; Recency of inquiries on credit bureau report; Number of bankcard accounts near their credit limit; Amount of revolving credit available
1487936,0.4402,Number of accounts opened recently,Number of accounts opened recently,True,0.75,Number of accounts opened recently; Excessive obligations in relation to income; Type of residence; Proportion of available bankcard credit currently in use,Number of accounts opened recently; Excessive obligations in relation to income; Amount of credit requested; Type of residence
1157026,0.3111,Amount of revolving credit available,Recency of inquiries on credit bureau report,False,1.0,Amount of revolving credit available; Recency of inquiries on credit bureau report; Number of recent inquiries on credit bureau report; Type of residence,Recency of inquiries on credit bureau report; Amount of revolving credit available; Number of recent inquiries on credit bureau report; Type of residence
1655363,0.3558,Number of accounts opened recently,Number of accounts opened recently,True,0.5,Number of accounts opened recently; Purpose of the credit requested; Type of residence; Proportion of available bankcard credit currently in use,Number of accounts opened recently; Purpose of the credit requested; Amount of revolving credit available; Unable to verify income
677976,0.5406,Number of accounts opened recently,Number of accounts opened recently,True,0.75,Number of accounts opened recently; Recency of inquiries on credit bureau report; Number of recent inquiries on credit bureau report; Number of bankcard accounts near their credit limit,Number of accounts opened recently; Amount of credit requested; Number of recent inquiries on credit bureau report; Recency of inquiries on credit bureau report
203301,0.6798,Amount of credit requested,Recency of inquiries on credit bureau report,False,0.5,Amount of credit requested; Income insufficient for amount of credit requested; Type of residence; Number of bankcard accounts near their credit limit,Recency of inquiries on credit bureau report; Number of accounts opened recently; Amount of credit requested; Income insufficient for amount of credit requested
44367,0.4355,Number of accounts opened recently,Number of accounts opened recently,True,0.5,Number of accounts opened recently; Income insufficient for amount of credit requested; Amount of credit requested; Recency of inquiries on credit bureau report,Number of accounts opened recently; Recency of inquiries on credit bureau report; Payment history on credit obligations; Number of recent inquiries on credit bureau report
1141530,0.3767,Recency of delinquency on credit obligations,Recency of delinquency on credit obligations,True,0.75,Recency of delinquency on credit obligations; Payment history on credit obligations; Number of bankcard accounts near their credit limit; Income insufficient for amount of credit requested,Recency of delinquency on credit obligations; Payment history on credit obligations; Recency of a serious derogatory credit item; Number of bankcard accounts near their credit limit
1239204,0.3326,Number of accounts opened recently,Number of accounts opened recently,True,1.0,Number of accounts opened recently; Proportion of available revolving credit currently in use; Number of bankcard accounts near their credit limit; Type of residence,Number of accounts opened recently; Number of bankcard accounts near their credit limit; Proportion of available revolving credit currently in use; Type of residence
522632,0.422,Income insufficient for amount of credit requested,Income insufficient for amount of credit requested,True,0.75,Income insufficient for amount of credit requested; Proportion of available bankcard credit currently in use; Amount of revolving credit available; Type of residence,Income insufficient for amount of credit requested; Proportion of available bankcard credit currently in use; Amount of revolving credit available; Number of bankcard accounts near their credit limit
513526,0.3703,Number of accounts opened recently,Number of accounts opened recently,True,1.0,Number of accounts opened recently; Purpose of the credit requested; Recency of inquiries on credit bureau report; Income insufficient for amount of credit requested,Number of accounts opened recently; Recency of inquiries on credit bureau report; Purpose of the credit requested; Income insufficient for amount of credit requested
1139415,0.3345,Amount of revolving credit available,Amount of revolving credit available,True,0.75,Amount of revolving credit available; Number of accounts opened recently; Excessive obligations in relation to income; Unable to verify income,Amount of revolving credit available; Amount of credit requested; Unable to verify income; Number of accounts opened recently
454895,0.3241,Excessive obligations in relation to income,Purpose of the credit requested,False,0.75,Excessive obligations in relation to income; Type of residence; Amount of credit requested; Purpose of the credit requested,Purpose of the credit requested; Amount of credit requested; Excessive obligations in relation to income; Number of accounts opened recently
1339928,0.3642,Number of accounts opened recently,Number of accounts opened recently,True,0.75,Number of accounts opened recently; Income insufficient for amount of credit requested; Excessive obligations in relation to income; Number of recent inquiries on credit bureau report,Number of accounts opened recently; Income insufficient for amount of credit requested; Number of recent inquiries on credit bureau report; Proportion of available revolving credit currently in use
12770,0.35,Income insufficient for amount of credit requested,Number of accounts opened recently,False,0.75,Income insufficient for amount of credit requested; Number of accounts opened recently; Number of recent inquiries on credit bureau report; Amount of credit requested,Number of accounts opened recently; Number of recent inquiries on credit bureau report; Income insufficient for amount of credit requested; Recency of inquiries on credit bureau report
4569,0.4976,Number of accounts opened recently,Number of accounts opened recently,True,1.0,Number of accounts opened recently; Excessive obligations in relation to income; Type of residence; Amount of credit requested,Number of accounts opened recently; Amount of credit requested; Type of residence; Excessive obligations in relation to income
323093,0.3071,Number of accounts opened recently,Number of accounts opened recently,True,0.75,Number of accounts opened recently; Income insufficient for amount of credit requested; Number of bankcard accounts near their credit limit; Payment history on credit obligations,Number of accounts opened recently; Income insufficient for amount of credit requested; Number of bankcard accounts near their credit limit; Unable to verify income
319098,0.4659,Excessive obligations in relation to income,Number of accounts opened recently,False,1.0,Excessive obligations in relation to income; Number of accounts opened recently; Income insufficient for amount of credit requested; Type of residence,Number of accounts opened recently; Excessive obligations in relation to income; Income insufficient for amount of credit requested; Type of residence
1294022,0.3239,Income insufficient for amount of credit requested,Income insufficient for amount of credit requested,True,1.0,Income insufficient for amount of credit requested; Type of residence; Number of bankcard accounts near their credit limit; Amount of revolving credit available,Income insufficient for amount of credit requested; Type of residence; Number of bankcard accounts near their credit limit; Amount of revolving credit available
1773116,0.4064,Number of accounts opened recently,Number of accounts opened recently,True,0.75,Number of accounts opened recently; Income insufficient for amount of credit requested; Number of bankcard accounts near their credit limit; Proportion of available bankcard credit currently in use,Number of accounts opened recently; Income insufficient for amount of credit requested; Number of bankcard accounts near their credit limit; Unable to verify income
1351160,0.3376,Income insufficient for amount of credit requested,Income insufficient for amount of credit requested,True,0.75,Income insufficient for amount of credit requested; Number of accounts opened recently; Type of residence; Excessive obligations in relation to income,Income insufficient for amount of credit requested; Number of accounts opened recently; Type of residence; Unable to verify income
825886,0.3004,Income insufficient for amount of credit requested,Income insufficient for amount of credit requested,True,0.75,Income insufficient for amount of credit requested; Amount of credit requested; Excessive obligations in relation to income; Recency of inquiries on credit bureau report,Income insufficient for amount of credit requested; Recency of inquiries on credit bureau report; Purpose of the credit requested; Excessive obligations in relation to income
1840261,0.4374,Type of residence,Number of accounts opened recently,False,0.5,Type of residence; Proportion of available revolving credit currently in use; Amount of credit requested; Number of bankcard accounts near their credit limit,Number of accounts opened recently; Proportion of available revolving credit currently in use; Number of recent inquiries on credit bureau report; Type of residence
478078,0.3099,Income insufficient for amount of credit requested,Income insufficient for amount of credit requested,True,0.75,Income insufficient for amount of credit requested; Type of residence; Payment history on credit obligations; Number of bankcard accounts near their credit limit,Income insufficient for amount of credit requested; Amount of credit requested; Type of residence; Number of bankcard accounts near their credit limit
1854074,0.5751,Number of accounts opened recently,Number of accounts opened recently,True,0.75,Number of accounts opened recently; Recency of inquiries on credit bureau report; Amount of credit requested; Income insufficient for amount of credit requested,Number of accounts opened recently; Amount of credit requested; Recency of inquiries on credit bureau report; Purpose of the credit requested
1580076,0.415,Excessive obligations in relation to income,Excessive obligations in relation to income,True,0.75,Excessive obligations in relation to income; Number of bankcard accounts near their credit limit; Income insufficient for amount of credit requested; Amount of revolving credit available,Excessive obligations in relation to income; Number of bankcard accounts near their credit limit; Number of accounts opened recently; Amount of revolving credit available
548137,0.4435,Number of accounts opened recently,Number of accounts opened recently,True,1.0,Number of accounts opened recently; Excessive obligations in relation to income; Income insufficient for amount of credit requested; Number of bankcard accounts near their credit limit,Number of accounts opened recently; Excessive obligations in relation to income; Income insufficient for amount of credit requested; Number of bankcard accounts near their credit limit
1215595,0.3677,Number of accounts opened recently,Number of accounts opened recently,True,1.0,Number of accounts opened recently; Number of recent inquiries on credit bureau report; Amount of revolving credit available; Amount of credit requested,Number of accounts opened recently; Number of recent inquiries on credit bureau report; Amount of revolving credit available; Amount of credit requested
720258,0.3942,Excessive obligations in relation to income,Number of accounts opened recently,False,1.0,Excessive obligations in relation to income; Number of accounts opened recently; Recency of inquiries on credit bureau report; Recency of delinquency on credit obligations,Number of accounts opened recently; Excessive obligations in relation to income; Recency of inquiries on credit bureau report; Recency of delinquency on credit obligations
1858766,0.3557,Number of accounts opened recently,Number of accounts opened recently,True,0.75,Number of accounts opened recently; Number of bankcard accounts near their credit limit; Type of residence; Recency of inquiries on credit bureau report,Number of accounts opened recently; Amount of credit requested; Number of bankcard accounts near their credit limit; Recency of inquiries on credit bureau report
229233,0.325,Proportion of available bankcard credit currently in use,Number of accounts opened recently,False,0.75,Proportion of available bankcard credit currently in use; Number of accounts opened recently; Number of bankcard accounts near their credit limit; Excessive obligations in relation to income,Number of accounts opened recently; Proportion of available bankcard credit currently in use; Recency of inquiries on credit bureau report; Number of bankcard accounts near their credit limit
2185975,0.3126,Income insufficient for amount of credit requested,Income insufficient for amount of credit requested,True,0.75,Income insufficient for amount of credit requested; Excessive obligations in relation to income; Amount of credit requested; Number of bankcard accounts near their credit limit,Income insufficient for amount of credit requested; Excessive obligations in relation to income; Unable to verify income; Number of bankcard accounts near their credit limit
712231,0.326,Number of accounts opened recently,Number of accounts opened recently,True,0.75,Number of accounts opened recently; Excessive obligations in relation to income; Income insufficient for amount of credit requested; Type of residence,Number of accounts opened recently; Excessive obligations in relation to income; Payment history on credit obligations; Type of residence
27098,0.3148,Number of accounts opened recently,Number of accounts opened recently,True,0.75,Number of accounts opened recently; Amount of credit requested; Number of recent inquiries on credit bureau report; Type of residence,Number of accounts opened recently; Number of recent inquiries on credit bureau report; Type of residence; Unable to verify income
828579,0.3016,Amount of credit requested,Amount of credit requested,True,0.75,Amount of credit requested; Number of bankcard accounts near their credit limit; Amount of revolving credit available; Type of residence,Amount of credit requested; Amount of revolving credit available; Number of bankcard accounts near their credit limit; Unable to verify income
1538949,0.3384,Number of accounts opened recently,Number of accounts opened recently,True,0.75,Number of accounts opened recently; Recency of inquiries on credit bureau report; Excessive obligations in relation to income; Type of residence,Number of accounts opened recently; Recency of inquiries on credit bureau report; Purpose of the credit requested; Type of residence
1883824,0.3476,Excessive obligations in relation to income,Excessive obligations in relation to income,True,1.0,Excessive obligations in relation to income; Income insufficient for amount of credit requested; Number of bankcard accounts near their credit limit; Recency of inquiries on credit bureau report,Excessive obligations in relation to income; Income insufficient for amount of credit requested; Number of bankcard accounts near their credit limit; Recency of inquiries on credit bureau report
742575,0.3671,Excessive obligations in relation to income,Income insufficient for amount of credit requested,False,0.75,Excessive obligations in relation to income; Income insufficient for amount of credit requested; Type of residence; Number of bankcard accounts near their credit limit,Income insufficient for amount of credit requested; Recency of inquiries on credit bureau report; Excessive obligations in relation to income; Type of residence
1001102,0.3628,Excessive obligations in relation to income,Excessive obligations in relation to income,True,0.5,Excessive obligations in relation to income; Type of residence; Delinquent past or present credit obligations with others; Amount of revolving credit available,Excessive obligations in relation to income; Payment history on credit obligations; Recency of delinquency on credit obligations; Delinquent past or present credit obligations with others
157714,0.4049,Income insufficient for amount of credit requested,Income insufficient for amount of credit requested,True,0.75,Income insufficient for amount of credit requested; Excessive obligations in relation to income; Type of residence; Amount of credit requested,Income insufficient for amount of credit requested; Excessive obligations in relation to income; Amount of credit requested; Unable to verify income
2220547,0.3835,Excessive obligations in relation to income,Recency of inquiries on credit bureau report,False,0.75,Excessive obligations in relation to income; Income insufficient for amount of credit requested; Recency of inquiries on credit bureau report; Proportion of available bankcard credit currently in use,Recency of inquiries on credit bureau report; Income insufficient for amount of credit requested; Excessive obligations in relation to income; Number of recent inquiries on credit bureau report
1271676,0.3372,Type of residence,Type of residence,True,0.75,Type of residence; Amount of revolving credit available; Payment history on credit obligations; Number of bankcard accounts near their credit limit,Type of residence; Amount of revolving credit available; Payment history on credit obligations; Number of accounts opened recently
386639,0.3561,Excessive obligations in relation to income,Number of accounts opened recently,False,1.0,Excessive obligations in relation to income; Income insufficient for amount of credit requested; Number of accounts opened recently; Number of recent inquiries on credit bureau report,Number of accounts opened recently; Excessive obligations in relation to income; Income insufficient for amount of credit requested; Number of recent inquiries on credit bureau report
764824,0.403,Number of accounts opened recently,Number of accounts opened recently,True,1.0,Number of accounts opened recently; Recency of inquiries on credit bureau report; Amount of credit requested; Type of residence,Number of accounts opened recently; Amount of credit requested; Recency of inquiries on credit bureau report; Type of residence
1243148,0.6822,Excessive obligations in relation to income,Number of accounts opened recently,False,0.75,Excessive obligations in relation to income; Number of accounts opened recently; Type of residence; Amount of credit requested,Number of accounts opened recently; Excessive obligations in relation to income; Amount of credit requested; Income insufficient for amount of credit requested
1797935,0.4079,Number of accounts opened recently,Number of accounts opened recently,True,0.75,Number of accounts opened recently; Excessive obligations in relation to income; Number of bankcard accounts near their credit limit; Payment history on credit obligations,Number of accounts opened recently; Excessive obligations in relation to income; Number of bankcard accounts near their credit limit; Amount of credit requested
1865703,0.3475,Income insufficient for amount of credit requested,Income insufficient for amount of credit requested,True,0.75,Income insufficient for amount of credit requested; Amount of credit requested; Number of recent inquiries on credit bureau report; Unable to verify income,Income insufficient for amount of credit requested; Number of recent inquiries on credit bureau report; Unable to verify income; Recency of inquiries on credit bureau report
715846,0.3655,Amount of credit requested,Amount of credit requested,True,0.75,Amount of credit requested; Number of bankcard accounts near their credit limit; Number of accounts opened recently; Total balances on credit obligations,Amount of credit requested; Number of accounts opened recently; Number of bankcard accounts near their credit limit; Recency of a serious derogatory credit item
920562,0.3027,Number of accounts opened recently,Number of accounts opened recently,True,1.0,Number of accounts opened recently; Income insufficient for amount of credit requested; Excessive obligations in relation to income; Type of residence,Number of accounts opened recently; Income insufficient for amount of credit requested; Excessive obligations in relation to income; Type of residence
1045105,0.3752,Number of accounts opened recently,Number of accounts opened recently,True,1.0,Number of accounts opened recently; Income insufficient for amount of credit requested; Recency of inquiries on credit bureau report; Total balances on credit obligations,Number of accounts opened recently; Recency of inquiries on credit bureau report; Income insufficient for amount of credit requested; Total balances on credit obligations
155478,0.3442,Number of accounts opened recently,Number of accounts opened recently,True,0.75,Number of accounts opened recently; Recency of inquiries on credit bureau report; Number of recent inquiries on credit bureau report; Number of bankcard accounts near their credit limit,Number of accounts opened recently; Recency of inquiries on credit bureau report; Number of recent inquiries on credit bureau report; Amount of credit requested
300591,0.5037,Number of accounts opened recently,Number of accounts opened recently,True,0.75,Number of accounts opened recently; Recency of inquiries on credit bureau report; Proportion of available revolving credit currently in use; Number of bankcard accounts near their credit limit,Number of accounts opened recently; Recency of inquiries on credit bureau report; Proportion of available revolving credit currently in use; Amount of revolving credit available
1338769,0.3298,Delinquent past or present credit obligations with others,Delinquent past or present credit obligations with others,True,0.75,Delinquent past or present credit obligations with others; Amount of credit requested; Amount of revolving credit available; Recency of delinquency on credit obligations,Delinquent past or present credit obligations with others; Number of accounts opened recently; Amount of credit requested; Recency of delinquency on credit obligations
1691560,0.3024,Number of accounts opened recently,Number of accounts opened recently,True,0.75,Number of accounts opened recently; Excessive obligations in relation to income; Amount of credit requested; Income insufficient for amount of credit requested,Number of accounts opened recently; Excessive obligations in relation to income; Recency of inquiries on credit bureau report; Income insufficient for amount of credit requested
886108,0.4547,Number of accounts opened recently,Number of accounts opened recently,True,1.0,Number of accounts opened recently; Excessive obligations in relation to income; Unable to verify income; Type of residence,Number of accounts opened recently; Excessive obligations in relation to income; Unable to verify income; Type of residence
235939,0.4081,Number of accounts opened recently,Number of accounts opened recently,True,1.0,Number of accounts opened recently; Recency of inquiries on credit bureau report; Number of recent inquiries on credit bureau report; Amount of credit requested,Number of accounts opened recently; Number of recent inquiries on credit bureau report; Amount of credit requested; Recency of inquiries on credit bureau report
2180509,0.4373,Number of accounts opened recently,Number of accounts opened recently,True,0.75,Number of accounts opened recently; Type of residence; Number of bankcard accounts near their credit limit; Amount of credit requested,Number of accounts opened recently; Type of residence; Number of bankcard accounts near their credit limit; Unable to verify income
116740,0.3821,Proportion of available bankcard credit currently in use,Number of accounts opened recently,False,0.75,Proportion of available bankcard credit currently in use; Number of bankcard accounts near their credit limit; Proportion of available revolving credit currently in use; Type of residence,Number of accounts opened recently; Proportion of available revolving credit currently in use; Proportion of available bankcard credit currently in use; Number of bankcard accounts near their credit limit
499292,0.4042,Income insufficient for amount of credit requested,Number of accounts opened recently,False,1.0,Income insufficient for amount of credit requested; Number of accounts opened recently; Delinquent past or present credit obligations with others; Proportion of available bankcard credit currently in use,Number of accounts opened recently; Income insufficient for amount of credit requested; Delinquent past or present credit obligations with others; Proportion of available bankcard credit currently in use
520006,0.3234,Income insufficient for amount of credit requested,Number of accounts opened recently,False,0.75,Income insufficient for amount of credit requested; Number of accounts opened recently; Amount of revolving credit available; Purpose of the credit requested,Number of accounts opened recently; Income insufficient for amount of credit requested; Purpose of the credit requested; Unable to verify income
1135421,0.4276,Excessive obligations in relation to income,Number of accounts opened recently,False,1.0,Excessive obligations in relation to income; Number of accounts opened recently; Amount of credit requested; Number of bankcard accounts near their credit limit,Number of accounts opened recently; Excessive obligations in relation to income; Amount of credit requested; Number of bankcard accounts near their credit limit
1669756,0.3098,Income insufficient for amount of credit requested,Number of accounts opened recently,False,1.0,Income insufficient for amount of credit requested; Type of residence; Number of accounts opened recently; Number of bankcard accounts near their credit limit,Number of accounts opened recently; Income insufficient for amount of credit requested; Number of bankcard accounts near their credit limit; Type of residence
167406,0.3341,Number of accounts opened recently,Number of accounts opened recently,True,0.75,Number of accounts opened recently; Income insufficient for amount of credit requested; Number of bankcard accounts near their credit limit; Amount of revolving credit available,Number of accounts opened recently; Amount of revolving credit available; Number of bankcard accounts near their credit limit; Recency of inquiries on credit bureau report
801961,0.3231,Income insufficient for amount of credit requested,Income insufficient for amount of credit requested,True,1.0,Income insufficient for amount of credit requested; Number of accounts opened recently; Type of residence; Amount of credit requested,Income insufficient for amount of credit requested; Number of accounts opened recently; Amount of credit requested; Type of residence
1541273,0.3711,Number of accounts opened recently,Number of accounts opened recently,True,0.75,Number of accounts opened recently; Income insufficient for amount of credit requested; Excessive obligations in relation to income; Amount of revolving credit available,Number of accounts opened recently; Income insufficient for amount of credit requested; Excessive obligations in relation to income; Unable to verify income
1910349,0.348,Income insufficient for amount of credit requested,Income insufficient for amount of credit requested,True,0.75,Income insufficient for amount of credit requested; Number of recent inquiries on credit bureau report; Amount of credit requested; Number of bankcard accounts near their credit limit,Income insufficient for amount of credit requested; Number of recent inquiries on credit bureau report; Number of bankcard accounts near their credit limit; Type of residence
879032,0.3381,Number of accounts opened recently,Number of accounts opened recently,True,1.0,Number of accounts opened recently; Purpose of the credit requested; Recency of inquiries on credit bureau report; Type of residence,Number of accounts opened recently; Purpose of the credit requested; Recency of inquiries on credit bureau report; Type of residence
1856997,0.3334,Recency of inquiries on credit bureau report,Recency of inquiries on credit bureau report,True,1.0,Recency of inquiries on credit bureau report; Income insufficient for amount of credit requested; Number of bankcard accounts near their credit limit; Number of accounts opened recently,Recency of inquiries on credit bureau report; Income insufficient for amount of credit requested; Number of accounts opened recently; Number of bankcard accounts near their credit limit
335092,0.481,Income insufficient for amount of credit requested,Number of accounts opened recently,False,1.0,Income insufficient for amount of credit requested; Excessive obligations in relation to income; Number of accounts opened recently; Proportion of available revolving credit currently in use,Number of accounts opened recently; Income insufficient for amount of credit requested; Excessive obligations in relation to income; Proportion of available revolving credit currently in use
576423,0.343,Amount of credit requested,Number of accounts opened recently,False,1.0,Amount of credit requested; Income insufficient for amount of credit requested; Number of accounts opened recently; Excessive obligations in relation to income,Number of accounts opened recently; Amount of credit requested; Income insufficient for amount of credit requested; Excessive obligations in relation to income
705742,0.5809,Number of accounts opened recently,Number of accounts opened recently,True,0.75,Number of accounts opened recently; Recency of inquiries on credit bureau report; Excessive obligations in relation to income; Total balances on credit obligations,Number of accounts opened recently; Recency of inquiries on credit bureau report; Excessive obligations in relation to income; Amount of revolving credit available
474265,0.4552,Number of accounts opened recently,Number of accounts opened recently,True,0.75,Number of accounts opened recently; Type of residence; Payment history on credit obligations; Proportion of available bankcard credit currently in use,Number of accounts opened recently; Payment history on credit obligations; Purpose of the credit requested; Type of residence
1967524,0.338,Income insufficient for amount of credit requested,Income insufficient for amount of credit requested,True,1.0,Income insufficient for amount of credit requested; Recency of inquiries on credit bureau report; Number of recent inquiries on credit bureau report; Type of residence,Income insufficient for amount of credit requested; Recency of inquiries on credit bureau report; Number of recent inquiries on credit bureau report; Type of residence
1750421,0.4398,Number of accounts opened recently,Number of accounts opened recently,True,0.75,Number of accounts opened recently; Amount of credit requested; Number of recent inquiries on credit bureau report; Recency of inquiries on credit bureau report,Number of accounts opened recently; Number of recent inquiries on credit bureau report; Recency of inquiries on credit bureau report; Income insufficient for amount of credit requested
1871146,0.3136,Amount of credit requested,Amount of credit requested,True,0.75,Amount of credit requested; Income insufficient for amount of credit requested; Recency of inquiries on credit bureau report; Amount of revolving credit available,Amount of credit requested; Income insufficient for amount of credit requested; Number of accounts opened recently; Recency of inquiries on credit bureau report
96752,0.3501,Excessive obligations in relation to income,Number of accounts opened recently,False,1.0,Excessive obligations in relation to income; Number of accounts opened recently; Recency of inquiries on credit bureau report; Number of recent inquiries on credit bureau report,Number of accounts opened recently; Excessive obligations in relation to income; Recency of inquiries on credit bureau report; Number of recent inquiries on credit bureau report
1311324,0.3005,Excessive obligations in relation to income,Number of accounts opened recently,False,1.0,Excessive obligations in relation to income; Number of accounts opened recently; Number of recent inquiries on credit bureau report; Income insufficient for amount of credit requested,Number of accounts opened recently; Excessive obligations in relation to income; Number of recent inquiries on credit bureau report; Income insufficient for amount of credit requested
115490,0.3097,Recency of inquiries on credit bureau report,Amount of credit requested,False,0.75,Recency of inquiries on credit bureau report; Amount of credit requested; Purpose of the credit requested; Number of bankcard accounts near their credit limit,Amount of credit requested; Recency of inquiries on credit bureau report; Purpose of the credit requested; Recency of delinquency on credit obligations
1149265,0.3133,Recency of inquiries on credit bureau report,Number of accounts opened recently,False,0.75,Recency of inquiries on credit bureau report; Number of accounts opened recently; Number of recent inquiries on credit bureau report; Total balances on credit obligations,Number of accounts opened recently; Recency of inquiries on credit bureau report; Number of recent inquiries on credit bureau report; Amount of credit requested
365435,0.3451,Number of accounts opened recently,Number of accounts opened recently,True,0.75,Number of accounts opened recently; Income insufficient for amount of credit requested; Recency of inquiries on credit bureau report; Excessive obligations in relation to income,Number of accounts opened recently; Recency of inquiries on credit bureau report; Income insufficient for amount of credit requested; Number of recent inquiries on credit bureau report
2170614,0.366,Excessive obligations in relation to income,Number of accounts opened recently,False,0.75,Excessive obligations in relation to income; Number of accounts opened recently; Number of bankcard accounts near their credit limit; Proportion of available revolving credit currently in use,Number of accounts opened recently; Excessive obligations in relation to income; Payment history on credit obligations; Number of bankcard accounts near their credit limit
1411918,0.3083,Income insufficient for amount of credit requested,Income insufficient for amount of credit requested,True,1.0,Income insufficient for amount of credit requested; Proportion of available bankcard credit currently in use; Type of residence; Amount of revolving credit available,Income insufficient for amount of credit requested; Proportion of available bankcard credit currently in use; Type of residence; Amount of revolving credit available
44848,0.3266,Excessive obligations in relation to income,Excessive obligations in relation to income,True,0.75,Excessive obligations in relation to income; Number of bankcard accounts near their credit limit; Recency of inquiries on credit bureau report; Income insufficient for amount of credit requested,Excessive obligations in relation to income; Recency of inquiries on credit bureau report; Number of bankcard accounts near their credit limit; Number of accounts opened recently
1982847,0.3099,Proportion of available bankcard credit currently in use,Proportion of available bankcard credit currently in use,True,1.0,Proportion of available bankcard credit currently in use; Income insufficient for amount of credit requested; Type of residence; Amount of revolving credit available,Proportion of available bankcard credit currently in use; Type of residence; Income insufficient for amount of credit requested; Amount of revolving credit available
1021519,0.8185,Number of accounts opened recently,Number of accounts opened recently,True,0.75,Number of accounts opened recently; Excessive obligations in relation to income; Type of residence; Unable to verify income,Number of accounts opened recently; Excessive obligations in relation to income; Amount of credit requested; Unable to verify income
2145861,0.3789,Amount of revolving credit available,Amount of revolving credit available,True,1.0,Amount of revolving credit available; Type of residence; Income insufficient for amount of credit requested; Recency of delinquency on credit obligations,Amount of revolving credit available; Type of residence; Recency of delinquency on credit obligations; Income insufficient for amount of credit requested
577169,0.3492,Number of accounts opened recently,Number of accounts opened recently,True,0.75,Number of accounts opened recently; Proportion of available bankcard credit currently in use; Income insufficient for amount of credit requested; Type of residence,Number of accounts opened recently; Recency of a serious derogatory credit item; Proportion of available bankcard credit currently in use; Income insufficient for amount of credit requested
2100342,0.4427,Number of accounts opened recently,Number of accounts opened recently,True,0.75,Number of accounts opened recently; Number of recent inquiries on credit bureau report; Income insufficient for amount of credit requested; Type of residence,Number of accounts opened recently; Number of recent inquiries on credit bureau report; Recency of inquiries on credit bureau report; Income insufficient for amount of credit requested
252020,0.5055,Number of accounts opened recently,Number of accounts opened recently,True,0.75,Number of accounts opened recently; Amount of credit requested; Excessive obligations in relation to income; Income insufficient for amount of credit requested,Number of accounts opened recently; Number of recent inquiries on credit bureau report; Excessive obligations in relation to income; Income insufficient for amount of credit requested
1279831,0.3063,Purpose of the credit requested,Purpose of the credit requested,True,0.75,Purpose of the credit requested; Type of residence; Number of accounts opened recently; Payment history on credit obligations,Purpose of the credit requested; Number of accounts opened recently; Type of residence; Unable to verify income
340974,0.484,Number of recent inquiries on credit bureau report,Number of recent inquiries on credit bureau report,True,0.75,Number of recent inquiries on credit bureau report; Recency of inquiries on credit bureau report; Delinquent past or present credit obligations with others; Recency of delinquency on credit obligations,Number of recent inquiries on credit bureau report; Amount of credit requested; Recency of inquiries on credit bureau report; Recency of delinquency on credit obligations
107614,0.442,Number of accounts opened recently,Number of accounts opened recently,True,1.0,Number of accounts opened recently; Number of recent inquiries on credit bureau report; Excessive obligations in relation to income; Type of residence,Number of accounts opened recently; Number of recent inquiries on credit bureau report; Excessive obligations in relation to income; Type of residence
1285758,0.4495,Number of accounts opened recently,Number of accounts opened recently,True,0.5,Number of accounts opened recently; Recency of inquiries on credit bureau report; Income insufficient for amount of credit requested; Excessive obligations in relation to income,Number of accounts opened recently; Recency of inquiries on credit bureau report; Purpose of the credit requested; Number of recent inquiries on credit bureau report
1535816,0.3045,Income insufficient for amount of credit requested,Income insufficient for amount of credit requested,True,1.0,Income insufficient for amount of credit requested; Type of residence; Number of bankcard accounts near their credit limit; Unable to verify income,Income insufficient for amount of credit requested; Type of residence; Unable to verify income; Number of bankcard accounts near their credit limit
1947265,0.3611,Income insufficient for amount of credit requested,Income insufficient for amount of credit requested,True,1.0,Income insufficient for amount of credit requested; Excessive obligations in relation to income; Number of recent inquiries on credit bureau report; Recency of inquiries on credit bureau report,Income insufficient for amount of credit requested; Recency of inquiries on credit bureau report; Number of recent inquiries on credit bureau report; Excessive obligations in relation to income
1762889,0.4471,Recency of delinquency on credit obligations,Recency of delinquency on credit obligations,True,0.75,Recency of delinquency on credit obligations; Number of accounts opened recently; Recency of a serious derogatory credit item; Type of residence,Recency of delinquency on credit obligations; Amount of credit requested; Number of accounts opened recently; Recency of a serious derogatory credit item
1759634,0.3425,Amount of revolving credit available,Purpose of the credit requested,False,0.75,Amount of revolving credit available; Type of residence; Income insufficient for amount of credit requested; Purpose of the credit requested,Purpose of the credit requested; Amount of revolving credit available; Type of residence; Number of accounts opened recently
387092,0.4091,Number of accounts opened recently,Number of accounts opened recently,True,0.75,Number of accounts opened recently; Excessive obligations in relation to income; Type of residence; Number of bankcard accounts near their credit limit,Number of accounts opened recently; Excessive obligations in relation to income; Amount of credit requested; Number of bankcard accounts near their credit limit
1364594,0.4115,Number of accounts opened recently,Number of accounts opened recently,True,1.0,Number of accounts opened recently; Amount of credit requested; Excessive obligations in relation to income; Income insufficient for amount of credit requested,Number of accounts opened recently; Amount of credit requested; Excessive obligations in relation to income; Income insufficient for amount of credit requested
43244,0.3258,Number of accounts opened recently,Number of accounts opened recently,True,1.0,Number of accounts opened recently; Recency of inquiries on credit bureau report; Excessive obligations in relation to income; Amount of credit requested,Number of accounts opened recently; Recency of inquiries on credit bureau report; Amount of credit requested; Excessive obligations in relation to income
663289,0.4819,Purpose of the credit requested,Purpose of the credit requested,True,1.0,Purpose of the credit requested; Number of accounts opened recently; Number of bankcard accounts near their credit limit; Income insufficient for amount of credit requested,Purpose of the credit requested; Number of accounts opened recently; Number of bankcard accounts near their credit limit; Income insufficient for amount of credit requested
1037947,0.5513,Number of accounts opened recently,Number of accounts opened recently,True,0.75,Number of accounts opened recently; Excessive obligations in relation to income; Recency of inquiries on credit bureau report; Income insufficient for amount of credit requested,Number of accounts opened recently; Excessive obligations in relation to income; Recency of inquiries on credit bureau report; Number of recent inquiries on credit bureau report
1156016,0.3275,Income insufficient for amount of credit requested,Income insufficient for amount of credit requested,True,0.75,Income insufficient for amount of credit requested; Number of recent inquiries on credit bureau report; Recency of inquiries on credit bureau report; Excessive obligations in relation to income,Income insufficient for amount of credit requested; Number of recent inquiries on credit bureau report; Recency of inquiries on credit bureau report; Unable to verify income
364184,0.4176,Excessive obligations in relation to income,Excessive obligations in relation to income,True,0.75,Excessive obligations in relation to income; Income insufficient for amount of credit requested; Recency of inquiries on credit bureau report; Amount of credit requested,Excessive obligations in relation to income; Recency of inquiries on credit bureau report; Income insufficient for amount of credit requested; Purpose of the credit requested
397193,0.3267,Excessive obligations in relation to income,Excessive obligations in relation to income,True,0.75,Excessive obligations in relation to income; Type of residence; Recency of delinquency on credit obligations; Number of bankcard accounts near their credit limit,Excessive obligations in relation to income; Recency of delinquency on credit obligations; Number of bankcard accounts near their credit limit; Payment history on credit obligations
126003,0.393,Number of accounts opened recently,Number of accounts opened recently,True,1.0,Number of accounts opened recently; Excessive obligations in relation to income; Type of residence; Income insufficient for amount of credit requested,Number of accounts opened recently; Excessive obligations in relation to income; Type of residence; Income insufficient for amount of credit requested
205084,0.3518,Income insufficient for amount of credit requested,Number of recent inquiries on credit bureau report,False,0.75,Income insufficient for amount of credit requested; Proportion of available bankcard credit currently in use; Number of recent inquiries on credit bureau report; Amount of credit requested,Number of recent inquiries on credit bureau report; Income insufficient for amount of credit requested; Proportion of available bankcard credit currently in use; Type of residence
683404,0.302,Recency of inquiries on credit bureau report,Recency of inquiries on credit bureau report,True,0.75,Recency of inquiries on credit bureau report; Income insufficient for amount of credit requested; Number of recent inquiries on credit bureau report; Number of bankcard accounts near their credit limit,Recency of inquiries on credit bureau report; Number of recent inquiries on credit bureau report; Income insufficient for amount of credit requested; Unable to verify income
1309141,0.4301,Number of bankcard accounts near their credit limit,Number of accounts opened recently,False,1.0,Number of bankcard accounts near their credit limit; Income insufficient for amount of credit requested; Type of residence; Number of accounts opened recently,Number of accounts opened recently; Number of bankcard accounts near their credit limit; Income insufficient for amount of credit requested; Type of residence
461114,0.386,Number of accounts opened recently,Number of accounts opened recently,True,0.75,Number of accounts opened recently; Excessive obligations in relation to income; Number of recent inquiries on credit bureau report; Number of bankcard accounts near their credit limit,Number of accounts opened recently; Number of recent inquiries on credit bureau report; Amount of credit requested; Excessive obligations in relation to income
343427,0.3449,Number of bankcard accounts near their credit limit,Number of accounts opened recently,False,0.5,Number of bankcard accounts near their credit limit; Income insufficient for amount of credit requested; Amount of credit requested; Excessive obligations in relation to income,Number of accounts opened recently; Number of bankcard accounts near their credit limit; Income insufficient for amount of credit requested; Unable to verify income
2253856,0.3001,Income insufficient for amount of credit requested,Income insufficient for amount of credit requested,True,1.0,Income insufficient for amount of credit requested; Type of residence; Number of bankcard accounts near their credit limit; Recency of inquiries on credit bureau report,Income insufficient for amount of credit requested; Recency of inquiries on credit bureau report; Type of residence; Number of bankcard accounts near their credit limit
1045795,0.3356,Proportion of available bankcard credit currently in use,Proportion of available bankcard credit currently in use,True,0.75,Proportion of available bankcard credit currently in use; Number of recent inquiries on credit bureau report; Type of residence; Number of accounts opened recently,Proportion of available bankcard credit currently in use; Number of recent inquiries on credit bureau report; Number of accounts opened recently; Proportion of available revolving credit currently in use
1297788,0.3056,Number of recent inquiries on credit bureau report,Number of recent inquiries on credit bureau report,True,1.0,Number of recent inquiries on credit bureau report; Recency of inquiries on credit bureau report; Number of accounts opened recently; Type of residence,Number of recent inquiries on credit bureau report; Number of accounts opened recently; Recency of inquiries on credit bureau report; Type of residence
266548,0.3451,Number of accounts opened recently,Number of accounts opened recently,True,1.0,Number of accounts opened recently; Recency of inquiries on credit bureau report; Excessive obligations in relation to income; Amount of credit requested,Number of accounts opened recently; Recency of inquiries on credit bureau report; Amount of credit requested; Excessive obligations in relation to income
296584,0.3038,Income insufficient for amount of credit requested,Income insufficient for amount of credit requested,True,1.0,Income insufficient for amount of credit requested; Number of bankcard accounts near their credit limit; Type of residence; Amount of credit requested,Income insufficient for amount of credit requested; Number of bankcard accounts near their credit limit; Type of residence; Amount of credit requested
2136959,0.3878,Number of accounts opened recently,Number of accounts opened recently,True,0.75,Number of accounts opened recently; Recency of inquiries on credit bureau report; Amount of credit requested; Unable to verify income,Number of accounts opened recently; Recency of inquiries on credit bureau report; Unable to verify income; Recency of a serious derogatory credit item
1177055,0.3286,Number of bankcard accounts near their credit limit,Amount of credit requested,False,0.75,Number of bankcard accounts near their credit limit; Amount of credit requested; Excessive obligations in relation to income; Amount of revolving credit available,Amount of credit requested; Number of bankcard accounts near their credit limit; Amount of revolving credit available; Unable to verify income
250692,0.5433,Number of accounts opened recently,Number of accounts opened recently,True,0.75,Number of accounts opened recently; Recency of inquiries on credit bureau report; Excessive obligations in relation to income; Number of recent inquiries on credit bureau report,Number of accounts opened recently; Recency of inquiries on credit bureau report; Number of recent inquiries on credit bureau report; Unable to verify income
513696,0.5359,Number of accounts opened recently,Number of accounts opened recently,True,0.75,Number of accounts opened recently; Purpose of the credit requested; Excessive obligations in relation to income; Income insufficient for amount of credit requested,Number of accounts opened recently; Purpose of the credit requested; Excessive obligations in relation to income; Unable to verify income
1285296,0.3209,Number of recent inquiries on credit bureau report,Number of recent inquiries on credit bureau report,True,1.0,Number of recent inquiries on credit bureau report; Income insufficient for amount of credit requested; Recency of inquiries on credit bureau report; Number of bankcard accounts near their credit limit,Number of recent inquiries on credit bureau report; Recency of inquiries on credit bureau report; Income insufficient for amount of credit requested; Number of bankcard accounts near their credit limit
1485686,0.3165,Type of residence,Income insufficient for amount of credit requested,False,1.0,Type of residence; Excessive obligations in relation to income; Income insufficient for amount of credit requested; Number of accounts opened recently,Income insufficient for amount of credit requested; Number of accounts opened recently; Type of residence; Excessive obligations in relation to income
2222026,0.3706,Number of accounts opened recently,Number of accounts opened recently,True,0.75,Number of accounts opened recently; Recency of inquiries on credit bureau report; Delinquent past or present credit obligations with others; Income insufficient for amount of credit requested,Number of accounts opened recently; Recency of inquiries on credit bureau report; Delinquent past or present credit obligations with others; Recency of a serious derogatory credit item
1773064,0.5634,Number of accounts opened recently,Number of accounts opened recently,True,0.75,Number of accounts opened recently; Purpose of the credit requested; Type of residence; Income insufficient for amount of credit requested,Number of accounts opened recently; Purpose of the credit requested; Unable to verify income; Type of residence
508322,0.4919,Number of recent inquiries on credit bureau report,Number of recent inquiries on credit bureau report,True,1.0,Number of recent inquiries on credit bureau report; Proportion of available bankcard credit currently in use; Number of accounts opened recently; Recency of inquiries on credit bureau report,Number of recent inquiries on credit bureau report; Number of accounts opened recently; Proportion of available bankcard credit currently in use; Recency of inquiries on credit bureau report
2218601,0.3725,Number of accounts opened recently,Number of accounts opened recently,True,0.75,Number of accounts opened recently; Type of residence; Recency of delinquency on credit obligations; Delinquent past or present credit obligations with others,Number of accounts opened recently; Type of residence; Recency of delinquency on credit obligations; Amount of credit requested
2148370,0.3315,Excessive obligations in relation to income,Excessive obligations in relation to income,True,1.0,Excessive obligations in relation to income; Number of accounts opened recently; Number of bankcard accounts near their credit limit; Recency of inquiries on credit bureau report,Excessive obligations in relation to income; Number of accounts opened recently; Recency of inquiries on credit bureau report; Number of bankcard accounts near their credit limit
1296069,0.5561,Number of accounts opened recently,Number of accounts opened recently,True,0.75,Number of accounts opened recently; Number of recent inquiries on credit bureau report; Recency of inquiries on credit bureau report; Payment history on credit obligations,Number of accounts opened recently; Number of recent inquiries on credit bureau report; Amount of credit requested; Recency of inquiries on credit bureau report
1441086,0.3038,Excessive obligations in relation to income,Excessive obligations in relation to income,True,0.75,Excessive obligations in relation to income; Income insufficient for amount of credit requested; Type of residence; Payment history on credit obligations,Excessive obligations in relation to income; Income insufficient for amount of credit requested; Type of residence; Unable to verify income
2136678,0.3051,Number of accounts opened recently,Number of accounts opened recently,True,1.0,Number of accounts opened recently; Income insufficient for amount of credit requested; Excessive obligations in relation to income; Recency of delinquency on credit obligations,Number of accounts opened recently; Recency of delinquency on credit obligations; Income insufficient for amount of credit requested; Excessive obligations in relation to income
1538036,0.4541,Number of accounts opened recently,Number of accounts opened recently,True,1.0,Number of accounts opened recently; Income insufficient for amount of credit requested; Type of residence; Excessive obligations in relation to income,Number of accounts opened recently; Income insufficient for amount of credit requested; Type of residence; Excessive obligations in relation to income
1420966,0.3126,Recency of inquiries on credit bureau report,Recency of inquiries on credit bureau report,True,0.75,Recency of inquiries on credit bureau report; Number of recent inquiries on credit bureau report; Proportion of available bankcard credit currently in use; Income insufficient for amount of credit requested,Recency of inquiries on credit bureau report; Number of recent inquiries on credit bureau report; Type of residence; Income insufficient for amount of credit requested
387189,0.3005,Number of accounts opened recently,Number of accounts opened recently,True,1.0,Number of accounts opened recently; Recency of inquiries on credit bureau report; Number of recent inquiries on credit bureau report; Recency of delinquency on credit obligations,Number of accounts opened recently; Number of recent inquiries on credit bureau report; Recency of inquiries on credit bureau report; Recency of delinquency on credit obligations
30667,0.4622,Number of accounts opened recently,Number of accounts opened recently,True,0.5,Number of accounts opened recently; Total balances on credit obligations; Proportion of available bankcard credit currently in use; Unable to verify income,Number of accounts opened recently; Amount of credit requested; Recency of a serious derogatory credit item; Total balances on credit obligations
501719,0.4982,Excessive obligations in relation to income,Number of accounts opened recently,False,0.75,Excessive obligations in relation to income; Number of accounts opened recently; Type of residence; Income insufficient for amount of credit requested,Number of accounts opened recently; Excessive obligations in relation to income; Purpose of the credit requested; Type of residence
1870305,0.4459,Number of accounts opened recently,Number of accounts opened recently,True,1.0,Number of accounts opened recently; Excessive obligations in relation to income; Proportion of available bankcard credit currently in use; Recency of inquiries on credit bureau report,Number of accounts opened recently; Recency of inquiries on credit bureau report; Proportion of available bankcard credit currently in use; Excessive obligations in relation to income
776768,0.3658,Number of accounts opened recently,Number of accounts opened recently,True,0.75,Number of accounts opened recently; Excessive obligations in relation to income; Proportion of available bankcard credit currently in use; Type of residence,Number of accounts opened recently; Amount of credit requested; Excessive obligations in relation to income; Type of residence
1896122,0.3301,Income insufficient for amount of credit requested,Number of accounts opened recently,False,0.5,Income insufficient for amount of credit requested; Number of accounts opened recently; Amount of credit requested; Type of residence,Number of accounts opened recently; Income insufficient for amount of credit requested; Unable to verify income; Number of bankcard accounts near their credit limit
983829,0.3108,Number of accounts opened recently,Number of accounts opened recently,True,1.0,Number of accounts opened recently; Number of recent inquiries on credit bureau report; Type of residence; Recency of inquiries on credit bureau report,Number of accounts opened recently; Number of recent inquiries on credit bureau report; Type of residence; Recency of inquiries on credit bureau report
436913,0.3477,Income insufficient for amount of credit requested,Income insufficient for amount of credit requested,True,0.75,Income insufficient for amount of credit requested; Amount of revolving credit available; Number of accounts opened recently; Number of bankcard accounts near their credit limit,Income insufficient for amount of credit requested; Number of accounts opened recently; Amount of revolving credit available; Proportion of available revolving credit currently in use
1681341,0.3804,Amount of credit requested,Amount of credit requested,True,0.75,Amount of credit requested; Number of bankcard accounts near their credit limit; Number of accounts opened recently; Amount of revolving credit available,Amount of credit requested; Number of bankcard accounts near their credit limit; Number of accounts opened recently; Unable to verify income
1862301,0.3267,Income insufficient for amount of credit requested,Income insufficient for amount of credit requested,True,0.75,Income insufficient for amount of credit requested; Amount of credit requested; Excessive obligations in relation to income; Type of residence,Income insufficient for amount of credit requested; Excessive obligations in relation to income; Type of residence; Number of bankcard accounts near their credit limit
1198024,0.5345,Purpose of the credit requested,Purpose of the credit requested,True,0.75,Purpose of the credit requested; Excessive obligations in relation to income; Number of bankcard accounts near their credit limit; Number of accounts opened recently,Purpose of the credit requested; Amount of credit requested; Number of accounts opened recently; Excessive obligations in relation to income
1936992,0.6037,Purpose of the credit requested,Purpose of the credit requested,True,0.75,Purpose of the credit requested; Number of accounts opened recently; Excessive obligations in relation to income; Number of bankcard accounts near their credit limit,Purpose of the credit requested; Number of accounts opened recently; Number of bankcard accounts near their credit limit; Type of residence
2166656,0.3102,Income insufficient for amount of credit requested,Income insufficient for amount of credit requested,True,0.75,Income insufficient for amount of credit requested; Type of residence; Unable to verify income; Amount of credit requested,Income insufficient for amount of credit requested; Unable to verify income; Type of residence; Number of bankcard accounts near their credit limit
1023646,0.6248,Number of accounts opened recently,Number of accounts opened recently,True,0.75,Number of accounts opened recently; Excessive obligations in relation to income; Type of residence; Purpose of the credit requested,Number of accounts opened recently; Amount of credit requested; Purpose of the credit requested; Type of residence
2121593,0.306,Excessive obligations in relation to income,Number of accounts opened recently,False,0.75,Excessive obligations in relation to income; Number of bankcard accounts near their credit limit; Amount of credit requested; Number of accounts opened recently,Number of accounts opened recently; Excessive obligations in relation to income; Number of bankcard accounts near their credit limit; Purpose of the credit requested
1138274,0.3027,Number of accounts opened recently,Number of accounts opened recently,True,0.75,Number of accounts opened recently; Amount of revolving credit available; Income insufficient for amount of credit requested; Amount of credit requested,Number of accounts opened recently; Amount of revolving credit available; Income insufficient for amount of credit requested; Unable to verify income
1598195,0.3504,Number of accounts opened recently,Number of accounts opened recently,True,1.0,Number of accounts opened recently; Number of recent inquiries on credit bureau report; Amount of credit requested; Recency of inquiries on credit bureau report,Number of accounts opened recently; Number of recent inquiries on credit bureau report; Amount of credit requested; Recency of inquiries on credit bureau report
1841789,0.4514,Amount of credit requested,Amount of credit requested,True,1.0,Amount of credit requested; Income insufficient for amount of credit requested; Type of residence; Number of accounts opened recently,Amount of credit requested; Income insufficient for amount of credit requested; Number of accounts opened recently; Type of residence
371407,0.3608,Number of accounts opened recently,Number of accounts opened recently,True,0.75,Number of accounts opened recently; Number of recent inquiries on credit bureau report; Excessive obligations in relation to income; Type of residence,Number of accounts opened recently; Number of recent inquiries on credit bureau report; Recency of inquiries on credit bureau report; Excessive obligations in relation to income
1901548,0.3106,Income insufficient for amount of credit requested,Income insufficient for amount of credit requested,True,0.75,Income insufficient for amount of credit requested; Excessive obligations in relation to income; Number of bankcard accounts near their credit limit; Amount of credit requested,Income insufficient for amount of credit requested; Excessive obligations in relation to income; Number of bankcard accounts near their credit limit; Unable to verify income
1789282,0.392,Excessive obligations in relation to income,Number of accounts opened recently,False,1.0,Excessive obligations in relation to income; Number of accounts opened recently; Type of residence; Number of bankcard accounts near their credit limit,Number of accounts opened recently; Excessive obligations in relation to income; Type of residence; Number of bankcard accounts near their credit limit
25459,0.314,Amount of credit requested,Excessive obligations in relation to income,False,0.5,Amount of credit requested; Excessive obligations in relation to income; Proportion of available bankcard credit currently in use; Number of bankcard accounts near their credit limit,Excessive obligations in relation to income; Proportion of available bankcard credit currently in use; Number of accounts opened recently; Recency of inquiries on credit bureau report
987234,0.4256,Number of accounts opened recently,Number of accounts opened recently,True,1.0,Number of accounts opened recently; Income insufficient for amount of credit requested; Number of recent inquiries on credit bureau report; Number of bankcard accounts near their credit limit,Number of accounts opened recently; Number of recent inquiries on credit bureau report; Income insufficient for amount of credit requested; Number of bankcard accounts near their credit limit
678252,0.5336,Number of accounts opened recently,Number of accounts opened recently,True,0.75,Number of accounts opened recently; Excessive obligations in relation to income; Type of residence; Number of bankcard accounts near their credit limit,Number of accounts opened recently; Excessive obligations in relation to income; Type of residence; Recency of inquiries on credit bureau report
74384,0.4417,Amount of revolving credit available,Amount of revolving credit available,True,0.75,Amount of revolving credit available; Type of residence; Amount of credit requested; Proportion of available bankcard credit currently in use,Amount of revolving credit available; Amount of credit requested; Type of residence; Unable to verify income
655997,0.3223,Number of accounts opened recently,Number of accounts opened recently,True,0.75,Number of accounts opened recently; Excessive obligations in relation to income; Amount of credit requested; Recency of inquiries on credit bureau report,Number of accounts opened recently; Excessive obligations in relation to income; Recency of inquiries on credit bureau report; Unable to verify income
2026331,0.4381,Number of accounts opened recently,Number of accounts opened recently,True,0.75,Number of accounts opened recently; Recency of delinquency on credit obligations; Proportion of available bankcard credit currently in use; Purpose of the credit requested,Number of accounts opened recently; Purpose of the credit requested; Recency of delinquency on credit obligations; Amount of credit requested
1138592,0.393,Income insufficient for amount of credit requested,Income insufficient for amount of credit requested,True,1.0,Income insufficient for amount of credit requested; Number of bankcard accounts near their credit limit; Excessive obligations in relation to income; Proportion of available bankcard credit currently in use,Income insufficient for amount of credit requested; Number of bankcard accounts near their credit limit; Excessive obligations in relation to income; Proportion of available bankcard credit currently in use
1618887,0.3146,Income insufficient for amount of credit requested,Income insufficient for amount of credit requested,True,0.75,Income insufficient for amount of credit requested; Amount of credit requested; Proportion of available revolving credit currently in use; Type of residence,Income insufficient for amount of credit requested; Proportion of available revolving credit currently in use; Purpose of the credit requested; Type of residence
1657115,0.4801,Number of accounts opened recently,Number of accounts opened recently,True,0.75,Number of accounts opened recently; Income insufficient for amount of credit requested; Amount of revolving credit available; Number of bankcard accounts near their credit limit,Number of accounts opened recently; Income insufficient for amount of credit requested; Amount of revolving credit available; Unable to verify income
328660,0.4863,Number of accounts opened recently,Number of accounts opened recently,True,1.0,Number of accounts opened recently; Number of recent inquiries on credit bureau report; Recency of inquiries on credit bureau report; Income insufficient for amount of credit requested,Number of accounts opened recently; Recency of inquiries on credit bureau report; Number of recent inquiries on credit bureau report; Income insufficient for amount of credit requested
575173,0.3796,Excessive obligations in relation to income,Excessive obligations in relation to income,True,1.0,Excessive obligations in relation to income; Type of residence; Number of bankcard accounts near their credit limit; Proportion of available revolving credit currently in use,Excessive obligations in relation to income; Number of bankcard accounts near their credit limit; Type of residence; Proportion of available revolving credit currently in use
737402,0.3339,Number of accounts opened recently,Number of accounts opened recently,True,1.0,Number of accounts opened recently; Excessive obligations in relation to income; Type of residence; Amount of credit requested,Number of accounts opened recently; Excessive obligations in relation to income; Type of residence; Amount of credit requested
895677,0.4044,Recency of delinquency on credit obligations,Recency of delinquency on credit obligations,True,0.75,Recency of delinquency on credit obligations; Proportion of available bankcard credit currently in use; Type of residence; Excessive obligations in relation to income,Recency of delinquency on credit obligations; Proportion of available bankcard credit currently in use; Type of residence; Delinquent past or present credit obligations with others
1749346,0.3709,Recency of inquiries on credit bureau report,Recency of inquiries on credit bureau report,True,0.75,Recency of inquiries on credit bureau report; Income insufficient for amount of credit requested; Number of accounts opened recently; Proportion of available revolving credit currently in use,Recency of inquiries on credit bureau report; Number of accounts opened recently; Income insufficient for amount of credit requested; Unable to verify income
690548,0.3444,Number of accounts opened recently,Number of accounts opened recently,True,0.75,Number of accounts opened recently; Recency of inquiries on credit bureau report; Type of residence; Excessive obligations in relation to income,Number of accounts opened recently; Recency of inquiries on credit bureau report; Type of residence; Payment history on credit obligations
376858,0.521,Proportion of available bankcard credit currently in use,Number of accounts opened recently,False,0.75,Proportion of available bankcard credit currently in use; Income insufficient for amount of credit requested; Number of accounts opened recently; Type of residence,Number of accounts opened recently; Proportion of available bankcard credit currently in use; Income insufficient for amount of credit requested; Amount of revolving credit available
104387,0.4269,Number of accounts opened recently,Number of accounts opened recently,True,1.0,Number of accounts opened recently; Recency of inquiries on credit bureau report; Amount of credit requested; Number of recent inquiries on credit bureau report,Number of accounts opened recently; Recency of inquiries on credit bureau report; Amount of credit requested; Number of recent inquiries on credit bureau report
206014,0.3509,Income insufficient for amount of credit requested,Income insufficient for amount of credit requested,True,1.0,Income insufficient for amount of credit requested; Amount of credit requested; Number of bankcard accounts near their credit limit; Amount of revolving credit available,Income insufficient for amount of credit requested; Amount of credit requested; Number of bankcard accounts near their credit limit; Amount of revolving credit available
395512,0.4518,Number of accounts opened recently,Number of accounts opened recently,True,1.0,Number of accounts opened recently; Recency of inquiries on credit bureau report; Proportion of available bankcard credit currently in use; Number of recent inquiries on credit bureau report,Number of accounts opened recently; Recency of inquiries on credit bureau report; Proportion of available bankcard credit currently in use; Number of recent inquiries on credit bureau report
1714372,0.6859,Number of accounts opened recently,Number of accounts opened recently,True,1.0,Number of accounts opened recently; Number of recent inquiries on credit bureau report; Recency of inquiries on credit bureau report; Purpose of the credit requested,Number of accounts opened recently; Purpose of the credit requested; Recency of inquiries on credit bureau report; Number of recent inquiries on credit bureau report
2187761,0.3321,Excessive obligations in relation to income,Excessive obligations in relation to income,True,0.75,Excessive obligations in relation to income; Recency of inquiries on credit bureau report; Number of bankcard accounts near their credit limit; Number of recent inquiries on credit bureau report,Excessive obligations in relation to income; Recency of inquiries on credit bureau report; Number of bankcard accounts near their credit limit; Number of accounts opened recently
947969,0.3767,Excessive obligations in relation to income,Number of accounts opened recently,False,0.75,Excessive obligations in relation to income; Number of accounts opened recently; Type of residence; Bankruptcy,Number of accounts opened recently; Excessive obligations in relation to income; Type of residence; Amount of revolving credit available
1445126,0.4774,Number of accounts opened recently,Number of accounts opened recently,True,0.75,Number of accounts opened recently; Amount of revolving credit available; Recency of inquiries on credit bureau report; Number of bankcard accounts near their credit limit,Number of accounts opened recently; Amount of revolving credit available; Recency of inquiries on credit bureau report; Unable to verify income
302158,0.3486,Amount of revolving credit available,Amount of revolving credit available,True,1.0,Amount of revolving credit available; Income insufficient for amount of credit requested; Amount of credit requested; Number of bankcard accounts near their credit limit,Amount of revolving credit available; Amount of credit requested; Number of bankcard accounts near their credit limit; Income insufficient for amount of credit requested
1997414,0.5894,Number of accounts opened recently,Number of accounts opened recently,True,0.75,Number of accounts opened recently; Income insufficient for amount of credit requested; Type of residence; Recency of delinquency on credit obligations,Number of accounts opened recently; Income insufficient for amount of credit requested; Recency of delinquency on credit obligations; Unable to verify income
1095054,0.3011,Type of residence,Type of residence,True,0.75,Type of residence; Recency of inquiries on credit bureau report; Income insufficient for amount of credit requested; Amount of revolving credit available,Type of residence; Number of accounts opened recently; Recency of inquiries on credit bureau report; Amount of revolving credit available
1343352,0.3552,Income insufficient for amount of credit requested,Income insufficient for amount of credit requested,True,0.5,Income insufficient for amount of credit requested; Number of recent inquiries on credit bureau report; Excessive obligations in relation to income; Amount of credit requested,Income insufficient for amount of credit requested; Number of recent inquiries on credit bureau report; Number of accounts opened recently; Amount of revolving credit available
570458,0.7383,Number of recent inquiries on credit bureau report,Number of recent inquiries on credit bureau report,True,0.75,Number of recent inquiries on credit bureau report; Proportion of available bankcard credit currently in use; Amount of revolving credit available; Number of accounts opened recently,Number of recent inquiries on credit bureau report; Amount of credit requested; Amount of revolving credit available; Number of accounts opened recently
1895720,0.42,Number of recent inquiries on credit bureau report,Number of recent inquiries on credit bureau report,True,0.75,Number of recent inquiries on credit bureau report; Delinquent past or present credit obligations with others; Number of bankcard accounts near their credit limit; Recency of delinquency on credit obligations,Number of recent inquiries on credit bureau report; Delinquent past or present credit obligations with others; Recency of delinquency on credit obligations; Number of accounts opened recently
1370166,0.3383,Income insufficient for amount of credit requested,Income insufficient for amount of credit requested,True,1.0,Income insufficient for amount of credit requested; Number of bankcard accounts near their credit limit; Proportion of available bankcard credit currently in use; Excessive obligations in relation to income,Income insufficient for amount of credit requested; Number of bankcard accounts near their credit limit; Excessive obligations in relation to income; Proportion of available bankcard credit currently in use
121575,0.3413,Number of accounts opened recently,Number of accounts opened recently,True,0.75,Number of accounts opened recently; Excessive obligations in relation to income; Recency of delinquency on credit obligations; Delinquent past or present credit obligations with others,Number of accounts opened recently; Recency of delinquency on credit obligations; Delinquent past or present credit obligations with others; Recency of inquiries on credit bureau report
2221391,0.3065,Amount of credit requested,Number of accounts opened recently,False,1.0,Amount of credit requested; Number of accounts opened recently; Income insufficient for amount of credit requested; Purpose of the credit requested,Number of accounts opened recently; Purpose of the credit requested; Amount of credit requested; Income insufficient for amount of credit requested
1904880,0.3364,Excessive obligations in relation to income,Excessive obligations in relation to income,True,1.0,Excessive obligations in relation to income; Type of residence; Income insufficient for amount of credit requested; Proportion of available revolving credit currently in use,Excessive obligations in relation to income; Type of residence; Income insufficient for amount of credit requested; Proportion of available revolving credit currently in use
1496909,0.3703,Recency of inquiries on credit bureau report,Recency of inquiries on credit bureau report,True,0.5,Recency of inquiries on credit bureau report; Income insufficient for amount of credit requested; Type of residence; Proportion of available bankcard credit currently in use,Recency of inquiries on credit bureau report; Income insufficient for amount of credit requested; Purpose of the credit requested; Unable to verify income
998594,0.4588,Number of accounts opened recently,Number of accounts opened recently,True,1.0,Number of accounts opened recently; Type of residence; Income insufficient for amount of credit requested; Payment history on credit obligations,Number of accounts opened recently; Type of residence; Income insufficient for amount of credit requested; Payment history on credit obligations
688198,0.3526,Number of accounts opened recently,Number of accounts opened recently,True,0.75,Number of accounts opened recently; Type of residence; Recency of delinquency on credit obligations; Number of bankcard accounts near their credit limit,Number of accounts opened recently; Recency of delinquency on credit obligations; Type of residence; Amount of credit requested
2184588,0.3718,Amount of credit requested,Recency of inquiries on credit bureau report,False,1.0,Amount of credit requested; Income insufficient for amount of credit requested; Recency of inquiries on credit bureau report; Proportion of available revolving credit currently in use,Recency of inquiries on credit bureau report; Amount of credit requested; Income insufficient for amount of credit requested; Proportion of available revolving credit currently in use
1834959,0.5169,Number of accounts opened recently,Number of accounts opened recently,True,1.0,Number of accounts opened recently; Number of recent inquiries on credit bureau report; Recency of inquiries on credit bureau report; Type of residence,Number of accounts opened recently; Number of recent inquiries on credit bureau report; Recency of inquiries on credit bureau report; Type of residence
1912768,0.5788,Number of accounts opened recently,Number of accounts opened recently,True,0.75,Number of accounts opened recently; Recency of inquiries on credit bureau report; Number of recent inquiries on credit bureau report; Excessive obligations in relation to income,Number of accounts opened recently; Recency of inquiries on credit bureau report; Amount of credit requested; Number of recent inquiries on credit bureau report
659274,0.3723,Purpose of the credit requested,Purpose of the credit requested,True,0.75,Purpose of the credit requested; Recency of inquiries on credit bureau report; Number of bankcard accounts near their credit limit; Number of accounts opened recently,Purpose of the credit requested; Recency of inquiries on credit bureau report; Amount of credit requested; Number of accounts opened recently
15236,0.4123,Income insufficient for amount of credit requested,Number of accounts opened recently,False,0.75,Income insufficient for amount of credit requested; Number of accounts opened recently; Excessive obligations in relation to income; Amount of revolving credit available,Number of accounts opened recently; Income insufficient for amount of credit requested; Excessive obligations in relation to income; Unable to verify income
1230837,0.5202,Amount of credit requested,Recency of inquiries on credit bureau report,False,0.75,Amount of credit requested; Recency of inquiries on credit bureau report; Income insufficient for amount of credit requested; Excessive obligations in relation to income,Recency of inquiries on credit bureau report; Amount of credit requested; Number of recent inquiries on credit bureau report; Income insufficient for amount of credit requested
1096159,0.3049,Number of accounts opened recently,Number of accounts opened recently,True,0.75,Number of accounts opened recently; Recency of inquiries on credit bureau report; Amount of credit requested; Unable to verify income,Number of accounts opened recently; Recency of inquiries on credit bureau report; Unable to verify income; Total balances on credit obligations
867632,0.3075,Income insufficient for amount of credit requested,Income insufficient for amount of credit requested,True,1.0,Income insufficient for amount of credit requested; Excessive obligations in relation to income; Type of residence; Proportion of available revolving credit currently in use,Income insufficient for amount of credit requested; Type of residence; Excessive obligations in relation to income; Proportion of available revolving credit currently in use
1217663,0.4248,Amount of credit requested,Amount of credit requested,True,1.0,Amount of credit requested; Number of recent inquiries on credit bureau report; Amount of revolving credit available; Number of accounts opened recently,Amount of credit requested; Number of accounts opened recently; Number of recent inquiries on credit bureau report; Amount of revolving credit available
1224105,0.4235,Number of accounts opened recently,Number of accounts opened recently,True,1.0,Number of accounts opened recently; Recency of inquiries on credit bureau report; Number of recent inquiries on credit bureau report; Proportion of available bankcard credit currently in use,Number of accounts opened recently; Recency of inquiries on credit bureau report; Number of recent inquiries on credit bureau report; Proportion of available bankcard credit currently in use
1657134,0.3983,Number of accounts opened recently,Number of accounts opened recently,True,0.75,Number of accounts opened recently; Excessive obligations in relation to income; Number of recent inquiries on credit bureau report; Recency of inquiries on credit bureau report,Number of accounts opened recently; Excessive obligations in relation to income; Number of recent inquiries on credit bureau report; Amount of credit requested
661134,0.3275,Number of accounts opened recently,Number of accounts opened recently,True,0.75,Number of accounts opened recently; Excessive obligations in relation to income; Unable to verify income; Number of recent inquiries on credit bureau report,Number of accounts opened recently; Excessive obligations in relation to income; Unable to verify income; Recency of a serious derogatory credit item
1883619,0.349,Income insufficient for amount of credit requested,Income insufficient for amount of credit requested,True,0.75,Income insufficient for amount of credit requested; Excessive obligations in relation to income; Type of residence; Proportion of available revolving credit currently in use,Income insufficient for amount of credit requested; Excessive obligations in relation to income; Proportion of available revolving credit currently in use; Number of bankcard accounts near their credit limit
336495,0.4644,Number of accounts opened recently,Number of accounts opened recently,True,1.0,Number of accounts opened recently; Excessive obligations in relation to income; Number of bankcard accounts near their credit limit; Type of residence,Number of accounts opened recently; Excessive obligations in relation to income; Number of bankcard accounts near their credit limit; Type of residence
561325,0.302,Number of recent inquiries on credit bureau report,Number of recent inquiries on credit bureau report,True,1.0,Number of recent inquiries on credit bureau report; Number of accounts opened recently; Recency of inquiries on credit bureau report; Excessive obligations in relation to income,Number of recent inquiries on credit bureau report; Number of accounts opened recently; Recency of inquiries on credit bureau report; Excessive obligations in relation to income
428622,0.5462,Type of residence,Amount of revolving credit available,False,0.75,Type of residence; Amount of revolving credit available; Income insufficient for amount of credit requested; Proportion of available bankcard credit currently in use,Amount of revolving credit available; Type of residence; Number of accounts opened recently; Income insufficient for amount of credit requested
155985,0.4235,Number of accounts opened recently,Number of accounts opened recently,True,0.75,Number of accounts opened recently; Amount of revolving credit available; Type of residence; Excessive obligations in relation to income,Number of accounts opened recently; Amount of revolving credit available; Type of residence; Unable to verify income
1301825,0.7715,Proportion of available bankcard credit currently in use,Proportion of available bankcard credit currently in use,True,0.75,Proportion of available bankcard credit currently in use; Income insufficient for amount of credit requested; Number of accounts opened recently; Type of residence,Proportion of available bankcard credit currently in use; Number of accounts opened recently; Income insufficient for amount of credit requested; Number of bankcard accounts near their credit limit
283754,0.322,Number of bankcard accounts near their credit limit,Number of bankcard accounts near their credit limit,True,1.0,Number of bankcard accounts near their credit limit; Proportion of available revolving credit currently in use; Proportion of available bankcard credit currently in use; Amount of revolving credit available,Number of bankcard accounts near their credit limit; Proportion of available revolving credit currently in use; Amount of revolving credit available; Proportion of available bankcard credit currently in use
1862375,0.4463,Proportion of available revolving credit currently in use,Proportion of available revolving credit currently in use,True,1.0,Proportion of available revolving credit currently in use; Income insufficient for amount of credit requested; Type of residence; Number of bankcard accounts near their credit limit,Proportion of available revolving credit currently in use; Income insufficient for amount of credit requested; Type of residence; Number of bankcard accounts near their credit limit
149207,0.4057,Excessive obligations in relation to income,Number of accounts opened recently,False,1.0,Excessive obligations in relation to income; Amount of revolving credit available; Type of residence; Number of accounts opened recently,Number of accounts opened recently; Excessive obligations in relation to income; Amount of revolving credit available; Type of residence
672763,0.4748,Number of accounts opened recently,Number of accounts opened recently,True,0.75,Number of accounts opened recently; Type of residence; Number of recent inquiries on credit bureau report; Excessive obligations in relation to income,Number of accounts opened recently; Type of residence; Number of recent inquiries on credit bureau report; Unable to verify income
161945,0.3133,Income insufficient for amount of credit requested,Number of accounts opened recently,False,0.75,Income insufficient for amount of credit requested; Type of residence; Number of accounts opened recently; Amount of revolving credit available,Number of accounts opened recently; Income insufficient for amount of credit requested; Type of residence; Payment history on credit obligations
996625,0.3425,Number of accounts opened recently,Number of accounts opened recently,True,0.75,Number of accounts opened recently; Recency of inquiries on credit bureau report; Number of bankcard accounts near their credit limit; Amount of credit requested,Number of accounts opened recently; Recency of inquiries on credit bureau report; Number of bankcard accounts near their credit limit; Amount of revolving credit available
1336741,0.3124,Income insufficient for amount of credit requested,Income insufficient for amount of credit requested,True,0.75,Income insufficient for amount of credit requested; Proportion of available revolving credit currently in use; Number of bankcard accounts near their credit limit; Type of residence,Income insufficient for amount of credit requested; Proportion of available revolving credit currently in use; Number of bankcard accounts near their credit limit; Unable to verify income
58063,0.4719,Number of accounts opened recently,Number of accounts opened recently,True,1.0,Number of accounts opened recently; Excessive obligations in relation to income; Recency of delinquency on credit obligations; Type of residence,Number of accounts opened recently; Excessive obligations in relation to income; Recency of delinquency on credit obligations; Type of residence
1080493,0.3278,Purpose of the credit requested,Purpose of the credit requested,True,0.75,Purpose of the credit requested; Type of residence; Number of bankcard accounts near their credit limit; Proportion of available revolving credit currently in use,Purpose of the credit requested; Type of residence; Number of bankcard accounts near their credit limit; Amount of credit requested
1718118,0.3695,Purpose of the credit requested,Purpose of the credit requested,True,1.0,Purpose of the credit requested; Number of bankcard accounts near their credit limit; Excessive obligations in relation to income; Type of residence,Purpose of the credit requested; Excessive obligations in relation to income; Number of bankcard accounts near their credit limit; Type of residence
931924,0.4167,Number of accounts opened recently,Number of accounts opened recently,True,0.75,Number of accounts opened recently; Number of recent inquiries on credit bureau report; Proportion of available bankcard credit currently in use; Income insufficient for amount of credit requested,Number of accounts opened recently; Purpose of the credit requested; Number of recent inquiries on credit bureau report; Income insufficient for amount of credit requested
704974,0.4263,Number of accounts opened recently,Number of accounts opened recently,True,1.0,Number of accounts opened recently; Recency of inquiries on credit bureau report; Excessive obligations in relation to income; Income insufficient for amount of credit requested,Number of accounts opened recently; Recency of inquiries on credit bureau report; Excessive obligations in relation to income; Income insufficient for amount of credit requested
2241626,0.3295,Income insufficient for amount of credit requested,Income insufficient for amount of credit requested,True,1.0,Income insufficient for amount of credit requested; Recency of inquiries on credit bureau report; Number of bankcard accounts near their credit limit; Number of accounts opened recently,Income insufficient for amount of credit requested; Recency of inquiries on credit bureau report; Number of bankcard accounts near their credit limit; Number of accounts opened recently
1522658,0.3758,Number of bankcard accounts near their credit limit,Number of accounts opened recently,False,0.5,Number of bankcard accounts near their credit limit; Number of accounts opened recently; Excessive obligations in relation to income; Total balances on credit obligations,Number of accounts opened recently; Number of bankcard accounts near their credit limit; Recency of delinquency on credit obligations; Proportion of available bankcard credit currently in use
638272,0.3083,Excessive obligations in relation to income,Proportion of available bankcard credit currently in use,False,0.75,Excessive obligations in relation to income; Amount of credit requested; Proportion of available bankcard credit currently in use; Income insufficient for amount of credit requested,Proportion of available bankcard credit currently in use; Recency of inquiries on credit bureau report; Excessive obligations in relation to income; Income insufficient for amount of credit requested
785903,0.3389,Purpose of the credit requested,Purpose of the credit requested,True,0.75,Purpose of the credit requested; Amount of credit requested; Income insufficient for amount of credit requested; Recency of delinquency on credit obligations,Purpose of the credit requested; Recency of delinquency on credit obligations; Income insufficient for amount of credit requested; Number of accounts opened recently
707510,0.3902,Number of accounts opened recently,Number of accounts opened recently,True,0.75,Number of accounts opened recently; Amount of revolving credit available; Type of residence; Amount of credit requested,Number of accounts opened recently; Amount of revolving credit available; Type of residence; Number of bankcard accounts near their credit limit
1693161,0.4249,Number of accounts opened recently,Number of accounts opened recently,True,0.75,Number of accounts opened recently; Proportion of available revolving credit currently in use; Proportion of available bankcard credit currently in use; Recency of delinquency on credit obligations,Number of accounts opened recently; Amount of credit requested; Recency of delinquency on credit obligations; Proportion of available revolving credit currently in use
311211,0.6234,Number of accounts opened recently,Number of accounts opened recently,True,1.0,Number of accounts opened recently; Excessive obligations in relation to income; Amount of credit requested; Number of bankcard accounts near their credit limit,Number of accounts opened recently; Excessive obligations in relation to income; Amount of credit requested; Number of bankcard accounts near their credit limit
531329,0.3237,Number of accounts opened recently,Number of accounts opened recently,True,1.0,Number of accounts opened recently; Number of recent inquiries on credit bureau report; Type of residence; Purpose of the credit requested,Number of accounts opened recently; Purpose of the credit requested; Number of recent inquiries on credit bureau report; Type of residence
497641,0.3049,Type of residence,Purpose of the credit requested,False,0.75,Type of residence; Proportion of available bankcard credit currently in use; Amount of revolving credit available; Purpose of the credit requested,Purpose of the credit requested; Type of residence; Amount of revolving credit available; Payment history on credit obligations
1671909,0.363,Number of accounts opened recently,Number of accounts opened recently,True,1.0,Number of accounts opened recently; Excessive obligations in relation to income; Number of bankcard accounts near their credit limit; Amount of credit requested,Number of accounts opened recently; Amount of credit requested; Excessive obligations in relation to income; Number of bankcard accounts near their credit limit
36367,0.3867,Proportion of available bankcard credit currently in use,Proportion of available bankcard credit currently in use,True,0.75,Proportion of available bankcard credit currently in use; Number of bankcard accounts near their credit limit; Amount of revolving credit available; Excessive obligations in relation to income,Proportion of available bankcard credit currently in use; Number of bankcard accounts near their credit limit; Amount of revolving credit available; Proportion of available revolving credit currently in use
309230,0.3093,Number of bankcard accounts near their credit limit,Number of bankcard accounts near their credit limit,True,1.0,Number of bankcard accounts near their credit limit; Excessive obligations in relation to income; Income insufficient for amount of credit requested; Type of residence,Number of bankcard accounts near their credit limit; Income insufficient for amount of credit requested; Excessive obligations in relation to income; Type of residence
315603,0.3649,Excessive obligations in relation to income,Excessive obligations in relation to income,True,0.75,Excessive obligations in relation to income; Type of residence; Income insufficient for amount of credit requested; Number of bankcard accounts near their credit limit,Excessive obligations in relation to income; Income insufficient for amount of credit requested; Type of residence; Unable to verify income
338364,0.5046,Purpose of the credit requested,Purpose of the credit requested,True,1.0,Purpose of the credit requested; Excessive obligations in relation to income; Number of accounts opened recently; Number of bankcard accounts near their credit limit,Purpose of the credit requested; Number of accounts opened recently; Excessive obligations in relation to income; Number of bankcard accounts near their credit limit
1784460,0.4315,Number of accounts opened recently,Number of accounts opened recently,True,1.0,Number of accounts opened recently; Excessive obligations in relation to income; Amount of credit requested; Proportion of available revolving credit currently in use,Number of accounts opened recently; Amount of credit requested; Excessive obligations in relation to income; Proportion of available revolving credit currently in use
2165472,0.3764,Number of accounts opened recently,Number of accounts opened recently,True,1.0,Number of accounts opened recently; Proportion of available bankcard credit currently in use; Recency of inquiries on credit bureau report; Amount of revolving credit available,Number of accounts opened recently; Recency of inquiries on credit bureau report; Proportion of available bankcard credit currently in use; Amount of revolving credit available
1251254,0.3125,Number of accounts opened recently,Number of accounts opened recently,True,0.5,Number of accounts opened recently; Amount of credit requested; Income insufficient for amount of credit requested; Type of residence,Number of accounts opened recently; Purpose of the credit requested; Type of residence; Unable to verify income
1007368,0.5283,Number of accounts opened recently,Number of accounts opened recently,True,0.75,Number of accounts opened recently; Excessive obligations in relation to income; Number of bankcard accounts near their credit limit; Recency of inquiries on credit bureau report,Number of accounts opened recently; Excessive obligations in relation to income; Number of bankcard accounts near their credit limit; Recency of a serious derogatory credit item
743298,0.3915,Type of residence,Number of accounts opened recently,False,0.75,Type of residence; Amount of revolving credit available; Income insufficient for amount of credit requested; Proportion of available bankcard credit currently in use,Number of accounts opened recently; Type of residence; Amount of revolving credit available; Income insufficient for amount of credit requested
17096,0.5274,Number of accounts opened recently,Number of accounts opened recently,True,1.0,Number of accounts opened recently; Number of recent inquiries on credit bureau report; Excessive obligations in relation to income; Recency of inquiries on credit bureau report,Number of accounts opened recently; Number of recent inquiries on credit bureau report; Excessive obligations in relation to income; Recency of inquiries on credit bureau report
880876,0.3783,Excessive obligations in relation to income,Excessive obligations in relation to income,True,0.75,Excessive obligations in relation to income; Income insufficient for amount of credit requested; Recency of inquiries on credit bureau report; Number of bankcard accounts near their credit limit,Excessive obligations in relation to income; Recency of inquiries on credit bureau report; Income insufficient for amount of credit requested; Number of accounts opened recently
136566,0.4239,Number of accounts opened recently,Number of accounts opened recently,True,0.75,Number of accounts opened recently; Excessive obligations in relation to income; Type of residence; Purpose of the credit requested,Number of accounts opened recently; Purpose of the credit requested; Recency of inquiries on credit bureau report; Type of residence
1297115,0.4846,Number of accounts opened recently,Number of accounts opened recently,True,1.0,Number of accounts opened recently; Excessive obligations in relation to income; Proportion of available bankcard credit currently in use; Number of bankcard accounts near their credit limit,Number of accounts opened recently; Proportion of available bankcard credit currently in use; Excessive obligations in relation to income; Number of bankcard accounts near their credit limit
1781227,0.4064,Income insufficient for amount of credit requested,Income insufficient for amount of credit requested,True,1.0,Income insufficient for amount of credit requested; Excessive obligations in relation to income; Recency of inquiries on credit bureau report; Number of accounts opened recently,Income insufficient for amount of credit requested; Recency of inquiries on credit bureau report; Excessive obligations in relation to income; Number of accounts opened recently
1834740,0.395,Number of recent inquiries on credit bureau report,Number of recent inquiries on credit bureau report,True,1.0,Number of recent inquiries on credit bureau report; Type of residence; Recency of inquiries on credit bureau report; Number of accounts opened recently,Number of recent inquiries on credit bureau report; Recency of inquiries on credit bureau report; Type of residence; Number of accounts opened recently
1103665,0.4123,Number of accounts opened recently,Number of accounts opened recently,True,0.75,Number of accounts opened recently; Number of recent inquiries on credit bureau report; Number of bankcard accounts near their credit limit; Recency of inquiries on credit bureau report,Number of accounts opened recently; Number of recent inquiries on credit bureau report; Purpose of the credit requested; Number of bankcard accounts near their credit limit
1089510,0.3018,Excessive obligations in relation to income,Excessive obligations in relation to income,True,0.75,Excessive obligations in relation to income; Type of residence; Unable to verify income; Recency of inquiries on credit bureau report,Excessive obligations in relation to income; Unable to verify income; Number of accounts opened recently; Recency of inquiries on credit bureau report
1324806,0.3631,Recency of inquiries on credit bureau report,Recency of inquiries on credit bureau report,True,0.75,Recency of inquiries on credit bureau report; Income insufficient for amount of credit requested; Number of recent inquiries on credit bureau report; Type of residence,Recency of inquiries on credit bureau report; Number of accounts opened recently; Number of recent inquiries on credit bureau report; Type of residence
1066044,0.3274,Excessive obligations in relation to income,Excessive obligations in relation to income,True,0.75,Excessive obligations in relation to income; Income insufficient for amount of credit requested; Proportion of available revolving credit currently in use; Number of bankcard accounts near their credit limit,Excessive obligations in relation to income; Income insufficient for amount of credit requested; Amount of credit requested; Proportion of available revolving credit currently in use
855582,0.4871,Number of accounts opened recently,Number of accounts opened recently,True,0.75,Number of accounts opened recently; Type of residence; Payment history on credit obligations; Proportion of available bankcard credit currently in use,Number of accounts opened recently; Type of residence; Recency of a serious derogatory credit item; Payment history on credit obligations
1792699,0.3097,Income insufficient for amount of credit requested,Amount of credit requested,False,1.0,Income insufficient for amount of credit requested; Amount of credit requested; Proportion of available revolving credit currently in use; Proportion of available bankcard credit currently in use,Amount of credit requested; Income insufficient for amount of credit requested; Proportion of available revolving credit currently in use; Proportion of available bankcard credit currently in use
1735895,0.3087,Recency of delinquency on credit obligations,Recency of delinquency on credit obligations,True,0.75,Recency of delinquency on credit obligations; Recency of inquiries on credit bureau report; Income insufficient for amount of credit requested; Proportion of available bankcard credit currently in use,Recency of delinquency on credit obligations; Recency of inquiries on credit bureau report; Income insufficient for amount of credit requested; Unable to verify income
1933097,0.3346,Number of recent inquiries on credit bureau report,Number of recent inquiries on credit bureau report,True,0.75,Number of recent inquiries on credit bureau report; Recency of delinquency on credit obligations; Proportion of available bankcard credit currently in use; Type of residence,Number of recent inquiries on credit bureau report; Recency of delinquency on credit obligations; Amount of credit requested; Type of residence
1969020,0.3566,Number of accounts opened recently,Number of accounts opened recently,True,1.0,Number of accounts opened recently; Excessive obligations in relation to income; Income insufficient for amount of credit requested; Number of bankcard accounts near their credit limit,Number of accounts opened recently; Excessive obligations in relation to income; Income insufficient for amount of credit requested; Number of bankcard accounts near their credit limit
257906,0.442,Proportion of available bankcard credit currently in use,Proportion of available bankcard credit currently in use,True,1.0,Proportion of available bankcard credit currently in use; Income insufficient for amount of credit requested; Proportion of available revolving credit currently in use; Number of bankcard accounts near their credit limit,Proportion of available bankcard credit currently in use; Proportion of available revolving credit currently in use; Number of bankcard accounts near their credit limit; Income insufficient for amount of credit requested
458273,0.3133,Excessive obligations in relation to income,Number of accounts opened recently,False,0.5,Excessive obligations in relation to income; Number of bankcard accounts near their credit limit; Proportion of available bankcard credit currently in use; Type of residence,Number of accounts opened recently; Proportion of available revolving credit currently in use; Number of bankcard accounts near their credit limit; Proportion of available bankcard credit currently in use
78251,0.3098,Number of accounts opened recently,Number of accounts opened recently,True,1.0,Number of accounts opened recently; Proportion of available bankcard credit currently in use; Number of bankcard accounts near their credit limit; Recency of delinquency on credit obligations,Number of accounts opened recently; Proportion of available bankcard credit currently in use; Recency of delinquency on credit obligations; Number of bankcard accounts near their credit limit
397882,0.3845,Type of residence,Number of accounts opened recently,False,0.5,Type of residence; Excessive obligations in relation to income; Number of accounts opened recently; Number of bankcard accounts near their credit limit,Number of accounts opened recently; Amount of credit requested; Type of residence; Unable to verify income
890181,0.3666,Number of accounts opened recently,Number of accounts opened recently,True,1.0,Number of accounts opened recently; Type of residence; Delinquent past or present credit obligations with others; Amount of revolving credit available,Number of accounts opened recently; Type of residence; Amount of revolving credit available; Delinquent past or present credit obligations with others
1334033,0.3351,Income insufficient for amount of credit requested,Income insufficient for amount of credit requested,True,0.5,Income insufficient for amount of credit requested; Number of bankcard accounts near their credit limit; Amount of credit requested; Type of residence,Income insufficient for amount of credit requested; Number of bankcard accounts near their credit limit; Unable to verify income; Recency of inquiries on credit bureau report
821972,0.4265,Income insufficient for amount of credit requested,Income insufficient for amount of credit requested,True,0.75,Income insufficient for amount of credit requested; Type of residence; Proportion of available revolving credit currently in use; Proportion of available bankcard credit currently in use,Income insufficient for amount of credit requested; Proportion of available revolving credit currently in use; Type of residence; Number of bankcard accounts near their credit limit
359415,0.3288,Recency of inquiries on credit bureau report,Recency of inquiries on credit bureau report,True,0.75,Recency of inquiries on credit bureau report; Number of accounts opened recently; Number of bankcard accounts near their credit limit; Unable to verify income,Recency of inquiries on credit bureau report; Amount of credit requested; Number of accounts opened recently; Number of bankcard accounts near their credit limit
2135110,0.3744,Amount of credit requested,Number of accounts opened recently,False,0.75,Amount of credit requested; Income insufficient for amount of credit requested; Number of accounts opened recently; Recency of inquiries on credit bureau report,Number of accounts opened recently; Recency of inquiries on credit bureau report; Income insufficient for amount of credit requested; Type of residence
601184,0.5485,Number of accounts opened recently,Number of accounts opened recently,True,0.5,Number of accounts opened recently; Type of residence; Proportion of available bankcard credit currently in use; Payment history on credit obligations,Number of accounts opened recently; Type of residence; Unable to verify income; Recency of inquiries on credit bureau report
263317,0.8695,Number of accounts opened recently,Number of accounts opened recently,True,1.0,Number of accounts opened recently; Proportion of available bankcard credit currently in use; Number of recent inquiries on credit bureau report; Amount of credit requested,Number of accounts opened recently; Amount of credit requested; Number of recent inquiries on credit bureau report; Proportion of available bankcard credit currently in use
1769170,0.3213,Number of recent inquiries on credit bureau report,Number of recent inquiries on credit bureau report,True,1.0,Number of recent inquiries on credit bureau report; Proportion of available bankcard credit currently in use; Recency of inquiries on credit bureau report; Delinquent past or present credit obligations with others,Number of recent inquiries on credit bureau report; Recency of inquiries on credit bureau report; Delinquent past or present credit obligations with others; Proportion of available bankcard credit currently in use
1417616,0.314,Number of accounts opened recently,Number of accounts opened recently,True,0.75,Number of accounts opened recently; Number of bankcard accounts near their credit limit; Payment history on credit obligations; Unable to verify income,Number of accounts opened recently; Amount of credit requested; Number of bankcard accounts near their credit limit; Unable to verify income
859945,0.3032,Excessive obligations in relation to income,Number of accounts opened recently,False,1.0,Excessive obligations in relation to income; Number of accounts opened recently; Income insufficient for amount of credit requested; Type of residence,Number of accounts opened recently; Excessive obligations in relation to income; Income insufficient for amount of credit requested; Type of residence
2225553,0.6101,Number of accounts opened recently,Number of accounts opened recently,True,0.75,Number of accounts opened recently; Amount of credit requested; Recency of inquiries on credit bureau report; Type of residence,Number of accounts opened recently; Amount of credit requested; Recency of inquiries on credit bureau report; Number of recent inquiries on credit bureau report
469942,0.3004,Number of accounts opened recently,Number of accounts opened recently,True,0.75,Number of accounts opened recently; Purpose of the credit requested; Amount of credit requested; Type of residence,Number of accounts opened recently; Purpose of the credit requested; Type of residence; Number of bankcard accounts near their credit limit
1261720,0.3262,Number of accounts opened recently,Number of accounts opened recently,True,0.75,Number of accounts opened recently; Income insufficient for amount of credit requested; Amount of revolving credit available; Number of bankcard accounts near their credit limit,Number of accounts opened recently; Amount of revolving credit available; Recency of inquiries on credit bureau report; Number of bankcard accounts near their credit limit
2121215,0.3426,Excessive obligations in relation to income,Recency of inquiries on credit bureau report,False,1.0,Excessive obligations in relation to income; Recency of inquiries on credit bureau report; Number of accounts opened recently; Number of recent inquiries on credit bureau report,Recency of inquiries on credit bureau report; Number of accounts opened recently; Excessive obligations in relation to income; Number of recent inquiries on credit bureau report
1028104,0.3575,Number of accounts opened recently,Number of accounts opened recently,True,0.75,Number of accounts opened recently; Type of residence; Proportion of available bankcard credit currently in use; Recency of inquiries on credit bureau report,Number of accounts opened recently; Recency of inquiries on credit bureau report; Unable to verify income; Type of residence
1000414,0.3786,Type of residence,Type of residence,True,0.75,Type of residence; Excessive obligations in relation to income; Recency of inquiries on credit bureau report; Number of recent inquiries on credit bureau report,Type of residence; Excessive obligations in relation to income; Recency of inquiries on credit bureau report; Number of accounts opened recently
1343153,0.3873,Income insufficient for amount of credit requested,Number of recent inquiries on credit bureau report,False,1.0,Income insufficient for amount of credit requested; Number of recent inquiries on credit bureau report; Amount of revolving credit available; Amount of credit requested,Number of recent inquiries on credit bureau report; Income insufficient for amount of credit requested; Amount of revolving credit available; Amount of credit requested
465168,0.3017,Number of accounts opened recently,Number of accounts opened recently,True,0.75,Number of accounts opened recently; Amount of credit requested; Type of residence; Amount of revolving credit available,Number of accounts opened recently; Amount of revolving credit available; Number of bankcard accounts near their credit limit; Type of residence
755370,0.3267,Recency of inquiries on credit bureau report,Number of accounts opened recently,False,0.75,Recency of inquiries on credit bureau report; Number of accounts opened recently; Number of recent inquiries on credit bureau report; Proportion of available bankcard credit currently in use,Number of accounts opened recently; Recency of inquiries on credit bureau report; Number of recent inquiries on credit bureau report; Amount of revolving credit available
1242875,0.3919,Number of accounts opened recently,Number of accounts opened recently,True,1.0,Number of accounts opened recently; Number of bankcard accounts near their credit limit; Type of residence; Proportion of available revolving credit currently in use,Number of accounts opened recently; Number of bankcard accounts near their credit limit; Proportion of available revolving credit currently in use; Type of residence
962097,0.328,Number of bankcard accounts near their credit limit,Amount of credit requested,False,0.75,Number of bankcard accounts near their credit limit; Amount of credit requested; Amount of revolving credit available; Type of residence,Amount of credit requested; Proportion of available revolving credit currently in use; Number of bankcard accounts near their credit limit; Amount of revolving credit available
1902384,0.3259,Excessive obligations in relation to income,Number of recent inquiries on credit bureau report,False,0.75,Excessive obligations in relation to income; Number of recent inquiries on credit bureau report; Number of bankcard accounts near their credit limit; Income insufficient for amount of credit requested,Number of recent inquiries on credit bureau report; Recency of inquiries on credit bureau report; Excessive obligations in relation to income; Income insufficient for amount of credit requested
2068900,0.3133,Income insufficient for amount of credit requested,Income insufficient for amount of credit requested,True,0.75,Income insufficient for amount of credit requested; Amount of revolving credit available; Recency of inquiries on credit bureau report; Proportion of available bankcard credit currently in use,Income insufficient for amount of credit requested; Recency of inquiries on credit bureau report; Amount of revolving credit available; Unable to verify income
2016831,0.3074,Excessive obligations in relation to income,Excessive obligations in relation to income,True,0.75,Excessive obligations in relation to income; Income insufficient for amount of credit requested; Amount of credit requested; Type of residence,Excessive obligations in relation to income; Income insufficient for amount of credit requested; Number of accounts opened recently; Amount of credit requested
197391,0.3489,Number of accounts opened recently,Number of accounts opened recently,True,1.0,Number of accounts opened recently; Excessive obligations in relation to income; Number of bankcard accounts near their credit limit; Amount of credit requested,Number of accounts opened recently; Excessive obligations in relation to income; Number of bankcard accounts near their credit limit; Amount of credit requested
809785,0.5588,Number of accounts opened recently,Number of accounts opened recently,True,0.5,Number of accounts opened recently; Income insufficient for amount of credit requested; Proportion of available bankcard credit currently in use; Amount of credit requested,Number of accounts opened recently; Purpose of the credit requested; Recency of inquiries on credit bureau report; Income insufficient for amount of credit requested
2192821,0.3302,Recency of inquiries on credit bureau report,Purpose of the credit requested,False,1.0,Recency of inquiries on credit bureau report; Purpose of the credit requested; Proportion of available bankcard credit currently in use; Type of residence,Purpose of the credit requested; Recency of inquiries on credit bureau report; Proportion of available bankcard credit currently in use; Type of residence
1785779,0.6652,Number of accounts opened recently,Number of accounts opened recently,True,0.75,Number of accounts opened recently; Excessive obligations in relation to income; Recency of inquiries on credit bureau report; Amount of revolving credit available,Number of accounts opened recently; Excessive obligations in relation to income; Recency of inquiries on credit bureau report; Amount of credit requested
101778,0.3033,Number of bankcard accounts near their credit limit,Number of bankcard accounts near their credit limit,True,0.75,Number of bankcard accounts near their credit limit; Income insufficient for amount of credit requested; Excessive obligations in relation to income; Amount of credit requested,Number of bankcard accounts near their credit limit; Income insufficient for amount of credit requested; Excessive obligations in relation to income; Payment history on credit obligations
2193320,0.4163,Number of accounts opened recently,Number of accounts opened recently,True,0.75,Number of accounts opened recently; Excessive obligations in relation to income; Amount of credit requested; Recency of inquiries on credit bureau report,Number of accounts opened recently; Excessive obligations in relation to income; Recency of inquiries on credit bureau report; Number of recent inquiries on credit bureau report
1897571,0.5785,Number of accounts opened recently,Number of accounts opened recently,True,0.75,Number of accounts opened recently; Amount of credit requested; Proportion of available bankcard credit currently in use; Number of recent inquiries on credit bureau report,Number of accounts opened recently; Amount of credit requested; Recency of inquiries on credit bureau report; Number of recent inquiries on credit bureau report
198929,0.5526,Number of accounts opened recently,Number of accounts opened recently,True,0.75,Number of accounts opened recently; Recency of delinquency on credit obligations; Proportion of available bankcard credit currently in use; Recency of inquiries on credit bureau report,Number of accounts opened recently; Recency of delinquency on credit obligations; Recency of inquiries on credit bureau report; Amount of credit requested
2090196,0.344,Number of accounts opened recently,Number of accounts opened recently,True,0.75,Number of accounts opened recently; Excessive obligations in relation to income; Amount of credit requested; Income insufficient for amount of credit requested,Number of accounts opened recently; Amount of credit requested; Excessive obligations in relation to income; Number of bankcard accounts near their credit limit
17137,0.3357,Recency of inquiries on credit bureau report,Recency of inquiries on credit bureau report,True,0.75,Recency of inquiries on credit bureau report; Number of accounts opened recently; Income insufficient for amount of credit requested; Excessive obligations in relation to income,Recency of inquiries on credit bureau report; Number of accounts opened recently; Number of recent inquiries on credit bureau report; Income insufficient for amount of credit requested
2032469,0.3555,Income insufficient for amount of credit requested,Income insufficient for amount of credit requested,True,0.75,Income insufficient for amount of credit requested; Type of residence; Amount of revolving credit available; Amount of credit requested,Income insufficient for amount of credit requested; Unable to verify income; Type of residence; Amount of credit requested
1244113,0.3424,Number of recent inquiries on credit bureau report,Number of recent inquiries on credit bureau report,True,0.75,Number of recent inquiries on credit bureau report; Purpose of the credit requested; Amount of credit requested; Proportion of available bankcard credit currently in use,Number of recent inquiries on credit bureau report; Amount of credit requested; Purpose of the credit requested; Recency of delinquency on credit obligations
411400,0.4663,Purpose of the credit requested,Purpose of the credit requested,True,0.75,Purpose of the credit requested; Number of accounts opened recently; Income insufficient for amount of credit requested; Number of bankcard accounts near their credit limit,Purpose of the credit requested; Number of accounts opened recently; Income insufficient for amount of credit requested; Type of residence
402153,0.3077,Number of accounts opened recently,Number of accounts opened recently,True,0.75,Number of accounts opened recently; Income insufficient for amount of credit requested; Recency of delinquency on credit obligations; Type of residence,Number of accounts opened recently; Income insufficient for amount of credit requested; Recency of delinquency on credit obligations; Recency of inquiries on credit bureau report
556754,0.3296,Number of accounts opened recently,Number of accounts opened recently,True,0.75,Number of accounts opened recently; Excessive obligations in relation to income; Amount of credit requested; Number of bankcard accounts near their credit limit,Number of accounts opened recently; Excessive obligations in relation to income; Recency of inquiries on credit bureau report; Number of bankcard accounts near their credit limit
1157574,0.3896,Number of accounts opened recently,Number of accounts opened recently,True,0.75,Number of accounts opened recently; Excessive obligations in relation to income; Income insufficient for amount of credit requested; Number of bankcard accounts near their credit limit,Number of accounts opened recently; Excessive obligations in relation to income; Recency of inquiries on credit bureau report; Income insufficient for amount of credit requested
380415,0.3741,Number of accounts opened recently,Number of accounts opened recently,True,1.0,Number of accounts opened recently; Excessive obligations in relation to income; Income insufficient for amount of credit requested; Number of bankcard accounts near their credit limit,Number of accounts opened recently; Excessive obligations in relation to income; Number of bankcard accounts near their credit limit; Income insufficient for amount of credit requested
1031129,0.5029,Number of accounts opened recently,Number of accounts opened recently,True,0.75,Number of accounts opened recently; Purpose of the credit requested; Recency of inquiries on credit bureau report; Proportion of available bankcard credit currently in use,Number of accounts opened recently; Purpose of the credit requested; Recency of inquiries on credit bureau report; Unable to verify income
965642,0.404,Excessive obligations in relation to income,Number of accounts opened recently,False,1.0,Excessive obligations in relation to income; Number of accounts opened recently; Purpose of the credit requested; Number of bankcard accounts near their credit limit,Number of accounts opened recently; Purpose of the credit requested; Excessive obligations in relation to income; Number of bankcard accounts near their credit limit
1845736,0.4992,Purpose of the credit requested,Purpose of the credit requested,True,0.75,Purpose of the credit requested; Excessive obligations in relation to income; Number of accounts opened recently; Number of bankcard accounts near their credit limit,Purpose of the credit requested; Excessive obligations in relation to income; Number of accounts opened recently; Amount of credit requested
1206500,0.3471,Type of residence,Type of residence,True,1.0,Type of residence; Amount of credit requested; Number of bankcard accounts near their credit limit; Proportion of available bankcard credit currently in use,Type of residence; Amount of credit requested; Number of bankcard accounts near their credit limit; Proportion of available bankcard credit currently in use
573142,0.4076,Recency of inquiries on credit bureau report,Recency of inquiries on credit bureau report,True,1.0,Recency of inquiries on credit bureau report; Amount of credit requested; Amount of revolving credit available; Unable to verify income,Recency of inquiries on credit bureau report; Amount of credit requested; Unable to verify income; Amount of revolving credit available
1117032,0.3843,Excessive obligations in relation to income,Excessive obligations in relation to income,True,0.5,Excessive obligations in relation to income; Income insufficient for amount of credit requested; Type of residence; Number of bankcard accounts near their credit limit,Excessive obligations in relation to income; Income insufficient for amount of credit requested; Recency of inquiries on credit bureau report; Number of accounts opened recently
803502,0.346,Number of accounts opened recently,Number of accounts opened recently,True,0.75,Number of accounts opened recently; Excessive obligations in relation to income; Amount of revolving credit available; Number of bankcard accounts near their credit limit,Number of accounts opened recently; Excessive obligations in relation to income; Amount of revolving credit available; Amount of credit requested
317876,0.3147,Number of accounts opened recently,Number of accounts opened recently,True,1.0,Number of accounts opened recently; Income insufficient for amount of credit requested; Number of recent inquiries on credit bureau report; Number of bankcard accounts near their credit limit,Number of accounts opened recently; Income insufficient for amount of credit requested; Number of recent inquiries on credit bureau report; Number of bankcard accounts near their credit limit
356785,0.3974,Number of accounts opened recently,Number of accounts opened recently,True,1.0,Number of accounts opened recently; Income insufficient for amount of credit requested; Excessive obligations in relation to income; Number of bankcard accounts near their credit limit,Number of accounts opened recently; Income insufficient for amount of credit requested; Excessive obligations in relation to income; Number of bankcard accounts near their credit limit
2241867,0.316,Number of accounts opened recently,Number of accounts opened recently,True,1.0,Number of accounts opened recently; Excessive obligations in relation to income; Number of bankcard accounts near their credit limit; Amount of credit requested,Number of accounts opened recently; Excessive obligations in relation to income; Number of bankcard accounts near their credit limit; Amount of credit requested
1269510,0.3148,Income insufficient for amount of credit requested,Number of recent inquiries on credit bureau report,False,0.75,Income insufficient for amount of credit requested; Number of recent inquiries on credit bureau report; Number of bankcard accounts near their credit limit; Amount of revolving credit available,Number of recent inquiries on credit bureau report; Income insufficient for amount of credit requested; Recency of inquiries on credit bureau report; Amount of revolving credit available
252540,0.347,Number of accounts opened recently,Number of accounts opened recently,True,0.75,Number of accounts opened recently; Income insufficient for amount of credit requested; Amount of credit requested; Excessive obligations in relation to income,Number of accounts opened recently; Income insufficient for amount of credit requested; Excessive obligations in relation to income; Amount of revolving credit available
1121827,0.3302,Excessive obligations in relation to income,Number of accounts opened recently,False,1.0,Excessive obligations in relation to income; Income insufficient for amount of credit requested; Number of accounts opened recently; Recency of inquiries on credit bureau report,Number of accounts opened recently; Income insufficient for amount of credit requested; Recency of inquiries on credit bureau report; Excessive obligations in relation to income
1658857,0.3101,Number of accounts opened recently,Number of accounts opened recently,True,1.0,Number of accounts opened recently; Recency of inquiries on credit bureau report; Proportion of available bankcard credit currently in use; Number of recent inquiries on credit bureau report,Number of accounts opened recently; Recency of inquiries on credit bureau report; Number of recent inquiries on credit bureau report; Proportion of available bankcard credit currently in use
1364904,0.4211,Excessive obligations in relation to income,Number of accounts opened recently,False,0.75,Excessive obligations in relation to income; Number of accounts opened recently; Type of residence; Purpose of the credit requested,Number of accounts opened recently; Excessive obligations in relation to income; Purpose of the credit requested; Recency of inquiries on credit bureau report
641816,0.3014,Number of accounts opened recently,Number of accounts opened recently,True,1.0,Number of accounts opened recently; Excessive obligations in relation to income; Number of recent inquiries on credit bureau report; Recency of inquiries on credit bureau report,Number of accounts opened recently; Excessive obligations in relation to income; Number of recent inquiries on credit bureau report; Recency of inquiries on credit bureau report
155291,0.3814,Proportion of available bankcard credit currently in use,Proportion of available bankcard credit currently in use,True,0.75,Proportion of available bankcard credit currently in use; Amount of credit requested; Number of bankcard accounts near their credit limit; Type of residence,Proportion of available bankcard credit currently in use; Amount of credit requested; Number of accounts opened recently; Number of bankcard accounts near their credit limit
381772,0.3064,Recency of inquiries on credit bureau report,Recency of inquiries on credit bureau report,True,0.75,Recency of inquiries on credit bureau report; Excessive obligations in relation to income; Income insufficient for amount of credit requested; Number of recent inquiries on credit bureau report,Recency of inquiries on credit bureau report; Income insufficient for amount of credit requested; Excessive obligations in relation to income; Proportion of available bankcard credit currently in use
1117114,0.392,Number of accounts opened recently,Number of accounts opened recently,True,1.0,Number of accounts opened recently; Recency of inquiries on credit bureau report; Amount of revolving credit available; Number of recent inquiries on credit bureau report,Number of accounts opened recently; Recency of inquiries on credit bureau report; Amount of revolving credit available; Number of recent inquiries on credit bureau report
2130012,0.3162,Excessive obligations in relation to income,Excessive obligations in relation to income,True,1.0,Excessive obligations in relation to income; Type of residence; Income insufficient for amount of credit requested; Amount of credit requested,Excessive obligations in relation to income; Type of residence; Amount of credit requested; Income insufficient for amount of credit requested
1679512,0.3045,Number of accounts opened recently,Number of accounts opened recently,True,1.0,Number of accounts opened recently; Recency of delinquency on credit obligations; Delinquent past or present credit obligations with others; Recency of inquiries on credit bureau report,Number of accounts opened recently; Recency of inquiries on credit bureau report; Recency of delinquency on credit obligations; Delinquent past or present credit obligations with others
584961,0.3079,Recency of inquiries on credit bureau report,Recency of inquiries on credit bureau report,True,0.75,Recency of inquiries on credit bureau report; Number of recent inquiries on credit bureau report; Purpose of the credit requested; Excessive obligations in relation to income,Recency of inquiries on credit bureau report; Purpose of the credit requested; Number of recent inquiries on credit bureau report; Number of bankcard accounts near their credit limit
1816203,0.3418,Type of residence,Number of recent inquiries on credit bureau report,False,0.75,Type of residence; Number of recent inquiries on credit bureau report; Income insufficient for amount of credit requested; Amount of revolving credit available,Number of recent inquiries on credit bureau report; Type of residence; Unable to verify income; Amount of revolving credit available
957631,0.3916,Number of accounts opened recently,Number of accounts opened recently,True,0.75,Number of accounts opened recently; Excessive obligations in relation to income; Number of recent inquiries on credit bureau report; Type of residence,Number of accounts opened recently; Number of recent inquiries on credit bureau report; Excessive obligations in relation to income; Proportion of available revolving credit currently in use
1319093,0.3411,Amount of credit requested,Number of accounts opened recently,False,1.0,Amount of credit requested; Number of accounts opened recently; Income insufficient for amount of credit requested; Number of bankcard accounts near their credit limit,Number of accounts opened recently; Amount of credit requested; Number of bankcard accounts near their credit limit; Income insufficient for amount of credit requested
1773643,0.3622,Number of recent inquiries on credit bureau report,Number of accounts opened recently,False,1.0,Number of recent inquiries on credit bureau report; Number of bankcard accounts near their credit limit; Number of accounts opened recently; Amount of credit requested,Number of accounts opened recently; Number of recent inquiries on credit bureau report; Number of bankcard accounts near their credit limit; Amount of credit requested
1537620,0.3608,Number of accounts opened recently,Number of accounts opened recently,True,0.75,Number of accounts opened recently; Type of residence; Number of bankcard accounts near their credit limit; Payment history on credit obligations,Number of accounts opened recently; Amount of credit requested; Type of residence; Number of bankcard accounts near their credit limit
111694,0.3729,Number of accounts opened recently,Number of accounts opened recently,True,1.0,Number of accounts opened recently; Income insufficient for amount of credit requested; Recency of inquiries on credit bureau report; Type of residence,Number of accounts opened recently; Recency of inquiries on credit bureau report; Type of residence; Income insufficient for amount of credit requested
658128,0.7134,Number of accounts opened recently,Number of accounts opened recently,True,0.5,Number of accounts opened recently; Number of recent inquiries on credit bureau report; Amount of credit requested; Excessive obligations in relation to income,Number of accounts opened recently; Number of recent inquiries on credit bureau report; Recency of inquiries on credit bureau report; Amount of revolving credit available
1624395,0.3499,Amount of credit requested,Proportion of available revolving credit currently in use,False,0.5,Amount of credit requested; Proportion of available revolving credit currently in use; Income insufficient for amount of credit requested; Proportion of available bankcard credit currently in use,Proportion of available revolving credit currently in use; Proportion of available bankcard credit currently in use; Purpose of the credit requested; Type of residence
1155431,0.5659,Number of accounts opened recently,Number of accounts opened recently,True,1.0,Number of accounts opened recently; Number of bankcard accounts near their credit limit; Amount of revolving credit available; Number of recent inquiries on credit bureau report,Number of accounts opened recently; Number of bankcard accounts near their credit limit; Amount of revolving credit available; Number of recent inquiries on credit bureau report
1685414,0.3124,Number of accounts opened recently,Number of accounts opened recently,True,1.0,Number of accounts opened recently; Recency of delinquency on credit obligations; Amount of credit requested; Proportion of available bankcard credit currently in use,Number of accounts opened recently; Recency of delinquency on credit obligations; Amount of credit requested; Proportion of available bankcard credit currently in use
2219825,0.3916,Number of accounts opened recently,Number of accounts opened recently,True,0.75,Number of accounts opened recently; Number of recent inquiries on credit bureau report; Amount of credit requested; Excessive obligations in relation to income,Number of accounts opened recently; Number of recent inquiries on credit bureau report; Recency of inquiries on credit bureau report; Excessive obligations in relation to income
1660452,0.4449,Income insufficient for amount of credit requested,Income insufficient for amount of credit requested,True,1.0,Income insufficient for amount of credit requested; Excessive obligations in relation to income; Type of residence; Number of bankcard accounts near their credit limit,Income insufficient for amount of credit requested; Excessive obligations in relation to income; Type of residence; Number of bankcard accounts near their credit limit
1813361,0.3453,Proportion of available bankcard credit currently in use,Recency of delinquency on credit obligations,False,0.75,Proportion of available bankcard credit currently in use; Recency of delinquency on credit obligations; Income insufficient for amount of credit requested; Delinquent past or present credit obligations with others,Recency of delinquency on credit obligations; Proportion of available bankcard credit currently in use; Purpose of the credit requested; Income insufficient for amount of credit requested
627885,0.3217,Type of residence,Recency of delinquency on credit obligations,False,0.75,Type of residence; Number of bankcard accounts near their credit limit; Excessive obligations in relation to income; Amount of credit requested,Recency of delinquency on credit obligations; Type of residence; Number of bankcard accounts near their credit limit; Amount of credit requested
315550,0.4171,Number of accounts opened recently,Number of accounts opened recently,True,0.75,Number of accounts opened recently; Excessive obligations in relation to income; Amount of credit requested; Income insufficient for amount of credit requested,Number of accounts opened recently; Excessive obligations in relation to income; Amount of revolving credit available; Income insufficient for amount of credit requested
564479,0.5558,Recency of delinquency on credit obligations,Recency of delinquency on credit obligations,True,0.75,Recency of delinquency on credit obligations; Amount of revolving credit available; Payment history on credit obligations; Type of residence,Recency of delinquency on credit obligations; Amount of revolving credit available; Payment history on credit obligations; Purpose of the credit requested
950085,0.4666,Amount of revolving credit available,Amount of revolving credit available,True,0.75,Amount of revolving credit available; Amount of credit requested; Number of accounts opened recently; Recency of inquiries on credit bureau report,Amount of revolving credit available; Number of accounts opened recently; Recency of inquiries on credit bureau report; Type of residence
425408,0.3442,Income insufficient for amount of credit requested,Income insufficient for amount of credit requested,True,0.75,Income insufficient for amount of credit requested; Excessive obligations in relation to income; Number of accounts opened recently; Proportion of available bankcard credit currently in use,Income insufficient for amount of credit requested; Number of accounts opened recently; Excessive obligations in relation to income; Recency of inquiries on credit bureau report
604855,0.4071,Number of accounts opened recently,Number of accounts opened recently,True,1.0,Number of accounts opened recently; Excessive obligations in relation to income; Number of recent inquiries on credit bureau report; Type of residence,Number of accounts opened recently; Number of recent inquiries on credit bureau report; Excessive obligations in relation to income; Type of residence
584870,0.34,Amount of revolving credit available,Purpose of the credit requested,False,0.75,Amount of revolving credit available; Proportion of available bankcard credit currently in use; Number of recent inquiries on credit bureau report; Excessive obligations in relation to income,Purpose of the credit requested; Amount of revolving credit available; Proportion of available bankcard credit currently in use; Number of recent inquiries on credit bureau report
2157894,0.4923,Number of accounts opened recently,Number of accounts opened recently,True,0.75,Number of accounts opened recently; Unable to verify income; Recency of inquiries on credit bureau report; Number of bankcard accounts near their credit limit,Number of accounts opened recently; Amount of credit requested; Unable to verify income; Recency of inquiries on credit bureau report
1355436,0.3021,Income insufficient for amount of credit requested,Number of accounts opened recently,False,1.0,Income insufficient for amount of credit requested; Excessive obligations in relation to income; Number of accounts opened recently; Number of bankcard accounts near their credit limit,Number of accounts opened recently; Income insufficient for amount of credit requested; Excessive obligations in relation to income; Number of bankcard accounts near their credit limit
1470380,0.5093,Number of recent inquiries on credit bureau report,Number of recent inquiries on credit bureau report,True,1.0,Number of recent inquiries on credit bureau report; Number of accounts opened recently; Purpose of the credit requested; Type of residence,Number of recent inquiries on credit bureau report; Number of accounts opened recently; Purpose of the credit requested; Type of residence
1561365,0.3054,Type of residence,Delinquent past or present credit obligations with others,False,0.75,Type of residence; Delinquent past or present credit obligations with others; Income insufficient for amount of credit requested; Recency of delinquency on credit obligations,Delinquent past or present credit obligations with others; Type of residence; Recency of delinquency on credit obligations; Purpose of the credit requested
1279178,0.5098,Purpose of the credit requested,Purpose of the credit requested,True,1.0,Purpose of the credit requested; Excessive obligations in relation to income; Type of residence; Number of accounts opened recently,Purpose of the credit requested; Excessive obligations in relation to income; Type of residence; Number of accounts opened recently
731024,0.4718,Excessive obligations in relation to income,Excessive obligations in relation to income,True,0.5,Excessive obligations in relation to income; Number of bankcard accounts near their credit limit; Type of residence; Number of accounts opened recently,Excessive obligations in relation to income; Amount of credit requested; Number of accounts opened recently; Recency of inquiries on credit bureau report
1776282,0.323,Excessive obligations in relation to income,Excessive obligations in relation to income,True,1.0,Excessive obligations in relation to income; Type of residence; Number of bankcard accounts near their credit limit; Proportion of available revolving credit currently in use,Excessive obligations in relation to income; Type of residence; Number of bankcard accounts near their credit limit; Proportion of available revolving credit currently in use
1672604,0.3256,Number of accounts opened recently,Number of accounts opened recently,True,0.75,Number of accounts opened recently; Recency of inquiries on credit bureau report; Income insufficient for amount of credit requested; Type of residence,Number of accounts opened recently; Recency of inquiries on credit bureau report; Income insufficient for amount of credit requested; Recency of delinquency on credit obligations
1149271,0.306,Number of accounts opened recently,Number of accounts opened recently,True,0.75,Number of accounts opened recently; Type of residence; Proportion of available bankcard credit currently in use; Recency of inquiries on credit bureau report,Number of accounts opened recently; Type of residence; Amount of revolving credit available; Recency of inquiries on credit bureau report
1315657,0.3125,Number of accounts opened recently,Number of accounts opened recently,True,1.0,Number of accounts opened recently; Excessive obligations in relation to income; Number of bankcard accounts near their credit limit; Amount of credit requested,Number of accounts opened recently; Amount of credit requested; Excessive obligations in relation to income; Number of bankcard accounts near their credit limit
23052,0.3372,Income insufficient for amount of credit requested,Number of accounts opened recently,False,1.0,Income insufficient for amount of credit requested; Number of accounts opened recently; Excessive obligations in relation to income; Recency of inquiries on credit bureau report,Number of accounts opened recently; Income insufficient for amount of credit requested; Recency of inquiries on credit bureau report; Excessive obligations in relation to income
849848,0.3028,Number of accounts opened recently,Number of accounts opened recently,True,0.75,Number of accounts opened recently; Number of recent inquiries on credit bureau report; Recency of inquiries on credit bureau report; Proportion of available bankcard credit currently in use,Number of accounts opened recently; Number of recent inquiries on credit bureau report; Recency of inquiries on credit bureau report; Purpose of the credit requested
1204656,0.3041,Excessive obligations in relation to income,Excessive obligations in relation to income,True,1.0,Excessive obligations in relation to income; Amount of credit requested; Number of recent inquiries on credit bureau report; Recency of inquiries on credit bureau report,Excessive obligations in relation to income; Amount of credit requested; Number of recent inquiries on credit bureau report; Recency of inquiries on credit bureau report
1134559,0.5271,Number of accounts opened recently,Number of accounts opened recently,True,1.0,Number of accounts opened recently; Number of recent inquiries on credit bureau report; Recency of inquiries on credit bureau report; Amount of credit requested,Number of accounts opened recently; Number of recent inquiries on credit bureau report; Recency of inquiries on credit bureau report; Amount of credit requested
2099093,0.4754,Number of accounts opened recently,Number of accounts opened recently,True,0.75,Number of accounts opened recently; Amount of revolving credit available; Type of residence; Income insufficient for amount of credit requested,Number of accounts opened recently; Amount of revolving credit available; Type of residence; Proportion of available bankcard credit currently in use
1556881,0.3256,Income insufficient for amount of credit requested,Income insufficient for amount of credit requested,True,0.75,Income insufficient for amount of credit requested; Number of bankcard accounts near their credit limit; Amount of credit requested; Amount of revolving credit available,Income insufficient for amount of credit requested; Number of bankcard accounts near their credit limit; Amount of credit requested; Unable to verify income
927738,0.3191,Number of accounts opened recently,Number of accounts opened recently,True,1.0,Number of accounts opened recently; Recency of inquiries on credit bureau report; Amount of credit requested; Excessive obligations in relation to income,Number of accounts opened recently; Recency of inquiries on credit bureau report; Amount of credit requested; Excessive obligations in relation to income
307232,0.3305,Income insufficient for amount of credit requested,Income insufficient for amount of credit requested,True,1.0,Income insufficient for amount of credit requested; Excessive obligations in relation to income; Type of residence; Recency of inquiries on credit bureau report,Income insufficient for amount of credit requested; Recency of inquiries on credit bureau report; Excessive obligations in relation to income; Type of residence
345073,0.4987,Number of accounts opened recently,Number of accounts opened recently,True,0.75,Number of accounts opened recently; Recency of inquiries on credit bureau report; Proportion of available revolving credit currently in use; Number of bankcard accounts near their credit limit,Number of accounts opened recently; Recency of inquiries on credit bureau report; Proportion of available revolving credit currently in use; Purpose of the credit requested
149382,0.3796,Number of accounts opened recently,Number of accounts opened recently,True,1.0,Number of accounts opened recently; Excessive obligations in relation to income; Income insufficient for amount of credit requested; Purpose of the credit requested,Number of accounts opened recently; Purpose of the credit requested; Excessive obligations in relation to income; Income insufficient for amount of credit requested
2223712,0.3291,Number of recent inquiries on credit bureau report,Number of recent inquiries on credit bureau report,True,1.0,Number of recent inquiries on credit bureau report; Excessive obligations in relation to income; Recency of inquiries on credit bureau report; Income insufficient for amount of credit requested,Number of recent inquiries on credit bureau report; Recency of inquiries on credit bureau report; Excessive obligations in relation to income; Income insufficient for amount of credit requested
1663368,0.3488,Number of accounts opened recently,Number of accounts opened recently,True,0.75,Number of accounts opened recently; Excessive obligations in relation to income; Number of bankcard accounts near their credit limit; Proportion of available revolving credit currently in use,Number of accounts opened recently; Number of bankcard accounts near their credit limit; Excessive obligations in relation to income; Unable to verify income
1175198,0.5349,Number of accounts opened recently,Number of accounts opened recently,True,0.5,Number of accounts opened recently; Number of recent inquiries on credit bureau report; Number of bankcard accounts near their credit limit; Total balances on credit obligations,Number of accounts opened recently; Number of recent inquiries on credit bureau report; Recency of a serious derogatory credit item; Amount of credit requested
375927,0.3945,Number of accounts opened recently,Number of accounts opened recently,True,0.5,Number of accounts opened recently; Recency of inquiries on credit bureau report; Total balances on credit obligations; Proportion of available bankcard credit currently in use,Number of accounts opened recently; Recency of inquiries on credit bureau report; Amount of credit requested; Unable to verify income
48298,0.3503,Proportion of available bankcard credit currently in use,Proportion of available bankcard credit currently in use,True,0.75,Proportion of available bankcard credit currently in use; Income insufficient for amount of credit requested; Amount of credit requested; Number of bankcard accounts near their credit limit,Proportion of available bankcard credit currently in use; Income insufficient for amount of credit requested; Number of bankcard accounts near their credit limit; Unable to verify income
2224496,0.3337,Type of residence,Purpose of the credit requested,False,0.75,Type of residence; Purpose of the credit requested; Amount of credit requested; Income insufficient for amount of credit requested,Purpose of the credit requested; Amount of credit requested; Recency of inquiries on credit bureau report; Type of residence
599132,0.3894,Number of accounts opened recently,Number of accounts opened recently,True,1.0,Number of accounts opened recently; Purpose of the credit requested; Type of residence; Recency of inquiries on credit bureau report,Number of accounts opened recently; Purpose of the credit requested; Recency of inquiries on credit bureau report; Type of residence
125387,0.5606,Number of accounts opened recently,Number of accounts opened recently,True,1.0,Number of accounts opened recently; Excessive obligations in relation to income; Income insufficient for amount of credit requested; Type of residence,Number of accounts opened recently; Excessive obligations in relation to income; Income insufficient for amount of credit requested; Type of residence
812593,0.3155,Excessive obligations in relation to income,Number of accounts opened recently,False,1.0,Excessive obligations in relation to income; Number of accounts opened recently; Number of recent inquiries on credit bureau report; Number of bankcard accounts near their credit limit,Number of accounts opened recently; Excessive obligations in relation to income; Number of recent inquiries on credit bureau report; Number of bankcard accounts near their credit limit
241339,0.3816,Proportion of available revolving credit currently in use,Income insufficient for amount of credit requested,False,0.75,Proportion of available revolving credit currently in use; Income insufficient for amount of credit requested; Excessive obligations in relation to income; Number of bankcard accounts near their credit limit,Income insufficient for amount of credit requested; Proportion of available revolving credit currently in use; Number of bankcard accounts near their credit limit; Unable to verify income
821753,0.3315,Number of accounts opened recently,Number of accounts opened recently,True,0.75,Number of accounts opened recently; Amount of credit requested; Number of bankcard accounts near their credit limit; Type of residence,Number of accounts opened recently; Number of bankcard accounts near their credit limit; Type of residence; Payment history on credit obligations
497573,0.3168,Income insufficient for amount of credit requested,Income insufficient for amount of credit requested,True,0.75,Income insufficient for amount of credit requested; Amount of revolving credit available; Amount of credit requested; Payment history on credit obligations,Income insufficient for amount of credit requested; Amount of credit requested; Number of accounts opened recently; Amount of revolving credit available
1005018,0.487,Number of accounts opened recently,Number of accounts opened recently,True,0.75,Number of accounts opened recently; Excessive obligations in relation to income; Income insufficient for amount of credit requested; Number of recent inquiries on credit bureau report,Number of accounts opened recently; Excessive obligations in relation to income; Number of recent inquiries on credit bureau report; Amount of revolving credit available
8127,0.3573,Number of accounts opened recently,Number of accounts opened recently,True,0.75,Number of accounts opened recently; Excessive obligations in relation to income; Type of residence; Income insufficient for amount of credit requested,Number of accounts opened recently; Excessive obligations in relation to income; Type of residence; Unable to verify income
2029523,0.3059,Type of residence,Type of residence,True,0.75,Type of residence; Number of bankcard accounts near their credit limit; Proportion of available revolving credit currently in use; Amount of revolving credit available,Type of residence; Number of bankcard accounts near their credit limit; Unable to verify income; Proportion of available revolving credit currently in use
1738312,0.3559,Excessive obligations in relation to income,Excessive obligations in relation to income,True,1.0,Excessive obligations in relation to income; Number of recent inquiries on credit bureau report; Recency of inquiries on credit bureau report; Type of residence,Excessive obligations in relation to income; Recency of inquiries on credit bureau report; Number of recent inquiries on credit bureau report; Type of residence
508837,0.4752,Number of recent inquiries on credit bureau report,Purpose of the credit requested,False,1.0,Number of recent inquiries on credit bureau report; Purpose of the credit requested; Income insufficient for amount of credit requested; Recency of inquiries on credit bureau report,Purpose of the credit requested; Number of recent inquiries on credit bureau report; Income insufficient for amount of credit requested; Recency of inquiries on credit bureau report
1018143,0.4508,Number of accounts opened recently,Number of accounts opened recently,True,1.0,Number of accounts opened recently; Recency of inquiries on credit bureau report; Purpose of the credit requested; Number of recent inquiries on credit bureau report,Number of accounts opened recently; Purpose of the credit requested; Recency of inquiries on credit bureau report; Number of recent inquiries on credit bureau report
2176224,0.4941,Amount of credit requested,Amount of credit requested,True,1.0,Amount of credit requested; Number of bankcard accounts near their credit limit; Type of residence; Proportion of available bankcard credit currently in use,Amount of credit requested; Number of bankcard accounts near their credit limit; Proportion of available bankcard credit currently in use; Type of residence
1515997,0.3194,Number of accounts opened recently,Number of accounts opened recently,True,0.75,Number of accounts opened recently; Excessive obligations in relation to income; Amount of credit requested; Type of residence,Number of accounts opened recently; Excessive obligations in relation to income; Amount of credit requested; Recency of delinquency on credit obligations
1824453,0.38,Amount of credit requested,Income insufficient for amount of credit requested,False,0.75,Amount of credit requested; Income insufficient for amount of credit requested; Excessive obligations in relation to income; Number of accounts opened recently,Income insufficient for amount of credit requested; Number of accounts opened recently; Number of recent inquiries on credit bureau report; Excessive obligations in relation to income
400577,0.4126,Number of accounts opened recently,Number of accounts opened recently,True,0.75,Number of accounts opened recently; Income insufficient for amount of credit requested; Number of recent inquiries on credit bureau report; Amount of credit requested,Number of accounts opened recently; Income insufficient for amount of credit requested; Number of recent inquiries on credit bureau report; Amount of revolving credit available
1233630,0.3095,Number of accounts opened recently,Number of accounts opened recently,True,1.0,Number of accounts opened recently; Excessive obligations in relation to income; Number of bankcard accounts near their credit limit; Amount of credit requested,Number of accounts opened recently; Excessive obligations in relation to income; Amount of credit requested; Number of bankcard accounts near their credit limit
1863695,0.3461,Number of accounts opened recently,Number of accounts opened recently,True,1.0,Number of accounts opened recently; Income insufficient for amount of credit requested; Proportion of available bankcard credit currently in use; Number of bankcard accounts near their credit limit,Number of accounts opened recently; Income insufficient for amount of credit requested; Number of bankcard accounts near their credit limit; Proportion of available bankcard credit currently in use
374307,0.3111,Proportion of available bankcard credit currently in use,Proportion of available bankcard credit currently in use,True,0.75,Proportion of available bankcard credit currently in use; Excessive obligations in relation to income; Number of bankcard accounts near their credit limit; Proportion of available revolving credit currently in use,Proportion of available bankcard credit currently in use; Excessive obligations in relation to income; Number of bankcard accounts near their credit limit; Amount of credit requested
748016,0.3036,Number of bankcard accounts near their credit limit,Number of accounts opened recently,False,1.0,Number of bankcard accounts near their credit limit; Income insufficient for amount of credit requested; Proportion of available bankcard credit currently in use; Number of accounts opened recently,Number of accounts opened recently; Number of bankcard accounts near their credit limit; Proportion of available bankcard credit currently in use; Income insufficient for amount of credit requested
851261,0.3247,Type of residence,Recency of inquiries on credit bureau report,False,0.75,Type of residence; Recency of inquiries on credit bureau report; Number of recent inquiries on credit bureau report; Amount of revolving credit available,Recency of inquiries on credit bureau report; Amount of credit requested; Type of residence; Number of recent inquiries on credit bureau report
123090,0.3226,Income insufficient for amount of credit requested,Recency of inquiries on credit bureau report,False,1.0,Income insufficient for amount of credit requested; Recency of inquiries on credit bureau report; Number of bankcard accounts near their credit limit; Type of residence,Recency of inquiries on credit bureau report; Income insufficient for amount of credit requested; Number of bankcard accounts near their credit limit; Type of residence
1585109,0.5027,Number of accounts opened recently,Number of accounts opened recently,True,1.0,Number of accounts opened recently; Excessive obligations in relation to income; Income insufficient for amount of credit requested; Recency of inquiries on credit bureau report,Number of accounts opened recently; Excessive obligations in relation to income; Recency of inquiries on credit bureau report; Income insufficient for amount of credit requested
945200,0.4349,Number of accounts opened recently,Number of accounts opened recently,True,0.75,Number of accounts opened recently; Income insufficient for amount of credit requested; Type of residence; Payment history on credit obligations,Number of accounts opened recently; Income insufficient for amount of credit requested; Type of residence; Unable to verify income
700139,0.4709,Income insufficient for amount of credit requested,Income insufficient for amount of credit requested,True,1.0,Income insufficient for amount of credit requested; Type of residence; Excessive obligations in relation to income; Amount of revolving credit available,Income insufficient for amount of credit requested; Type of residence; Excessive obligations in relation to income; Amount of revolving credit available
1269475,0.3427,Number of accounts opened recently,Number of accounts opened recently,True,1.0,Number of accounts opened recently; Amount of credit requested; Recency of inquiries on credit bureau report; Number of recent inquiries on credit bureau report,Number of accounts opened recently; Amount of credit requested; Recency of inquiries on credit bureau report; Number of recent inquiries on credit bureau report
1990832,0.3827,Number of accounts opened recently,Number of accounts opened recently,True,1.0,Number of accounts opened recently; Income insufficient for amount of credit requested; Recency of inquiries on credit bureau report; Purpose of the credit requested,Number of accounts opened recently; Recency of inquiries on credit bureau report; Purpose of the credit requested; Income insufficient for amount of credit requested
1942041,0.4399,Number of accounts opened recently,Number of accounts opened recently,True,1.0,Number of accounts opened recently; Amount of credit requested; Number of recent inquiries on credit bureau report; Amount of revolving credit available,Number of accounts opened recently; Amount of credit requested; Number of recent inquiries on credit bureau report; Amount of revolving credit available
471579,0.4045,Number of accounts opened recently,Number of accounts opened recently,True,0.75,Number of accounts opened recently; Amount of revolving credit available; Income insufficient for amount of credit requested; Recency of inquiries on credit bureau report,Number of accounts opened recently; Amount of revolving credit available; Recency of inquiries on credit bureau report; Purpose of the credit requested
284171,0.4662,Purpose of the credit requested,Purpose of the credit requested,True,0.75,Purpose of the credit requested; Recency of inquiries on credit bureau report; Type of residence; Number of bankcard accounts near their credit limit,Purpose of the credit requested; Recency of inquiries on credit bureau report; Number of accounts opened recently; Type of residence
990144,0.3209,Income insufficient for amount of credit requested,Number of accounts opened recently,False,0.75,Income insufficient for amount of credit requested; Number of accounts opened recently; Type of residence; Amount of credit requested,Number of accounts opened recently; Income insufficient for amount of credit requested; Unable to verify income; Type of residence
1085001,0.3531,Income insufficient for amount of credit requested,Number of accounts opened recently,False,1.0,Income insufficient for amount of credit requested; Excessive obligations in relation to income; Number of bankcard accounts near their credit limit; Number of accounts opened recently,Number of accounts opened recently; Income insufficient for amount of credit requested; Number of bankcard accounts near their credit limit; Excessive obligations in relation to income
813057,0.4454,Amount of credit requested,Amount of credit requested,True,0.75,Amount of credit requested; Type of residence; Excessive obligations in relation to income; Income insufficient for amount of credit requested,Amount of credit requested; Number of accounts opened recently; Income insufficient for amount of credit requested; Type of residence
1047365,0.3669,Income insufficient for amount of credit requested,Income insufficient for amount of credit requested,True,0.75,Income insufficient for amount of credit requested; Type of residence; Amount of credit requested; Number of bankcard accounts near their credit limit,Income insufficient for amount of credit requested; Type of residence; Number of bankcard accounts near their credit limit; Unable to verify income
726648,0.3432,Number of accounts opened recently,Number of accounts opened recently,True,0.75,Number of accounts opened recently; Number of recent inquiries on credit bureau report; Proportion of available bankcard credit currently in use; Amount of revolving credit available,Number of accounts opened recently; Amount of credit requested; Number of recent inquiries on credit bureau report; Amount of revolving credit available
1754650,0.3022,Number of accounts opened recently,Number of accounts opened recently,True,0.75,Number of accounts opened recently; Recency of inquiries on credit bureau report; Purpose of the credit requested; Income insufficient for amount of credit requested,Number of accounts opened recently; Recency of inquiries on credit bureau report; Purpose of the credit requested; Number of bankcard accounts near their credit limit
272589,0.3852,Number of bankcard accounts near their credit limit,Amount of credit requested,False,0.5,Number of bankcard accounts near their credit limit; Excessive obligations in relation to income; Proportion of available revolving credit currently in use; Type of residence,Amount of credit requested; Number of accounts opened recently; Number of bankcard accounts near their credit limit; Proportion of available revolving credit currently in use
2018823,0.6043,Number of accounts opened recently,Number of accounts opened recently,True,0.75,Number of accounts opened recently; Excessive obligations in relation to income; Recency of inquiries on credit bureau report; Proportion of available bankcard credit currently in use,Number of accounts opened recently; Recency of inquiries on credit bureau report; Excessive obligations in relation to income; Amount of credit requested
1408532,0.3083,Income insufficient for amount of credit requested,Income insufficient for amount of credit requested,True,1.0,Income insufficient for amount of credit requested; Excessive obligations in relation to income; Type of residence; Number of bankcard accounts near their credit limit,Income insufficient for amount of credit requested; Excessive obligations in relation to income; Type of residence; Number of bankcard accounts near their credit limit
1501186,0.3257,Recency of inquiries on credit bureau report,Number of accounts opened recently,False,0.75,Recency of inquiries on credit bureau report; Number of accounts opened recently; Recency of delinquency on credit obligations; Proportion of available bankcard credit currently in use,Number of accounts opened recently; Recency of inquiries on credit bureau report; Recency of delinquency on credit obligations; Amount of revolving credit available
1154840,0.6681,Number of accounts opened recently,Number of accounts opened recently,True,0.75,Number of accounts opened recently; Excessive obligations in relation to income; Type of residence; Income insufficient for amount of credit requested,Number of accounts opened recently; Excessive obligations in relation to income; Recency of inquiries on credit bureau report; Type of residence
627345,0.3882,Proportion of available bankcard credit currently in use,Income insufficient for amount of credit requested,False,1.0,Proportion of available bankcard credit currently in use; Income insufficient for amount of credit requested; Recency of inquiries on credit bureau report; Unable to verify income,Income insufficient for amount of credit requested; Proportion of available bankcard credit currently in use; Unable to verify income; Recency of inquiries on credit bureau report
1968324,0.6006,Number of recent inquiries on credit bureau report,Number of recent inquiries on credit bureau report,True,0.75,Number of recent inquiries on credit bureau report; Proportion of available bankcard credit currently in use; Recency of inquiries on credit bureau report; Number of accounts opened recently,Number of recent inquiries on credit bureau report; Recency of inquiries on credit bureau report; Amount of credit requested; Proportion of available bankcard credit currently in use
995686,0.477,Number of accounts opened recently,Number of accounts opened recently,True,1.0,Number of accounts opened recently; Amount of revolving credit available; Number of bankcard accounts near their credit limit; Proportion of available revolving credit currently in use,Number of accounts opened recently; Amount of revolving credit available; Number of bankcard accounts near their credit limit; Proportion of available revolving credit currently in use
490365,0.3764,Number of accounts opened recently,Number of accounts opened recently,True,0.75,Number of accounts opened recently; Number of recent inquiries on credit bureau report; Proportion of available bankcard credit currently in use; Recency of inquiries on credit bureau report,Number of accounts opened recently; Number of recent inquiries on credit bureau report; Recency of inquiries on credit bureau report; Income insufficient for amount of credit requested
1808464,0.3496,Number of accounts opened recently,Number of accounts opened recently,True,1.0,Number of accounts opened recently; Income insufficient for amount of credit requested; Recency of inquiries on credit bureau report; Type of residence,Number of accounts opened recently; Recency of inquiries on credit bureau report; Income insufficient for amount of credit requested; Type of residence
1885991,0.3625,Number of accounts opened recently,Number of accounts opened recently,True,1.0,Number of accounts opened recently; Income insufficient for amount of credit requested; Type of residence; Number of bankcard accounts near their credit limit,Number of accounts opened recently; Income insufficient for amount of credit requested; Type of residence; Number of bankcard accounts near their credit limit
1171717,0.3821,Excessive obligations in relation to income,Proportion of available revolving credit currently in use,False,0.75,Excessive obligations in relation to income; Proportion of available revolving credit currently in use; Income insufficient for amount of credit requested; Proportion of available bankcard credit currently in use,Proportion of available revolving credit currently in use; Excessive obligations in relation to income; Income insufficient for amount of credit requested; Recency of a serious derogatory credit item
1260403,0.4616,Type of residence,Recency of inquiries on credit bureau report,False,0.75,Type of residence; Income insufficient for amount of credit requested; Recency of inquiries on credit bureau report; Number of bankcard accounts near their credit limit,Recency of inquiries on credit bureau report; Purpose of the credit requested; Income insufficient for amount of credit requested; Type of residence
1692763,0.3249,Number of accounts opened recently,Number of accounts opened recently,True,0.75,Number of accounts opened recently; Amount of credit requested; Number of recent inquiries on credit bureau report; Income insufficient for amount of credit requested,Number of accounts opened recently; Number of recent inquiries on credit bureau report; Number of bankcard accounts near their credit limit; Income insufficient for amount of credit requested
1291407,0.4708,Number of recent inquiries on credit bureau report,Number of recent inquiries on credit bureau report,True,0.75,Number of recent inquiries on credit bureau report; Recency of inquiries on credit bureau report; Type of residence; Number of accounts opened recently,Number of recent inquiries on credit bureau report; Recency of inquiries on credit bureau report; Number of accounts opened recently; Purpose of the credit requested
485622,0.4074,Number of accounts opened recently,Number of accounts opened recently,True,1.0,Number of accounts opened recently; Excessive obligations in relation to income; Purpose of the credit requested; Type of residence,Number of accounts opened recently; Purpose of the credit requested; Excessive obligations in relation to income; Type of residence
949499,0.3139,Proportion of available bankcard credit currently in use,Amount of credit requested,False,1.0,Proportion of available bankcard credit currently in use; Number of accounts opened recently; Amount of credit requested; Recency of inquiries on credit bureau report,Amount of credit requested; Number of accounts opened recently; Proportion of available bankcard credit currently in use; Recency of inquiries on credit bureau report
1450559,0.4521,Number of accounts opened recently,Number of accounts opened recently,True,1.0,Number of accounts opened recently; Recency of inquiries on credit bureau report; Excessive obligations in relation to income; Purpose of the credit requested,Number of accounts opened recently; Recency of inquiries on credit bureau report; Purpose of the credit requested; Excessive obligations in relation to income
1878645,0.5462,Number of accounts opened recently,Number of accounts opened recently,True,0.75,Number of accounts opened recently; Number of recent inquiries on credit bureau report; Excessive obligations in relation to income; Recency of inquiries on credit bureau report,Number of accounts opened recently; Number of recent inquiries on credit bureau report; Recency of inquiries on credit bureau report; Income insufficient for amount of credit requested
1999142,0.3307,Number of accounts opened recently,Number of accounts opened recently,True,0.75,Number of accounts opened recently; Excessive obligations in relation to income; Recency of inquiries on credit bureau report; Income insufficient for amount of credit requested,Number of accounts opened recently; Recency of inquiries on credit bureau report; Excessive obligations in relation to income; Number of recent inquiries on credit bureau report
782332,0.302,Number of accounts opened recently,Number of accounts opened recently,True,1.0,Number of accounts opened recently; Purpose of the credit requested; Number of bankcard accounts near their credit limit; Number of recent inquiries on credit bureau report,Number of accounts opened recently; Purpose of the credit requested; Number of bankcard accounts near their credit limit; Number of recent inquiries on credit bureau report
939581,0.3502,Recency of inquiries on credit bureau report,Recency of inquiries on credit bureau report,True,1.0,Recency of inquiries on credit bureau report; Number of recent inquiries on credit bureau report; Number of accounts opened recently; Number of bankcard accounts near their credit limit,Recency of inquiries on credit bureau report; Number of accounts opened recently; Number of recent inquiries on credit bureau report; Number of bankcard accounts near their credit limit
90732,0.4569,Income insufficient for amount of credit requested,Income insufficient for amount of credit requested,True,0.75,Income insufficient for amount of credit requested; Number of recent inquiries on credit bureau report; Recency of inquiries on credit bureau report; Type of residence,Income insufficient for amount of credit requested; Number of recent inquiries on credit bureau report; Recency of inquiries on credit bureau report; Number of accounts opened recently
1292857,0.3754,Type of residence,Number of accounts opened recently,False,1.0,Type of residence; Number of accounts opened recently; Number of recent inquiries on credit bureau report; Recency of inquiries on credit bureau report,Number of accounts opened recently; Type of residence; Number of recent inquiries on credit bureau report; Recency of inquiries on credit bureau report
667334,0.4681,Excessive obligations in relation to income,Excessive obligations in relation to income,True,1.0,Excessive obligations in relation to income; Recency of inquiries on credit bureau report; Type of residence; Number of accounts opened recently,Excessive obligations in relation to income; Recency of inquiries on credit bureau report; Number of accounts opened recently; Type of residence
1876185,0.3542,Recency of inquiries on credit bureau report,Recency of inquiries on credit bureau report,True,0.75,Recency of inquiries on credit bureau report; Income insufficient for amount of credit requested; Number of recent inquiries on credit bureau report; Excessive obligations in relation to income,Recency of inquiries on credit bureau report; Income insufficient for amount of credit requested; Number of recent inquiries on credit bureau report; Number of accounts opened recently
606064,0.3752,Number of accounts opened recently,Number of accounts opened recently,True,0.75,Number of accounts opened recently; Number of bankcard accounts near their credit limit; Recency of delinquency on credit obligations; Excessive obligations in relation to income,Number of accounts opened recently; Recency of delinquency on credit obligations; Number of bankcard accounts near their credit limit; Unable to verify income
971141,0.5821,Number of accounts opened recently,Number of accounts opened recently,True,1.0,Number of accounts opened recently; Excessive obligations in relation to income; Number of recent inquiries on credit bureau report; Recency of inquiries on credit bureau report,Number of accounts opened recently; Number of recent inquiries on credit bureau report; Excessive obligations in relation to income; Recency of inquiries on credit bureau report
550296,0.333,Number of accounts opened recently,Number of accounts opened recently,True,0.75,Number of accounts opened recently; Number of bankcard accounts near their credit limit; Income insufficient for amount of credit requested; Amount of credit requested,Number of accounts opened recently; Number of bankcard accounts near their credit limit; Income insufficient for amount of credit requested; Proportion of available bankcard credit currently in use
502379,0.54,Number of accounts opened recently,Number of accounts opened recently,True,1.0,Number of accounts opened recently; Excessive obligations in relation to income; Type of residence; Number of recent inquiries on credit bureau report,Number of accounts opened recently; Number of recent inquiries on credit bureau report; Excessive obligations in relation to income; Type of residence
1860541,0.3106,Number of recent inquiries on credit bureau report,Number of recent inquiries on credit bureau report,True,1.0,Number of recent inquiries on credit bureau report; Income insufficient for amount of credit requested; Type of residence; Recency of inquiries on credit bureau report,Number of recent inquiries on credit bureau report; Income insufficient for amount of credit requested; Recency of inquiries on credit bureau report; Type of residence
1993255,0.5102,Number of accounts opened recently,Number of accounts opened recently,True,0.75,Number of accounts opened recently; Excessive obligations in relation to income; Recency of inquiries on credit bureau report; Income insufficient for amount of credit requested,Number of accounts opened recently; Recency of inquiries on credit bureau report; Excessive obligations in relation to income; Type of residence
992409,0.6926,Number of accounts opened recently,Number of accounts opened recently,True,1.0,Number of accounts opened recently; Recency of inquiries on credit bureau report; Number of recent inquiries on credit bureau report; Excessive obligations in relation to income,Number of accounts opened recently; Recency of inquiries on credit bureau report; Number of recent inquiries on credit bureau report; Excessive obligations in relation to income
286304,0.491,Number of accounts opened recently,Number of accounts opened recently,True,1.0,Number of accounts opened recently; Excessive obligations in relation to income; Number of recent inquiries on credit bureau report; Number of bankcard accounts near their credit limit,Number of accounts opened recently; Excessive obligations in relation to income; Number of recent inquiries on credit bureau report; Number of bankcard accounts near their credit limit
1969362,0.4719,Number of accounts opened recently,Number of accounts opened recently,True,1.0,Number of accounts opened recently; Amount of credit requested; Recency of inquiries on credit bureau report; Income insufficient for amount of credit requested,Number of accounts opened recently; Recency of inquiries on credit bureau report; Amount of credit requested; Income insufficient for amount of credit requested
1177858,0.4192,Excessive obligations in relation to income,Excessive obligations in relation to income,True,1.0,Excessive obligations in relation to income; Income insufficient for amount of credit requested; Type of residence; Number of bankcard accounts near their credit limit,Excessive obligations in relation to income; Income insufficient for amount of credit requested; Type of residence; Number of bankcard accounts near their credit limit
1041580,0.3633,Excessive obligations in relation to income,Number of accounts opened recently,False,0.75,Excessive obligations in relation to income; Income insufficient for amount of credit requested; Number of accounts opened recently; Amount of credit requested,Number of accounts opened recently; Income insufficient for amount of credit requested; Excessive obligations in relation to income; Recency of inquiries on credit bureau report
1798640,0.304,Number of accounts opened recently,Number of accounts opened recently,True,0.75,Number of accounts opened recently; Number of recent inquiries on credit bureau report; Excessive obligations in relation to income; Recency of inquiries on credit bureau report,Number of accounts opened recently; Number of recent inquiries on credit bureau report; Recency of inquiries on credit bureau report; Type of residence
1606725,0.3178,Number of accounts opened recently,Number of accounts opened recently,True,0.75,Number of accounts opened recently; Type of residence; Income insufficient for amount of credit requested; Number of bankcard accounts near their credit limit,Number of accounts opened recently; Type of residence; Number of bankcard accounts near their credit limit; Recency of a serious derogatory credit item
841676,0.3232,Recency of inquiries on credit bureau report,Amount of credit requested,False,0.75,Recency of inquiries on credit bureau report; Number of bankcard accounts near their credit limit; Delinquent past or present credit obligations with others; Total balances on credit obligations,Amount of credit requested; Recency of inquiries on credit bureau report; Delinquent past or present credit obligations with others; Number of bankcard accounts near their credit limit
1383035,0.4354,Number of accounts opened recently,Number of accounts opened recently,True,0.75,Number of accounts opened recently; Excessive obligations in relation to income; Recency of inquiries on credit bureau report; Number of recent inquiries on credit bureau report,Number of accounts opened recently; Recency of inquiries on credit bureau report; Excessive obligations in relation to income; Recency of a serious derogatory credit item
1055559,0.4099,Excessive obligations in relation to income,Excessive obligations in relation to income,True,0.75,Excessive obligations in relation to income; Number of accounts opened recently; Income insufficient for amount of credit requested; Type of residence,Excessive obligations in relation to income; Number of accounts opened recently; Number of bankcard accounts near their credit limit; Type of residence
938637,0.3482,Number of accounts opened recently,Number of accounts opened recently,True,0.75,Number of accounts opened recently; Amount of credit requested; Excessive obligations in relation to income; Income insufficient for amount of credit requested,Number of accounts opened recently; Excessive obligations in relation to income; Income insufficient for amount of credit requested; Type of residence
1970023,0.4466,Amount of revolving credit available,Amount of revolving credit available,True,1.0,Amount of revolving credit available; Type of residence; Number of recent inquiries on credit bureau report; Recency of inquiries on credit bureau report,Amount of revolving credit available; Number of recent inquiries on credit bureau report; Recency of inquiries on credit bureau report; Type of residence
1098766,0.7819,Number of accounts opened recently,Number of accounts opened recently,True,0.75,Number of accounts opened recently; Proportion of available bankcard credit currently in use; Amount of revolving credit available; Delinquent past or present credit obligations with others,Number of accounts opened recently; Amount of credit requested; Amount of revolving credit available; Proportion of available bankcard credit currently in use
1167273,0.3476,Number of accounts opened recently,Number of accounts opened recently,True,1.0,Number of accounts opened recently; Recency of inquiries on credit bureau report; Number of recent inquiries on credit bureau report; Number of bankcard accounts near their credit limit,Number of accounts opened recently; Recency of inquiries on credit bureau report; Number of recent inquiries on credit bureau report; Number of bankcard accounts near their credit limit
302342,0.3449,Income insufficient for amount of credit requested,Income insufficient for amount of credit requested,True,0.75,Income insufficient for amount of credit requested; Type of residence; Number of bankcard accounts near their credit limit; Proportion of available revolving credit currently in use,Income insufficient for amount of credit requested; Type of residence; Recency of inquiries on credit bureau report; Number of bankcard accounts near their credit limit
944797,0.3926,Number of accounts opened recently,Number of accounts opened recently,True,1.0,Number of accounts opened recently; Excessive obligations in relation to income; Recency of inquiries on credit bureau report; Income insufficient for amount of credit requested,Number of accounts opened recently; Recency of inquiries on credit bureau report; Excessive obligations in relation to income; Income insufficient for amount of credit requested
2254053,0.4046,Number of accounts opened recently,Number of accounts opened recently,True,1.0,Number of accounts opened recently; Amount of revolving credit available; Amount of credit requested; Type of residence,Number of accounts opened recently; Amount of revolving credit available; Amount of credit requested; Type of residence
427811,0.5803,Amount of revolving credit available,Amount of revolving credit available,True,0.75,Amount of revolving credit available; Proportion of available bankcard credit currently in use; Type of residence; Recency of inquiries on credit bureau report,Amount of revolving credit available; Recency of inquiries on credit bureau report; Purpose of the credit requested; Proportion of available bankcard credit currently in use
218963,0.3433,Income insufficient for amount of credit requested,Income insufficient for amount of credit requested,True,1.0,Income insufficient for amount of credit requested; Type of residence; Number of bankcard accounts near their credit limit; Proportion of available revolving credit currently in use,Income insufficient for amount of credit requested; Type of residence; Proportion of available revolving credit currently in use; Number of bankcard accounts near their credit limit
1656520,0.318,Excessive obligations in relation to income,Number of accounts opened recently,False,1.0,Excessive obligations in relation to income; Number of accounts opened recently; Unable to verify income; Proportion of available revolving credit currently in use,Number of accounts opened recently; Excessive obligations in relation to income; Unable to verify income; Proportion of available revolving credit currently in use
1292377,0.4392,Income insufficient for amount of credit requested,Income insufficient for amount of credit requested,True,1.0,Income insufficient for amount of credit requested; Number of accounts opened recently; Number of recent inquiries on credit bureau report; Recency of inquiries on credit bureau report,Income insufficient for amount of credit requested; Number of accounts opened recently; Recency of inquiries on credit bureau report; Number of recent inquiries on credit bureau report
872561,0.3397,Number of accounts opened recently,Number of accounts opened recently,True,1.0,Number of accounts opened recently; Type of residence; Purpose of the credit requested; Income insufficient for amount of credit requested,Number of accounts opened recently; Purpose of the credit requested; Type of residence; Income insufficient for amount of credit requested
1007264,0.4473,Number of accounts opened recently,Number of accounts opened recently,True,0.75,Number of accounts opened recently; Excessive obligations in relation to income; Type of residence; Number of bankcard accounts near their credit limit,Number of accounts opened recently; Excessive obligations in relation to income; Type of residence; Unable to verify income
344948,0.3187,Number of accounts opened recently,Number of accounts opened recently,True,0.75,Number of accounts opened recently; Income insufficient for amount of credit requested; Number of recent inquiries on credit bureau report; Amount of revolving credit available,Number of accounts opened recently; Number of recent inquiries on credit bureau report; Income insufficient for amount of credit requested; Number of bankcard accounts near their credit limit
783045,0.3479,Income insufficient for amount of credit requested,Income insufficient for amount of credit requested,True,1.0,Income insufficient for amount of credit requested; Number of bankcard accounts near their credit limit; Number of accounts opened recently; Payment history on credit obligations,Income insufficient for amount of credit requested; Number of bankcard accounts near their credit limit; Number of accounts opened recently; Payment history on credit obligations
663367,0.3393,Number of recent inquiries on credit bureau report,Number of recent inquiries on credit bureau report,True,1.0,Number of recent inquiries on credit bureau report; Recency of inquiries on credit bureau report; Type of residence; Number of accounts opened recently,Number of recent inquiries on credit bureau report; Recency of inquiries on credit bureau report; Number of accounts opened recently; Type of residence
941044,0.4237,Number of accounts opened recently,Number of accounts opened recently,True,0.75,Number of accounts opened recently; Excessive obligations in relation to income; Unable to verify income; Number of bankcard accounts near their credit limit,Number of accounts opened recently; Amount of credit requested; Unable to verify income; Number of bankcard accounts near their credit limit
1319752,0.515,Number of accounts opened recently,Number of accounts opened recently,True,1.0,Number of accounts opened recently; Recency of inquiries on credit bureau report; Type of residence; Number of recent inquiries on credit bureau report,Number of accounts opened recently; Recency of inquiries on credit bureau report; Type of residence; Number of recent inquiries on credit bureau report
16443,0.4215,Number of accounts opened recently,Number of accounts opened recently,True,0.75,Number of accounts opened recently; Excessive obligations in relation to income; Recency of delinquency on credit obligations; Number of bankcard accounts near their credit limit,Number of accounts opened recently; Excessive obligations in relation to income; Recency of delinquency on credit obligations; Amount of credit requested
680968,0.306,Number of accounts opened recently,Number of accounts opened recently,True,0.75,Number of accounts opened recently; Unable to verify income; Purpose of the credit requested; Proportion of available bankcard credit currently in use,Number of accounts opened recently; Amount of credit requested; Unable to verify income; Purpose of the credit requested
810522,0.3166,Income insufficient for amount of credit requested,Income insufficient for amount of credit requested,True,0.75,Income insufficient for amount of credit requested; Number of recent inquiries on credit bureau report; Amount of revolving credit available; Type of residence,Income insufficient for amount of credit requested; Number of recent inquiries on credit bureau report; Amount of revolving credit available; Unable to verify income
2211521,0.3257,Number of accounts opened recently,Number of accounts opened recently,True,1.0,Number of accounts opened recently; Excessive obligations in relation to income; Proportion of available bankcard credit currently in use; Amount of credit requested,Number of accounts opened recently; Amount of credit requested; Excessive obligations in relation to income; Proportion of available bankcard credit currently in use
104940,0.3117,Number of accounts opened recently,Number of accounts opened recently,True,0.75,Number of accounts opened recently; Excessive obligations in relation to income; Number of recent inquiries on credit bureau report; Income insufficient for amount of credit requested,Number of accounts opened recently; Number of recent inquiries on credit bureau report; Recency of inquiries on credit bureau report; Excessive obligations in relation to income
106719,0.4113,Number of accounts opened recently,Number of accounts opened recently,True,0.75,Number of accounts opened recently; Excessive obligations in relation to income; Income insufficient for amount of credit requested; Type of residence,Number of accounts opened recently; Excessive obligations in relation to income; Recency of inquiries on credit bureau report; Income insufficient for amount of credit requested
1911043,0.3659,Income insufficient for amount of credit requested,Number of accounts opened recently,False,1.0,Income insufficient for amount of credit requested; Number of accounts opened recently; Recency of inquiries on credit bureau report; Number of recent inquiries on credit bureau report,Number of accounts opened recently; Income insufficient for amount of credit requested; Recency of inquiries on credit bureau report; Number of recent inquiries on credit bureau report
165086,0.302,Number of recent inquiries on credit bureau report,Number of recent inquiries on credit bureau report,True,0.5,Number of recent inquiries on credit bureau report; Recency of inquiries on credit bureau report; Income insufficient for amount of credit requested; Amount of revolving credit available,Number of recent inquiries on credit bureau report; Recency of inquiries on credit bureau report; Payment history on credit obligations; Recency of a serious derogatory credit item
1126692,0.3058,Excessive obligations in relation to income,Amount of credit requested,False,0.75,Excessive obligations in relation to income; Amount of credit requested; Income insufficient for amount of credit requested; Type of residence,Amount of credit requested; Excessive obligations in relation to income; Income insufficient for amount of credit requested; Number of bankcard accounts near their credit limit
2059450,0.3499,Number of accounts opened recently,Number of accounts opened recently,True,1.0,Number of accounts opened recently; Income insufficient for amount of credit requested; Excessive obligations in relation to income; Recency of inquiries on credit bureau report,Number of accounts opened recently; Recency of inquiries on credit bureau report; Income insufficient for amount of credit requested; Excessive obligations in relation to income
1164296,0.3846,Income insufficient for amount of credit requested,Income insufficient for amount of credit requested,True,1.0,Income insufficient for amount of credit requested; Excessive obligations in relation to income; Recency of inquiries on credit bureau report; Number of accounts opened recently,Income insufficient for amount of credit requested; Excessive obligations in relation to income; Recency of inquiries on credit bureau report; Number of accounts opened recently
371832,0.4461,Number of recent inquiries on credit bureau report,Purpose of the credit requested,False,1.0,Number of recent inquiries on credit bureau report; Purpose of the credit requested; Recency of inquiries on credit bureau report; Proportion of available bankcard credit currently in use,Purpose of the credit requested; Number of recent inquiries on credit bureau report; Recency of inquiries on credit bureau report; Proportion of available bankcard credit currently in use
217467,0.4028,Excessive obligations in relation to income,Excessive obligations in relation to income,True,1.0,Excessive obligations in relation to income; Amount of credit requested; Number of accounts opened recently; Number of bankcard accounts near their credit limit,Excessive obligations in relation to income; Number of accounts opened recently; Amount of credit requested; Number of bankcard accounts near their credit limit
1165034,0.4212,Number of accounts opened recently,Number of accounts opened recently,True,1.0,Number of accounts opened recently; Recency of inquiries on credit bureau report; Amount of revolving credit available; Recency of delinquency on credit obligations,Number of accounts opened recently; Recency of inquiries on credit bureau report; Recency of delinquency on credit obligations; Amount of revolving credit available
1980828,0.3599,Number of accounts opened recently,Number of accounts opened recently,True,0.75,Number of accounts opened recently; Number of bankcard accounts near their credit limit; Excessive obligations in relation to income; Amount of credit requested,Number of accounts opened recently; Number of bankcard accounts near their credit limit; Excessive obligations in relation to income; Proportion of available revolving credit currently in use
1900775,0.3851,Number of recent inquiries on credit bureau report,Number of recent inquiries on credit bureau report,True,0.75,Number of recent inquiries on credit bureau report; Recency of inquiries on credit bureau report; Income insufficient for amount of credit requested; Unable to verify income,Number of recent inquiries on credit bureau report; Recency of inquiries on credit bureau report; Income insufficient for amount of credit requested; Amount of credit requested
577926,0.323,Excessive obligations in relation to income,Excessive obligations in relation to income,True,1.0,Excessive obligations in relation to income; Income insufficient for amount of credit requested; Number of bankcard accounts near their credit limit; Type of residence,Excessive obligations in relation to income; Income insufficient for amount of credit requested; Number of bankcard accounts near their credit limit; Type of residence
1770892,0.4342,Number of accounts opened recently,Number of accounts opened recently,True,1.0,Number of accounts opened recently; Income insufficient for amount of credit requested; Excessive obligations in relation to income; Recency of inquiries on credit bureau report,Number of accounts opened recently; Income insufficient for amount of credit requested; Recency of inquiries on credit bureau report; Excessive obligations in relation to income
981338,0.3663,Type of residence,Recency of inquiries on credit bureau report,False,0.75,Type of residence; Recency of inquiries on credit bureau report; Amount of credit requested; Excessive obligations in relation to income,Recency of inquiries on credit bureau report; Amount of credit requested; Type of residence; Unable to verify income
435611,0.4225,Recency of inquiries on credit bureau report,Recency of inquiries on credit bureau report,True,0.75,Recency of inquiries on credit bureau report; Purpose of the credit requested; Type of residence; Payment history on credit obligations,Recency of inquiries on credit bureau report; Purpose of the credit requested; Type of residence; Amount of credit requested
1276635,0.3012,Income insufficient for amount of credit requested,Income insufficient for amount of credit requested,True,0.75,Income insufficient for amount of credit requested; Excessive obligations in relation to income; Number of bankcard accounts near their credit limit; Amount of credit requested,Income insufficient for amount of credit requested; Excessive obligations in relation to income; Number of bankcard accounts near their credit limit; Recency of delinquency on credit obligations
2154074,0.3095,Number of recent inquiries on credit bureau report,Number of recent inquiries on credit bureau report,True,1.0,Number of recent inquiries on credit bureau report; Amount of revolving credit available; Type of residence; Recency of inquiries on credit bureau report,Number of recent inquiries on credit bureau report; Recency of inquiries on credit bureau report; Amount of revolving credit available; Type of residence
735520,0.3218,Number of accounts opened recently,Number of accounts opened recently,True,0.75,Number of accounts opened recently; Recency of inquiries on credit bureau report; Type of residence; Amount of revolving credit available,Number of accounts opened recently; Recency of inquiries on credit bureau report; Total balances on credit obligations; Amount of revolving credit available
2054365,0.3024,Income insufficient for amount of credit requested,Income insufficient for amount of credit requested,True,0.75,Income insufficient for amount of credit requested; Amount of credit requested; Proportion of available bankcard credit currently in use; Proportion of available revolving credit currently in use,Income insufficient for amount of credit requested; Proportion of available revolving credit currently in use; Proportion of available bankcard credit currently in use; Recency of a serious derogatory credit item
1818429,0.3378,Number of accounts opened recently,Number of accounts opened recently,True,0.75,Number of accounts opened recently; Type of residence; Number of recent inquiries on credit bureau report; Excessive obligations in relation to income,Number of accounts opened recently; Number of recent inquiries on credit bureau report; Delinquent past or present credit obligations with others; Type of residence
2227246,0.3659,Number of accounts opened recently,Number of accounts opened recently,True,1.0,Number of accounts opened recently; Number of bankcard accounts near their credit limit; Unable to verify income; Payment history on credit obligations,Number of accounts opened recently; Number of bankcard accounts near their credit limit; Unable to verify income; Payment history on credit obligations
1405142,0.5051,Excessive obligations in relation to income,Number of accounts opened recently,False,1.0,Excessive obligations in relation to income; Income insufficient for amount of credit requested; Number of accounts opened recently; Recency of inquiries on credit bureau report,Number of accounts opened recently; Income insufficient for amount of credit requested; Excessive obligations in relation to income; Recency of inquiries on credit bureau report
1712207,0.4424,Excessive obligations in relation to income,Excessive obligations in relation to income,True,0.5,Excessive obligations in relation to income; Number of bankcard accounts near their credit limit; Type of residence; Income insufficient for amount of credit requested,Excessive obligations in relation to income; Recency of inquiries on credit bureau report; Number of accounts opened recently; Number of bankcard accounts near their credit limit
119162,0.332,Recency of delinquency on credit obligations,Recency of delinquency on credit obligations,True,1.0,Recency of delinquency on credit obligations; Proportion of available bankcard credit currently in use; Amount of credit requested; Type of residence,Recency of delinquency on credit obligations; Proportion of available bankcard credit currently in use; Amount of credit requested; Type of residence
962660,0.3852,Number of accounts opened recently,Number of accounts opened recently,True,0.75,Number of accounts opened recently; Excessive obligations in relation to income; Type of residence; Number of recent inquiries on credit bureau report,Number of accounts opened recently; Excessive obligations in relation to income; Type of residence; Recency of inquiries on credit bureau report
1872551,0.4745,Proportion of available bankcard credit currently in use,Number of accounts opened recently,False,0.75,Proportion of available bankcard credit currently in use; Income insufficient for amount of credit requested; Number of bankcard accounts near their credit limit; Recency of inquiries on credit bureau report,Number of accounts opened recently; Recency of inquiries on credit bureau report; Number of bankcard accounts near their credit limit; Proportion of available bankcard credit currently in use
702170,0.3924,Number of accounts opened recently,Number of accounts opened recently,True,0.75,Number of accounts opened recently; Income insufficient for amount of credit requested; Excessive obligations in relation to income; Number of bankcard accounts near their credit limit,Number of accounts opened recently; Income insufficient for amount of credit requested; Excessive obligations in relation to income; Unable to verify income
720933,0.4009,Recency of delinquency on credit obligations,Recency of delinquency on credit obligations,True,0.75,Recency of delinquency on credit obligations; Income insufficient for amount of credit requested; Purpose of the credit requested; Number of bankcard accounts near their credit limit,Recency of delinquency on credit obligations; Purpose of the credit requested; Income insufficient for amount of credit requested; Number of accounts opened recently
1008041,0.4122,Amount of credit requested,Number of accounts opened recently,False,0.75,Amount of credit requested; Number of bankcard accounts near their credit limit; Proportion of available bankcard credit currently in use; Proportion of available revolving credit currently in use,Number of accounts opened recently; Amount of credit requested; Proportion of available bankcard credit currently in use; Number of bankcard accounts near their credit limit
416519,0.4897,Number of accounts opened recently,Number of accounts opened recently,True,1.0,Number of accounts opened recently; Income insufficient for amount of credit requested; Excessive obligations in relation to income; Number of bankcard accounts near their credit limit,Number of accounts opened recently; Income insufficient for amount of credit requested; Number of bankcard accounts near their credit limit; Excessive obligations in relation to income
540385,0.3888,Number of accounts opened recently,Number of accounts opened recently,True,0.75,Number of accounts opened recently; Excessive obligations in relation to income; Recency of inquiries on credit bureau report; Income insufficient for amount of credit requested,Number of accounts opened recently; Excessive obligations in relation to income; Recency of inquiries on credit bureau report; Unable to verify income
1057694,0.3135,Number of accounts opened recently,Number of accounts opened recently,True,1.0,Number of accounts opened recently; Excessive obligations in relation to income; Number of bankcard accounts near their credit limit; Recency of inquiries on credit bureau report,Number of accounts opened recently; Excessive obligations in relation to income; Number of bankcard accounts near their credit limit; Recency of inquiries on credit bureau report
579898,0.5408,Number of accounts opened recently,Number of accounts opened recently,True,0.75,Number of accounts opened recently; Amount of credit requested; Excessive obligations in relation to income; Recency of inquiries on credit bureau report,Number of accounts opened recently; Recency of inquiries on credit bureau report; Excessive obligations in relation to income; Number of bankcard accounts near their credit limit
2021844,0.3771,Income insufficient for amount of credit requested,Income insufficient for amount of credit requested,True,0.5,Income insufficient for amount of credit requested; Proportion of available bankcard credit currently in use; Amount of credit requested; Number of recent inquiries on credit bureau report,Income insufficient for amount of credit requested; Proportion of available bankcard credit currently in use; Recency of inquiries on credit bureau report; Number of accounts opened recently
791404,0.555,Number of accounts opened recently,Number of accounts opened recently,True,1.0,Number of accounts opened recently; Recency of inquiries on credit bureau report; Amount of revolving credit available; Number of recent inquiries on credit bureau report,Number of accounts opened recently; Recency of inquiries on credit bureau report; Amount of revolving credit available; Number of recent inquiries on credit bureau report
213886,0.4903,Number of accounts opened recently,Number of accounts opened recently,True,0.5,Number of accounts opened recently; Type of residence; Excessive obligations in relation to income; Income insufficient for amount of credit requested,Number of accounts opened recently; Type of residence; Number of bankcard accounts near their credit limit; Unable to verify income
1815899,0.6668,Number of accounts opened recently,Number of accounts opened recently,True,1.0,Number of accounts opened recently; Number of recent inquiries on credit bureau report; Recency of inquiries on credit bureau report; Amount of revolving credit available,Number of accounts opened recently; Number of recent inquiries on credit bureau report; Recency of inquiries on credit bureau report; Amount of revolving credit available
778036,0.3771,Proportion of available bankcard credit currently in use,Proportion of available bankcard credit currently in use,True,0.5,Proportion of available bankcard credit currently in use; Type of residence; Amount of revolving credit available; Number of recent inquiries on credit bureau report,Proportion of available bankcard credit currently in use; Amount of credit requested; Amount of revolving credit available; Purpose of the credit requested
913143,0.4109,Number of accounts opened recently,Number of accounts opened recently,True,0.5,Number of accounts opened recently; Proportion of available bankcard credit currently in use; Excessive obligations in relation to income; Amount of credit requested,Number of accounts opened recently; Recency of a serious derogatory credit item; Unable to verify income; Proportion of available bankcard credit currently in use
1214644,0.4794,Excessive obligations in relation to income,Excessive obligations in relation to income,True,1.0,Excessive obligations in relation to income; Income insufficient for amount of credit requested; Type of residence; Number of accounts opened recently,Excessive obligations in relation to income; Income insufficient for amount of credit requested; Number of accounts opened recently; Type of residence
985134,0.3467,Number of accounts opened recently,Number of accounts opened recently,True,0.75,Number of accounts opened recently; Excessive obligations in relation to income; Type of residence; Amount of credit requested,Number of accounts opened recently; Excessive obligations in relation to income; Type of residence; Number of bankcard accounts near their credit limit
426278,0.4167,Number of accounts opened recently,Number of accounts opened recently,True,0.75,Number of accounts opened recently; Income insufficient for amount of credit requested; Amount of revolving credit available; Unable to verify income,Number of accounts opened recently; Income insufficient for amount of credit requested; Amount of credit requested; Amount of revolving credit available
425879,0.3398,Number of accounts opened recently,Number of accounts opened recently,True,0.75,Number of accounts opened recently; Recency of inquiries on credit bureau report; Number of recent inquiries on credit bureau report; Proportion of available bankcard credit currently in use,Number of accounts opened recently; Recency of inquiries on credit bureau report; Number of recent inquiries on credit bureau report; Amount of credit requested
1498052,0.4346,Excessive obligations in relation to income,Number of accounts opened recently,False,0.75,Excessive obligations in relation to income; Number of accounts opened recently; Proportion of available bankcard credit currently in use; Amount of credit requested,Number of accounts opened recently; Excessive obligations in relation to income; Proportion of available bankcard credit currently in use; Recency of inquiries on credit bureau report
1188945,0.4886,Income insufficient for amount of credit requested,Income insufficient for amount of credit requested,True,0.75,Income insufficient for amount of credit requested; Excessive obligations in relation to income; Amount of credit requested; Number of bankcard accounts near their credit limit,Income insufficient for amount of credit requested; Excessive obligations in relation to income; Number of bankcard accounts near their credit limit; Recency of inquiries on credit bureau report
20181,0.4625,Excessive obligations in relation to income,Number of accounts opened recently,False,0.75,Excessive obligations in relation to income; Number of accounts opened recently; Number of bankcard accounts near their credit limit; Type of residence,Number of accounts opened recently; Excessive obligations in relation to income; Number of recent inquiries on credit bureau report; Number of bankcard accounts near their credit limit
950783,0.5758,Number of accounts opened recently,Number of accounts opened recently,True,0.75,Number of accounts opened recently; Excessive obligations in relation to income; Recency of inquiries on credit bureau report; Payment history on credit obligations,Number of accounts opened recently; Recency of inquiries on credit bureau report; Excessive obligations in relation to income; Recency of a serious derogatory credit item
1045452,0.4306,Number of accounts opened recently,Number of accounts opened recently,True,1.0,Number of accounts opened recently; Recency of inquiries on credit bureau report; Number of recent inquiries on credit bureau report; Amount of revolving credit available,Number of accounts opened recently; Recency of inquiries on credit bureau report; Number of recent inquiries on credit bureau report; Amount of revolving credit available
2215047,0.3959,Recency of inquiries on credit bureau report,Recency of inquiries on credit bureau report,True,0.5,Recency of inquiries on credit bureau report; Number of bankcard accounts near their credit limit; Number of accounts opened recently; Amount of revolving credit available,Recency of inquiries on credit bureau report; Amount of credit requested; Number of accounts opened recently; Unable to verify income
1989796,0.3691,Number of accounts opened recently,Number of accounts opened recently,True,0.75,Number of accounts opened recently; Excessive obligations in relation to income; Recency of inquiries on credit bureau report; Payment history on credit obligations,Number of accounts opened recently; Recency of inquiries on credit bureau report; Excessive obligations in relation to income; Unable to verify income
1168535,0.3994,Proportion of available bankcard credit currently in use,Purpose of the credit requested,False,1.0,Proportion of available bankcard credit currently in use; Purpose of the credit requested; Recency of delinquency on credit obligations; Recency of inquiries on credit bureau report,Purpose of the credit requested; Recency of inquiries on credit bureau report; Proportion of available bankcard credit currently in use; Recency of delinquency on credit obligations
1273694,0.5886,Number of accounts opened recently,Number of accounts opened recently,True,0.75,Number of accounts opened recently; Recency of inquiries on credit bureau report; Income insufficient for amount of credit requested; Type of residence,Number of accounts opened recently; Amount of credit requested; Recency of inquiries on credit bureau report; Income insufficient for amount of credit requested
176707,0.3883,Number of accounts opened recently,Number of accounts opened recently,True,1.0,Number of accounts opened recently; Excessive obligations in relation to income; Number of recent inquiries on credit bureau report; Recency of inquiries on credit bureau report,Number of accounts opened recently; Recency of inquiries on credit bureau report; Number of recent inquiries on credit bureau report; Excessive obligations in relation to income
374068,0.3211,Excessive obligations in relation to income,Number of accounts opened recently,False,1.0,Excessive obligations in relation to income; Income insufficient for amount of credit requested; Number of accounts opened recently; Recency of delinquency on credit obligations,Number of accounts opened recently; Income insufficient for amount of credit requested; Excessive obligations in relation to income; Recency of delinquency on credit obligations
39198,0.3424,Number of accounts opened recently,Number of accounts opened recently,True,1.0,Number of accounts opened recently; Recency of inquiries on credit bureau report; Number of recent inquiries on credit bureau report; Type of residence,Number of accounts opened recently; Recency of inquiries on credit bureau report; Number of recent inquiries on credit bureau report; Type of residence
1778382,0.6307,Number of accounts opened recently,Number of accounts opened recently,True,1.0,Number of accounts opened recently; Income insufficient for amount of credit requested; Proportion of available bankcard credit currently in use; Recency of inquiries on credit bureau report,Number of accounts opened recently; Proportion of available bankcard credit currently in use; Income insufficient for amount of credit requested; Recency of inquiries on credit bureau report
170515,0.3821,Number of accounts opened recently,Number of accounts opened recently,True,1.0,Number of accounts opened recently; Recency of inquiries on credit bureau report; Number of bankcard accounts near their credit limit; Number of recent inquiries on credit bureau report,Number of accounts opened recently; Recency of inquiries on credit bureau report; Number of recent inquiries on credit bureau report; Number of bankcard accounts near their credit limit
1340269,0.4766,Income insufficient for amount of credit requested,Income insufficient for amount of credit requested,True,0.75,Income insufficient for amount of credit requested; Recency of delinquency on credit obligations; Excessive obligations in relation to income; Number of recent inquiries on credit bureau report,Income insufficient for amount of credit requested; Recency of delinquency on credit obligations; Number of recent inquiries on credit bureau report; Unable to verify income
481289,0.3082,Number of accounts opened recently,Number of accounts opened recently,True,1.0,Number of accounts opened recently; Excessive obligations in relation to income; Recency of inquiries on credit bureau report; Unable to verify income,Number of accounts opened recently; Recency of inquiries on credit bureau report; Excessive obligations in relation to income; Unable to verify income
35169,0.4737,Number of accounts opened recently,Number of accounts opened recently,True,1.0,Number of accounts opened recently; Amount of credit requested; Excessive obligations in relation to income; Recency of inquiries on credit bureau report,Number of accounts opened recently; Recency of inquiries on credit bureau report; Excessive obligations in relation to income; Amount of credit requested
1583925,0.4247,Income insufficient for amount of credit requested,Income insufficient for amount of credit requested,True,1.0,Income insufficient for amount of credit requested; Number of bankcard accounts near their credit limit; Number of accounts opened recently; Recency of inquiries on credit bureau report,Income insufficient for amount of credit requested; Number of accounts opened recently; Recency of inquiries on credit bureau report; Number of bankcard accounts near their credit limit
1957640,0.4156,Number of accounts opened recently,Number of accounts opened recently,True,0.75,Number of accounts opened recently; Excessive obligations in relation to income; Type of residence; Amount of revolving credit available,Number of accounts opened recently; Excessive obligations in relation to income; Amount of credit requested; Type of residence
971027,0.3759,Number of accounts opened recently,Number of accounts opened recently,True,0.75,Number of accounts opened recently; Income insufficient for amount of credit requested; Amount of credit requested; Delinquent past or present credit obligations with others,Number of accounts opened recently; Income insufficient for amount of credit requested; Delinquent past or present credit obligations with others; Recency of delinquency on credit obligations
1848065,0.4137,Income insufficient for amount of credit requested,Income insufficient for amount of credit requested,True,1.0,Income insufficient for amount of credit requested; Excessive obligations in relation to income; Number of bankcard accounts near their credit limit; Number of accounts opened recently,Income insufficient for amount of credit requested; Number of accounts opened recently; Number of bankcard accounts near their credit limit; Excessive obligations in relation to income
1920368,0.3072,Number of accounts opened recently,Number of accounts opened recently,True,1.0,Number of accounts opened recently; Type of residence; Income insufficient for amount of credit requested; Proportion of available revolving credit currently in use,Number of accounts opened recently; Type of residence; Income insufficient for amount of credit requested; Proportion of available revolving credit currently in use
1104352,0.4029,Number of accounts opened recently,Number of accounts opened recently,True,0.75,Number of accounts opened recently; Number of recent inquiries on credit bureau report; Amount of credit requested; Proportion of available bankcard credit currently in use,Number of accounts opened recently; Number of recent inquiries on credit bureau report; Proportion of available bankcard credit currently in use; Number of bankcard accounts near their credit limit
874045,0.4704,Purpose of the credit requested,Purpose of the credit requested,True,0.75,Purpose of the credit requested; Proportion of available bankcard credit currently in use; Income insufficient for amount of credit requested; Amount of revolving credit available,Purpose of the credit requested; Proportion of available bankcard credit currently in use; Amount of revolving credit available; Excessive obligations in relation to income
1095657,0.6483,Number of accounts opened recently,Number of accounts opened recently,True,1.0,Number of accounts opened recently; Excessive obligations in relation to income; Income insufficient for amount of credit requested; Recency of inquiries on credit bureau report,Number of accounts opened recently; Income insufficient for amount of credit requested; Excessive obligations in relation to income; Recency of inquiries on credit bureau report
1162110,0.3022,Number of accounts opened recently,Number of accounts opened recently,True,0.75,Number of accounts opened recently; Recency of inquiries on credit bureau report; Excessive obligations in relation to income; Number of recent inquiries on credit bureau report,Number of accounts opened recently; Recency of inquiries on credit bureau report; Amount of credit requested; Number of recent inquiries on credit bureau report
478226,0.583,Number of accounts opened recently,Number of accounts opened recently,True,1.0,Number of accounts opened recently; Number of recent inquiries on credit bureau report; Amount of revolving credit available; Income insufficient for amount of credit requested,Number of accounts opened recently; Number of recent inquiries on credit bureau report; Amount of revolving credit available; Income insufficient for amount of credit requested
355750,0.4932,Number of accounts opened recently,Number of accounts opened recently,True,1.0,Number of accounts opened recently; Recency of inquiries on credit bureau report; Income insufficient for amount of credit requested; Number of bankcard accounts near their credit limit,Number of accounts opened recently; Recency of inquiries on credit bureau report; Income insufficient for amount of credit requested; Number of bankcard accounts near their credit limit
1951663,0.3082,Number of accounts opened recently,Number of accounts opened recently,True,0.75,Number of accounts opened recently; Amount of credit requested; Purpose of the credit requested; Number of bankcard accounts near their credit limit,Number of accounts opened recently; Purpose of the credit requested; Proportion of available revolving credit currently in use; Number of bankcard accounts near their credit limit
215342,0.3283,Income insufficient for amount of credit requested,Income insufficient for amount of credit requested,True,1.0,Income insufficient for amount of credit requested; Proportion of available bankcard credit currently in use; Number of bankcard accounts near their credit limit; Amount of credit requested,Income insufficient for amount of credit requested; Proportion of available bankcard credit currently in use; Amount of credit requested; Number of bankcard accounts near their credit limit
987042,0.4585,Income insufficient for amount of credit requested,Delinquent past or present credit obligations with others,False,1.0,Income insufficient for amount of credit requested; Amount of revolving credit available; Number of bankcard accounts near their credit limit; Delinquent past or present credit obligations with others,Delinquent past or present credit obligations with others; Amount of revolving credit available; Income insufficient for amount of credit requested; Number of bankcard accounts near their credit limit
418643,0.4123,Proportion of available bankcard credit currently in use,Proportion of available bankcard credit currently in use,True,0.75,Proportion of available bankcard credit currently in use; Number of accounts opened recently; Income insufficient for amount of credit requested; Type of residence,Proportion of available bankcard credit currently in use; Number of accounts opened recently; Type of residence; Number of bankcard accounts near their credit limit
169982,0.6474,Number of accounts opened recently,Number of accounts opened recently,True,0.75,Number of accounts opened recently; Income insufficient for amount of credit requested; Recency of inquiries on credit bureau report; Number of recent inquiries on credit bureau report,Number of accounts opened recently; Income insufficient for amount of credit requested; Recency of inquiries on credit bureau report; Purpose of the credit requested
1487385,0.3367,Amount of credit requested,Purpose of the credit requested,False,0.75,Amount of credit requested; Recency of inquiries on credit bureau report; Purpose of the credit requested; Number of recent inquiries on credit bureau report,Purpose of the credit requested; Recency of inquiries on credit bureau report; Number of accounts opened recently; Number of recent inquiries on credit bureau report
62904,0.3318,Number of accounts opened recently,Number of accounts opened recently,True,0.5,Number of accounts opened recently; Number of bankcard accounts near their credit limit; Excessive obligations in relation to income; Proportion of available revolving credit currently in use,Number of accounts opened recently; Amount of credit requested; Number of bankcard accounts near their credit limit; Unable to verify income
50269,0.472,Type of residence,Number of accounts opened recently,False,1.0,Type of residence; Excessive obligations in relation to income; Number of accounts opened recently; Number of bankcard accounts near their credit limit,Number of accounts opened recently; Type of residence; Excessive obligations in relation to income; Number of bankcard accounts near their credit limit
1669565,0.4165,Number of accounts opened recently,Number of accounts opened recently,True,1.0,Number of accounts opened recently; Type of residence; Excessive obligations in relation to income; Income insufficient for amount of credit requested,Number of accounts opened recently; Income insufficient for amount of credit requested; Type of residence; Excessive obligations in relation to income
381735,0.3137,Income insufficient for amount of credit requested,Income insufficient for amount of credit requested,True,1.0,Income insufficient for amount of credit requested; Excessive obligations in relation to income; Number of bankcard accounts near their credit limit; Number of accounts opened recently,Income insufficient for amount of credit requested; Number of accounts opened recently; Excessive obligations in relation to income; Number of bankcard accounts near their credit limit
1098430,0.3514,Income insufficient for amount of credit requested,Income insufficient for amount of credit requested,True,1.0,Income insufficient for amount of credit requested; Proportion of available bankcard credit currently in use; Amount of revolving credit available; Recency of inquiries on credit bureau report,Income insufficient for amount of credit requested; Recency of inquiries on credit bureau report; Proportion of available bankcard credit currently in use; Amount of revolving credit available
574754,0.4378,Income insufficient for amount of credit requested,Income insufficient for amount of credit requested,True,0.75,Income insufficient for amount of credit requested; Excessive obligations in relation to income; Amount of credit requested; Amount of revolving credit available,Income insufficient for amount of credit requested; Excessive obligations in relation to income; Unable to verify income; Amount of revolving credit available
1144694,0.3293,Number of bankcard accounts near their credit limit,Number of accounts opened recently,False,0.75,Number of bankcard accounts near their credit limit; Income insufficient for amount of credit requested; Excessive obligations in relation to income; Number of recent inquiries on credit bureau report,Number of accounts opened recently; Number of bankcard accounts near their credit limit; Income insufficient for amount of credit requested; Number of recent inquiries on credit bureau report
107870,0.3745,Number of accounts opened recently,Number of accounts opened recently,True,0.75,Number of accounts opened recently; Recency of inquiries on credit bureau report; Number of bankcard accounts near their credit limit; Excessive obligations in relation to income,Number of accounts opened recently; Recency of inquiries on credit bureau report; Number of bankcard accounts near their credit limit; Unable to verify income
915572,0.3145,Income insufficient for amount of credit requested,Income insufficient for amount of credit requested,True,0.75,Income insufficient for amount of credit requested; Number of accounts opened recently; Amount of credit requested; Excessive obligations in relation to income,Income insufficient for amount of credit requested; Number of accounts opened recently; Excessive obligations in relation to income; Unable to verify income
305304,0.3176,Number of accounts opened recently,Number of accounts opened recently,True,0.75,Number of accounts opened recently; Delinquent past or present credit obligations with others; Number of bankcard accounts near their credit limit; Recency of inquiries on credit bureau report,Number of accounts opened recently; Recency of inquiries on credit bureau report; Purpose of the credit requested; Delinquent past or present credit obligations with others
863985,0.3018,Number of bankcard accounts near their credit limit,Number of accounts opened recently,False,0.75,Number of bankcard accounts near their credit limit; Income insufficient for amount of credit requested; Type of residence; Number of accounts opened recently,Number of accounts opened recently; Number of bankcard accounts near their credit limit; Type of residence; Proportion of available bankcard credit currently in use
48896,0.392,Income insufficient for amount of credit requested,Income insufficient for amount of credit requested,True,0.75,Income insufficient for amount of credit requested; Excessive obligations in relation to income; Type of residence; Recency of inquiries on credit bureau report,Income insufficient for amount of credit requested; Recency of inquiries on credit bureau report; Excessive obligations in relation to income; Unable to verify income
2040652,0.3358,Number of accounts opened recently,Number of accounts opened recently,True,0.75,Number of accounts opened recently; Excessive obligations in relation to income; Income insufficient for amount of credit requested; Recency of inquiries on credit bureau report,Number of accounts opened recently; Excessive obligations in relation to income; Recency of inquiries on credit bureau report; Recency of a serious derogatory credit item
1641892,0.3601,Proportion of available revolving credit currently in use,Proportion of available revolving credit currently in use,True,1.0,Proportion of available revolving credit currently in use; Income insufficient for amount of credit requested; Type of residence; Proportion of available bankcard credit currently in use,Proportion of available revolving credit currently in use; Income insufficient for amount of credit requested; Type of residence; Proportion of available bankcard credit currently in use
1171575,0.7161,Number of accounts opened recently,Number of accounts opened recently,True,0.75,Number of accounts opened recently; Type of residence; Recency of inquiries on credit bureau report; Number of recent inquiries on credit bureau report,Number of accounts opened recently; Amount of credit requested; Recency of inquiries on credit bureau report; Type of residence
1913571,0.5634,Income insufficient for amount of credit requested,Income insufficient for amount of credit requested,True,0.5,Income insufficient for amount of credit requested; Type of residence; Excessive obligations in relation to income; Amount of credit requested,Income insufficient for amount of credit requested; Number of accounts opened recently; Number of bankcard accounts near their credit limit; Amount of credit requested
352759,0.4288,Number of accounts opened recently,Number of accounts opened recently,True,0.75,Number of accounts opened recently; Excessive obligations in relation to income; Recency of inquiries on credit bureau report; Income insufficient for amount of credit requested,Number of accounts opened recently; Excessive obligations in relation to income; Recency of inquiries on credit bureau report; Number of bankcard accounts near their credit limit
1788411,0.3311,Excessive obligations in relation to income,Number of accounts opened recently,False,0.75,Excessive obligations in relation to income; Number of bankcard accounts near their credit limit; Type of residence; Proportion of available revolving credit currently in use,Number of accounts opened recently; Excessive obligations in relation to income; Number of bankcard accounts near their credit limit; Type of residence
